"23,18,14,0,1,13",12,"14,0,1,13",0.37,4
"15,18,29,17,15,33,18,0",20,"29,17,15,33,18,0",0.348,5
"18,20,27,21,0,15,4,16",17,"0,15,4,16",0.057,5
"22,15,0",4,"22,15,0",0.213,5
"23,15,0",25,"15,0",0.338,6
"33,3,15,0",13,"3,15,0",0.253,6
"23,18,14,0,1,13",13,"14,0,1,13",0.162,6
"28,33,2,10,11,17,14",8,"2,10,11,17,14",0.095,6
"18,20,15,0,18,20",8,"15,0,18,20",0.247,6
"18,3,15,0",17,"3,15,0",0.014,6
"0,3",23,"0,3",0.21,6
"0,23",22,nan,0.081,7
"18,3,15,0",8,"3,15,0",0.108,7
"25,24,22,23,3,0",13,"3,0",0.337,7
"18,20,15,0,18,20",21,"15,0,18,20",0.341,7
"3,15,0",6,0,0.231,7
"18,20,15,0,18,20",23,"15,0,18,20",0.067,7
"23,15,0,6",22,15,0.159,7
"15,0",11,"15,0",0.168,7
"14,23,0,15",1,"14,0,15",0.328,8
"22,15,0",20,"22,15,0",0.252,8
"0,23",24,nan,0.012,8
"22,15,0",1,"22,15,0",0.384,8
"11,23,33,0",10,"11,0",0.167,8
"15,0",24,"15,0",0.152,8
"25,24,22,23,3,0",25,"3,0",0.05,8
"0,3",21,"0,3",0.043,8
"0,3",1,"0,3",0.029,8
"15,0",6,"15,0",0.224,8
"0,3",13,"0,3",0.129,8
"15,0",19,"15,0",0.03,8
"15,4,0,2,17",19,nan,0.383,9
"28,33,2,10,11,17,14",7,"2,10,11,17,14",0.221,9
"18,20,0,15,3",13,"0,15,3",0.258,9
"18,20,27,21,0,15,4,16",10,"0,15,4,16",0.177,9
"18,20,15,0,18,20",16,"15,0,18,20",0.146,9
"15,0",11,"15,0",0.103,9
"18,3,15,0",1,"3,15,0",0.328,10
"15,0",17,"15,0",0.394,10
"33,3,15,0",7,"3,15,0",0.352,10
"28,33,2,10,11,17,14",12,"2,10,11,17,14",0.153,10
"18,20,27,21,33,15,4,3",13,"15,4,3",0.079,10
"18,20,0,15,3",20,"0,15,3",0.279,10
"2,14,13,11",25,"2,14,13,11",0.364,10
"23,15,0,6",16,15,0.266,10
"0,3",11,"0,3",0.253,10
"18,20,15,0,18,20",19,"15,0,18,20",0.07,10
"28,33,2,10,11,17,14",12,"2,10,11,17,14",0.263,10
"18,20,0",17,0,0.324,10
"23,15,0,6",1,15,0.338,10
"23,15,0,6",12,15,0.027,10
"33,3,15,0",19,"3,15,0",0.116,11
"23,15,0",17,"15,0",0.19,11
"0,23",3,nan,0.213,11
"18,23,15,0,17",15,"15,0,17",0.295,11
"23,15,0,6",15,15,0.111,11
"18,20,15,0,18,20",23,"15,0,18,20",0.113,11
"18,20,27,21,0,15,4,16",22,"0,15,4,16",0.191,11
"18,20,0,15,3",5,"0,15,3",0.045,11
"18,20,27,21,0,15,4,16",15,"0,15,4,16",0.305,11
"0,23",23,nan,0.123,11
"28,33,2,10,11,17,14",4,"2,10,11,17,14",0.32,11
"0,23",25,nan,0.313,11
"15,18,29,17,15,33,18,0",25,"29,17,15,33,18,0",0.338,11
"18,20,15,0,18,20",5,"15,0,18,20",0.14,12
"18,20,0,15,3",25,"0,15,3",0.215,12
"0,23",25,nan,0.137,12
"33,3,15,0",15,"3,15,0",0.156,12
"15,18,29,17,15,33,18,0",9,"29,17,15,33,18,0",0.047,12
"33,3,15,0",9,"3,15,0",0.021,12
"18,23,15,0,17",19,"15,0,17",0.029,12
"23,15,0",14,"15,0",0.304,12
"0,23",16,nan,0.071,12
"18,20,15,0,18,20",19,"15,0,18,20",0.141,13
"15,4,0,2,17",8,nan,0.267,13
"28,33,2,10,11,17,14",24,"2,10,11,17,14",0.372,13
"22,15,0",5,"22,15,0",0.124,13
"11,23,33,0",20,"11,0",0.344,13
"15,4,0,2,17",18,nan,0.176,13
"15,4,0,2,17",19,nan,0.271,13
"15,4,0,2,17",10,nan,0.027,14
"15,4,0,2,17",6,nan,0.146,14
"23,18,14,0,1,13",19,"14,0,1,13",0.159,14
"11,23,33,0",23,"11,0",0.243,14
"23,15,0,6",13,15,0.051,14
"15,0",5,"15,0",0.095,14
"0,23",7,nan,0.005,14
"18,20,27,21,0,15,4,16",12,"0,15,4,16",0.134,14
"18,20,15,0,18,20",8,"15,0,18,20",0.029,14
"21,3,0",12,"21,3,0",0.29,15
"14,23,0,15",18,"14,0,15",0.081,15
"23,15,0",19,"15,0",0.043,15
"18,20,15,0,18,20",8,"15,0,18,20",0.35,15
"25,24,22,23,3,0",13,"3,0",0.37,15
"33,3,15,0",25,"3,15,0",0.319,16
"33,3,15,0",6,"3,15,0",0.367,16
"23,15,0",7,"15,0",0.261,16
"0,3",23,"0,3",0.088,16
"18,20,27,21,0,15,4,16",22,"0,15,4,16",0.332,16
"22,15,0",14,"22,15,0",0.139,20
"3,15,0",23,0,0.253,24
"14,23,0,15",9,"14,0,15",0.062,24
"18,20,0,15,3",17,"0,15,3",0.177,25
"23,18,14,0,1,13",25,"14,0,1,13",0.097,25
"0,3",25,"0,3",0.374,25
"23,15,0",9,"15,0",0.296,25
"23,0,15,1",4,0,0.055,26
"15,0",25,"15,0",0.121,26
"18,20,27,21,0,15,4,16",21,"0,15,4,16",0.001,26
"23,0,15,1",14,0,0.112,26
"21,3,0",4,"21,3,0",0.095,26
"15,0",18,"15,0",0.197,26
"18,20,27,21,33,15,4,3",8,"15,4,3",0.389,26
"18,20,27,21,0,15,4,16",20,"0,15,4,16",0.171,26
"15,0",18,"15,0",0.369,26
"0,3",13,"0,3",0.194,26
"0,3",18,"0,3",0.213,27
"18,3,15,0",1,"3,15,0",0.057,27
"18,20,0,15,3",20,"0,15,3",0.131,27
"23,15,0,6",5,15,0.079,27
"15,0",16,"15,0",0.299,27
"0,23",15,nan,0.393,27
"11,23,33,0",13,"11,0",0.377,27
"25,24,22,23,3,0",22,"3,0",0.014,27
"25,24,22,23,3,0",24,"3,0",0.092,27
"0,3",3,"0,3",0.107,27
"15,0",4,"15,0",0.306,27
"15,0",4,"15,0",0.14,28
"23,15,0,6",10,15,0.005,28
"28,33,2,10,11,17,14",20,"2,10,11,17,14",0.242,28
"18,20,27,21,33,15,4,3",3,"15,4,3",0.261,28
"22,15,0",4,"22,15,0",0.035,28
"23,0,15,1",18,0,0.116,28
"18,20,0",5,0,0.007,28
"15,4,0,2,17",23,nan,0.232,28
"0,3",3,"0,3",0.104,28
"15,0",14,"15,0",0.225,28
"15,3,18,19,21,17,0",23,"15,17,0",0.21,28
"11,23,33,0",23,"11,0",0.075,28
"18,20,0,15,3",7,"0,15,3",0.239,28
"33,3,15,0",7,"3,15,0",0.344,28
"15,0",14,"15,0",0.011,29
"18,20,15,0,18,20",21,"15,0,18,20",0.237,29
"18,20,15,0,18,20",25,"15,0,18,20",0.343,29
"18,20,0",9,0,0.279,29
"18,3,15,0",1,"3,15,0",0.223,29
"23,18,14,0,1,13",19,"14,0,1,13",0.004,29
"0,23",22,nan,0.322,29
"33,3,15,0",21,"3,15,0",0.306,29
"15,0",22,"15,0",0.021,29
"0,3",11,"0,3",0.039,30
"18,23,15,0,17",3,"15,0,17",0.368,30
"2,14,13,11",12,"2,14,13,11",0.369,30
"2,14,13,11",23,"2,14,13,11",0.173,30
"11,23,33,0",21,"11,0",0.278,30
"18,20,15,0,18,20",17,"15,0,18,20",0.056,30
"25,24,22,23,3,0",23,"3,0",0.107,30
"12,0,23,33",5,nan,0.1,30
"12,0,23,33",2,nan,0.36,30
"15,18,29,17,15,33,18,0",20,"29,17,15,33,18,0",0.159,30
"18,20,0",7,0,0.085,31
"11,23,33,0",19,"11,0",0.322,31
"25,24,22,23,3,0",4,"3,0",0.216,31
"18,3,15,0",15,"3,15,0",0.115,31
"23,0,15,1",17,0,0.094,31
"18,20,27,21,0,15,4,16",3,"0,15,4,16",0.072,31
"18,20,27,21,33,15,4,3",2,"15,4,3",0.176,31
"23,0,15,1",11,0,0.116,31
"0,3",17,"0,3",0.366,31
"18,20,27,21,33,15,4,3",10,"15,4,3",0.325,31
"15,0",8,"15,0",0.176,31
"33,3,15,0",9,"3,15,0",0.011,32
"18,20,0",20,0,0.169,32
"21,3,0",12,"21,3,0",0.399,32
"18,20,15,0,18,20",3,"15,0,18,20",0.271,32
"11,23,33,0",1,"11,0",0.188,32
"33,3,15,0",10,"3,15,0",0.148,32
"0,23",21,nan,0.297,32
"15,0",22,"15,0",0.395,32
"15,0",17,"15,0",0.046,33
"23,0,15,1",14,0,0.02,33
"0,3",16,"0,3",0.377,33
"15,0",2,"15,0",0.019,33
"15,0",12,"15,0",0.322,34
"23,15,0",20,"15,0",0.143,34
"23,15,0,6",11,15,0.173,34
"18,20,15,0,18,20",16,"15,0,18,20",0.208,34
"21,3,0",5,"21,3,0",0.005,35
"18,23,15,0,17",6,"15,0,17",0.333,35
"0,3",19,"0,3",0.011,35
"15,4,0,2,17",10,nan,0.008,36
"18,20,15,0,18,20",20,"15,0,18,20",0.26,36
"11,23,33,0",14,"11,0",0.106,36
"23,15,0,6",13,15,0.392,36
"12,0,23,33",5,nan,0.349,36
"0,23",10,nan,0.057,37
"18,20,27,21,0,15,4,16",25,"0,15,4,16",0.003,38
"23,0,15,1",17,0,0.101,38
"15,18,29,17,15,33,18,0",3,"29,17,15,33,18,0",0.134,40
"15,0",18,"15,0",0.184,43
"15,0",23,"15,0",0.122,43
"18,20,0",2,0,0.399,43
"18,20,15,0,18,20",13,"15,0,18,20",0.04,44
"14,23,0,15",13,"14,0,15",0.273,44
"0,23",18,nan,0.142,45
"18,20,15,0,18,20",6,"15,0,18,20",0.239,45
"12,0,23,33",3,nan,0.216,45
"15,18,29,17,15,33,18,0",5,"29,17,15,33,18,0",0.072,45
"15,0",14,"15,0",0.269,45
"33,3,15,0",25,"3,15,0",0.127,46
"18,3,15,0",13,"3,15,0",0.195,46
"15,18,29,17,15,33,18,0",14,"29,17,15,33,18,0",0.047,46
"0,23",9,nan,0.37,46
"15,3,18,19,21,17,0",7,"15,17,0",0.273,46
"15,3,18,19,21,17,0",8,"15,17,0",0.038,46
"25,24,22,23,3,0",17,"3,0",0.068,47
"18,20,0,15,3",8,"0,15,3",0.102,47
"18,20,0,15,3",20,"0,15,3",0.31,47
"23,15,0,6",23,15,0.04,48
"22,15,0",25,"22,15,0",0.187,48
"18,20,0",1,0,0.206,48
"18,23,15,0,17",8,"15,0,17",0.338,48
"23,18,14,0,1,13",1,"14,0,1,13",0.112,48
"18,20,0",8,0,0.005,48
"11,23,33,0",24,"11,0",0.323,48
"14,23,0,15",7,"14,0,15",0.006,48
"23,18,14,0,1,13",23,"14,0,1,13",0.282,48
"18,3,15,0",10,"3,15,0",0.219,48
"18,20,15,0,18,20",12,"15,0,18,20",0.018,49
"15,0",5,"15,0",0.367,49
"15,4,0,2,17",4,nan,0.168,49
"11,23,33,0",16,"11,0",0.16,49
"15,0",20,"15,0",0.244,49
"18,20,27,21,33,15,4,3",10,"15,4,3",0.095,49
"18,20,0,15,3",19,"0,15,3",0.009,49
"18,20,27,21,33,15,4,3",20,"15,4,3",0.269,49
"22,15,0",10,"22,15,0",0.212,49
"15,4,0,2,17",7,nan,0.152,49
"18,20,0",19,0,0.194,50
"25,24,22,23,3,0",17,"3,0",0.299,50
"18,20,27,21,33,15,4,3",23,"15,4,3",0.373,50
"0,23",14,nan,0.107,50
"18,23,15,0,17",23,"15,0,17",0.275,50
"18,20,15,0,18,20",24,"15,0,18,20",0.215,50
"14,23,0,15",24,"14,0,15",0.138,50
"18,20,27,21,33,15,4,3",19,"15,4,3",0.041,50
"0,23",14,nan,0.365,50
"18,20,0",24,0,0.172,50
"0,3",4,"0,3",0.054,50
"15,3,18,19,21,17,0",6,"15,17,0",0.052,50
"23,18,14,0,1,13",6,"14,0,1,13",0.314,50
"0,3",17,"0,3",0.082,50
"23,15,0",16,"15,0",0.308,50
"23,15,0",14,"15,0",0.352,51
"11,23,33,0",11,"11,0",0.106,51
"18,20,27,21,0,15,4,16",24,"0,15,4,16",0.166,51
"0,3",13,"0,3",0.063,51
"15,4,0,2,17",4,nan,0.183,51
"3,15,0",6,0,0.059,51
"0,23",8,nan,0.185,51
"22,15,0",15,"22,15,0",0.241,51
"2,14,13,11",6,"2,14,13,11",0.078,51
"18,3,15,0",24,"3,15,0",0.17,51
"18,20,27,21,33,15,4,3",16,"15,4,3",0.262,51
"18,20,27,21,33,15,4,3",22,"15,4,3",0.265,51
"18,20,0",4,0,0.111,51
"14,23,0,15",13,"14,0,15",0.229,52
"0,3",15,"0,3",0.025,52
"12,0,23,33",20,nan,0.043,52
"15,18,29,17,15,33,18,0",17,"29,17,15,33,18,0",0.03,52
"18,20,0",12,0,0.172,52
"21,3,0",18,"21,3,0",0.136,52
"0,3",13,"0,3",0.296,53
"21,3,0",1,"21,3,0",0.278,53
"0,3",19,"0,3",0.246,53
"21,3,0",9,"21,3,0",0.253,53
"12,0,23,33",12,nan,0.018,53
"15,18,29,17,15,33,18,0",15,"29,17,15,33,18,0",0.192,53
"25,24,22,23,3,0",17,"3,0",0.237,53
"25,24,22,23,3,0",6,"3,0",0.103,53
"18,20,0,15,3",20,"0,15,3",0.184,53
"25,24,22,23,3,0",8,"3,0",0.301,53
"18,23,15,0,17",23,"15,0,17",0.263,53
"12,0,23,33",16,nan,0.34,54
"21,3,0",1,"21,3,0",0.055,54
"18,3,15,0",21,"3,15,0",0.384,54
"3,15,0",19,0,0.038,54
"18,20,15,0,18,20",4,"15,0,18,20",0.129,54
"0,23",13,nan,0.254,54
"15,3,18,19,21,17,0",15,"15,17,0",0.356,54
"11,23,33,0",24,"11,0",0.111,54
"23,18,14,0,1,13",16,"14,0,1,13",0.328,54
"15,3,18,19,21,17,0",24,"15,17,0",0.146,54
"0,3",7,"0,3",0.048,54
"18,3,15,0",2,"3,15,0",0.137,55
"18,20,15,0,18,20",24,"15,0,18,20",0.079,56
"14,23,0,15",10,"14,0,15",0.367,56
"11,23,33,0",3,"11,0",0.342,57
"18,23,15,0,17",25,"15,0,17",0.199,58
"0,3",6,"0,3",0.154,58
"23,18,14,0,1,13",22,"14,0,1,13",0.369,63
"15,3,18,19,21,17,0",18,"15,17,0",0.344,64
"11,23,33,0",9,"11,0",0.015,64
"2,14,13,11",6,"2,14,13,11",0.198,64
"18,20,15,0,18,20",2,"15,0,18,20",0.31,66
"22,15,0",20,"22,15,0",0.273,66
"18,20,0",16,0,0.079,66
"15,0",23,"15,0",0.335,66
"2,14,13,11",6,"2,14,13,11",0.189,66
"0,23",2,nan,0.255,66
"23,15,0",19,"15,0",0.332,67
"23,15,0,6",24,15,0.064,67
"11,23,33,0",25,"11,0",0.21,67
"15,3,18,19,21,17,0",2,"15,17,0",0.351,67
"15,3,18,19,21,17,0",5,"15,17,0",0.024,67
"21,3,0",11,"21,3,0",0.284,67
"23,0,15,1",7,0,0.129,67
"18,3,15,0",1,"3,15,0",0.049,67
"18,20,27,21,0,15,4,16",25,"0,15,4,16",0.231,67
"3,15,0",25,0,0.077,67
"25,24,22,23,3,0",23,"3,0",0.368,67
"14,23,0,15",12,"14,0,15",0.097,67
"15,3,18,19,21,17,0",25,"15,17,0",0.385,68
"23,15,0,6",21,15,0.283,68
"23,15,0,6",25,15,0.351,68
"21,3,0",14,"21,3,0",0.17,68
"15,0",13,"15,0",0.305,68
"3,15,0",4,0,0.038,68
"23,15,0",4,"15,0",0.224,68
"14,23,0,15",24,"14,0,15",0.016,68
"18,20,27,21,0,15,4,16",16,"0,15,4,16",0.079,68
"23,15,0",6,"15,0",0.067,68
"28,33,2,10,11,17,14",24,"2,10,11,17,14",0.114,68
"18,20,15,0,18,20",7,"15,0,18,20",0.338,68
"25,24,22,23,3,0",13,"3,0",0.211,68
"28,33,2,10,11,17,14",23,"2,10,11,17,14",0.005,68
"22,15,0",1,"22,15,0",0.222,68
"11,23,33,0",15,"11,0",0.073,68
"0,23",15,nan,0.253,69
"14,23,0,15",19,"14,0,15",0.264,69
"18,23,15,0,17",8,"15,0,17",0.151,69
"18,20,27,21,0,15,4,16",13,"0,15,4,16",0.28,69
"0,3",6,"0,3",0.043,69
"23,15,0",5,"15,0",0.261,69
"2,14,13,11",12,"2,14,13,11",0.387,69
"15,4,0,2,17",7,nan,0.367,69
"3,15,0",11,0,0.111,69
"18,20,0",8,0,0.122,69
"0,3",18,"0,3",0.381,70
"0,3",7,"0,3",0.314,70
"18,23,15,0,17",2,"15,0,17",0.178,70
"18,3,15,0",24,"3,15,0",0.383,70
"18,20,0",24,0,0.118,70
"11,23,33,0",6,"11,0",0.126,70
"33,3,15,0",1,"3,15,0",0.275,70
"15,4,0,2,17",12,nan,0.103,70
"25,24,22,23,3,0",24,"3,0",0.311,70
"33,3,15,0",16,"3,15,0",0.212,70
"3,15,0",17,0,0.283,70
"15,18,29,17,15,33,18,0",15,"29,17,15,33,18,0",0.327,71
"23,18,14,0,1,13",19,"14,0,1,13",0.116,71
"18,20,0",2,0,0.21,71
"18,23,15,0,17",4,"15,0,17",0.306,71
"15,4,0,2,17",18,nan,0.282,71
"18,20,0,15,3",4,"0,15,3",0.243,71
"25,24,22,23,3,0",5,"3,0",0.196,71
"18,23,15,0,17",18,"15,0,17",0.202,71
"15,0",11,"15,0",0.301,71
"22,15,0",11,"22,15,0",0.145,72
"33,3,15,0",25,"3,15,0",0.142,72
"25,24,22,23,3,0",11,"3,0",0.306,72
"25,24,22,23,3,0",16,"3,0",0.021,72
"0,3",11,"0,3",0.254,72
"14,23,0,15",13,"14,0,15",0.326,72
"0,3",19,"0,3",0.329,72
"18,20,0",12,0,0.097,72
"3,15,0",3,0,0.385,72
"23,15,0",25,"15,0",0.323,72
"15,4,0,2,17",6,nan,0.192,72
"23,0,15,1",17,0,0.027,72
"23,18,14,0,1,13",6,"14,0,1,13",0.222,72
"33,3,15,0",23,"3,15,0",0.225,72
"23,18,14,0,1,13",19,"14,0,1,13",0.369,72
"15,0",8,"15,0",0.39,73
"14,23,0,15",25,"14,0,15",0.049,73
"18,20,0",19,0,0.235,73
"18,20,15,0,18,20",2,"15,0,18,20",0.101,73
"18,3,15,0",18,"3,15,0",0.132,73
"18,3,15,0",6,"3,15,0",0.095,73
"15,0",18,"15,0",0.331,73
"15,18,29,17,15,33,18,0",14,"29,17,15,33,18,0",0.003,73
"23,18,14,0,1,13",11,"14,0,1,13",0.114,73
"15,3,18,19,21,17,0",6,"15,17,0",0.02,74
"0,3",17,"0,3",0.344,74
"18,23,15,0,17",19,"15,0,17",0.201,74
"18,20,0",20,0,0.142,74
"18,23,15,0,17",16,"15,0,17",0.007,75
"15,3,18,19,21,17,0",10,"15,17,0",0.294,76
"0,23",10,nan,0.334,76
"11,23,33,0",2,"11,0",0.336,80
"15,4,0,2,17",6,nan,0.1,84
"11,23,33,0",8,"11,0",0.263,84
"11,23,33,0",22,"11,0",0.041,84
"18,20,0",11,0,0.173,85
"23,18,14,0,1,13",24,"14,0,1,13",0.346,85
"23,18,14,0,1,13",12,"14,0,1,13",0.2,85
"18,20,0,15,3",2,"0,15,3",0.369,85
"21,3,0",10,"21,3,0",0.385,86
"28,33,2,10,11,17,14",3,"2,10,11,17,14",0.103,86
"22,15,0",21,"22,15,0",0.156,86
"23,0,15,1",5,0,0.192,87
"25,24,22,23,3,0",20,"3,0",0.247,87
"25,24,22,23,3,0",4,"3,0",0.201,87
"0,3",7,"0,3",0.39,87
"18,3,15,0",6,"3,15,0",0.344,87
"15,0",19,"15,0",0.232,87
"12,0,23,33",5,nan,0.191,87
"23,15,0,6",23,15,0.167,87
"3,15,0",12,0,0.269,88
"18,20,27,21,0,15,4,16",10,"0,15,4,16",0.097,88
"15,4,0,2,17",24,nan,0.364,88
"3,15,0",9,0,0.137,88
"25,24,22,23,3,0",16,"3,0",0.294,88
"0,3",7,"0,3",0.333,88
"18,23,15,0,17",5,"15,0,17",0.009,88
"22,15,0",20,"22,15,0",0.268,88
"15,0",19,"15,0",0.29,88
"3,15,0",10,0,0.347,88
"18,20,0",14,0,0.37,88
"0,3",14,"0,3",0.298,88
"22,15,0",8,"22,15,0",0.385,88
"11,23,33,0",9,"11,0",0.269,89
"18,20,15,0,18,20",13,"15,0,18,20",0.145,89
"0,3",16,"0,3",0.265,89
"18,20,27,21,33,15,4,3",23,"15,4,3",0.056,89
"18,23,15,0,17",2,"15,0,17",0.235,89
"18,23,15,0,17",14,"15,0,17",0.396,89
"18,20,27,21,33,15,4,3",7,"15,4,3",0.363,89
"23,18,14,0,1,13",8,"14,0,1,13",0.11,89
"18,20,0,15,3",23,"0,15,3",0.14,89
"18,20,0",17,0,0.097,89
"18,20,27,21,0,15,4,16",4,"0,15,4,16",0.276,90
"23,15,0,6",7,15,0.167,90
"23,15,0",21,"15,0",0.312,90
"12,0,23,33",5,nan,0.153,90
"18,20,0",16,0,0.139,90
"21,3,0",24,"21,3,0",0.111,90
"33,3,15,0",16,"3,15,0",0.111,90
"18,3,15,0",21,"3,15,0",0.039,90
"21,3,0",19,"21,3,0",0.083,90
"2,14,13,11",2,"2,14,13,11",0.365,90
"22,15,0",4,"22,15,0",0.303,90
"2,14,13,11",17,"2,14,13,11",0.075,90
"0,3",24,"0,3",0.011,90
"23,0,15,1",25,0,0.114,90
"12,0,23,33",14,nan,0.276,90
"15,0",14,"15,0",0.263,90
"33,3,15,0",25,"3,15,0",0.329,90
"14,23,0,15",5,"14,0,15",0.178,90
"0,23",1,nan,0.393,90
"23,0,15,1",24,0,0.083,91
"15,3,18,19,21,17,0",16,"15,17,0",0.388,91
"2,14,13,11",25,"2,14,13,11",0.283,91
"15,4,0,2,17",16,nan,0.309,91
"0,3",2,"0,3",0.268,91
"23,15,0,6",13,15,0.33,91
"18,20,0",16,0,0.224,91
"3,15,0",13,0,0.064,91
"15,4,0,2,17",15,nan,0.352,91
"15,4,0,2,17",16,nan,0.296,91
"18,23,15,0,17",22,"15,0,17",0.15,91
"15,4,0,2,17",15,nan,0.382,91
"12,0,23,33",11,nan,0.105,91
"21,3,0",3,"21,3,0",0.297,91
"23,15,0",20,"15,0",0.117,92
"12,0,23,33",16,nan,0.121,92
"18,23,15,0,17",25,"15,0,17",0.379,92
"14,23,0,15",16,"14,0,15",0.165,92
"23,0,15,1",1,0,0.04,92
"11,23,33,0",22,"11,0",0.348,92
"23,0,15,1",8,0,0.178,92
"3,15,0",11,0,0.128,92
"23,15,0",21,"15,0",0.012,92
"18,20,0",18,0,0.372,92
"0,3",21,"0,3",0.305,93
"28,33,2,10,11,17,14",2,"2,10,11,17,14",0.186,93
"23,15,0",21,"15,0",0.375,93
"3,15,0",14,0,0.056,93
"0,23",25,nan,0.279,93
"18,20,0",1,0,0.295,93
"14,23,0,15",10,"14,0,15",0.166,94
"15,3,18,19,21,17,0",20,"15,17,0",0.279,94
"18,20,0,15,3",21,"0,15,3",0.211,94
"15,3,18,19,21,17,0",25,"15,17,0",0.316,95
"2,14,13,11",22,"2,14,13,11",0.092,95
"15,3,18,19,21,17,0",7,"15,17,0",0.202,95
"25,24,22,23,3,0",17,"3,0",0.377,95
"18,3,15,0",16,"3,15,0",0.103,96
"21,3,0",9,"21,3,0",0.213,97
"33,3,15,0",16,"3,15,0",0.16,97
"23,15,0",18,"15,0",0.124,104
"15,3,18,19,21,17,0",13,"15,17,0",0.09,104
"18,20,0,15,3",6,"0,15,3",0.372,105
"15,4,0,2,17",15,nan,0.365,105
"23,15,0",8,"15,0",0.033,105
"2,14,13,11",10,"2,14,13,11",0.135,105
"18,20,15,0,18,20",7,"15,0,18,20",0.244,106
"28,33,2,10,11,17,14",24,"2,10,11,17,14",0.119,106
"21,3,0",4,"21,3,0",0.325,106
"2,14,13,11",14,"2,14,13,11",0.093,106
"18,20,15,0,18,20",20,"15,0,18,20",0.342,106
"15,3,18,19,21,17,0",17,"15,17,0",0.343,106
"14,23,0,15",8,"14,0,15",0.08,107
"0,23",21,nan,0.111,107
"33,3,15,0",5,"3,15,0",0.386,107
"0,23",19,nan,0.027,107
"23,18,14,0,1,13",17,"14,0,1,13",0.363,107
"18,20,0,15,3",18,"0,15,3",0.263,107
"0,3",8,"0,3",0.28,107
"25,24,22,23,3,0",2,"3,0",0.336,107
"0,3",8,"0,3",0.07,107
"33,3,15,0",4,"3,15,0",0.391,107
"15,0",22,"15,0",0.015,107
"18,3,15,0",22,"3,15,0",0.105,107
"3,15,0",24,0,0.086,108
"18,20,27,21,33,15,4,3",21,"15,4,3",0.312,108
"21,3,0",2,"21,3,0",0.046,108
"21,3,0",12,"21,3,0",0.215,108
"0,23",15,nan,0.223,108
"18,20,27,21,33,15,4,3",18,"15,4,3",0.242,108
"15,3,18,19,21,17,0",12,"15,17,0",0.155,108
"18,20,0,15,3",20,"0,15,3",0.123,109
"21,3,0",13,"21,3,0",0.338,109
"15,0",9,"15,0",0.104,109
"18,20,27,21,33,15,4,3",7,"15,4,3",0.085,109
"18,23,15,0,17",10,"15,0,17",0.122,109
"23,15,0",17,"15,0",0.398,109
"23,0,15,1",25,0,0.381,109
"18,20,15,0,18,20",13,"15,0,18,20",0.188,109
"22,15,0",9,"22,15,0",0.101,109
"23,15,0,6",24,15,0.008,109
"21,3,0",13,"21,3,0",0.199,109
"18,20,27,21,0,15,4,16",17,"0,15,4,16",0.293,109
"23,0,15,1",5,0,0.128,109
"25,24,22,23,3,0",21,"3,0",0.051,109
"18,20,0",22,0,0.158,109
"18,20,0",15,0,0.075,109
"18,20,15,0,18,20",1,"15,0,18,20",0.098,109
"12,0,23,33",18,nan,0.287,109
"15,0",19,"15,0",0.261,110
"21,3,0",25,"21,3,0",0.036,110
"11,23,33,0",6,"11,0",0.234,110
"18,23,15,0,17",25,"15,0,17",0.326,110
"15,4,0,2,17",4,nan,0.258,110
"18,20,27,21,33,15,4,3",4,"15,4,3",0.016,110
"22,15,0",24,"22,15,0",0.321,110
"12,0,23,33",25,nan,0.153,110
"15,3,18,19,21,17,0",9,"15,17,0",0.002,110
"15,3,18,19,21,17,0",23,"15,17,0",0.057,110
"12,0,23,33",23,nan,0.334,110
"18,20,0",24,0,0.363,110
"0,3",14,"0,3",0.261,111
"18,23,15,0,17",23,"15,0,17",0.338,111
"15,0",3,"15,0",0.152,111
"18,20,0",12,0,0.298,111
"15,3,18,19,21,17,0",19,"15,17,0",0.103,111
"2,14,13,11",11,"2,14,13,11",0.33,111
"15,0",22,"15,0",0.4,111
"18,20,0",10,0,0.149,111
"18,23,15,0,17",18,"15,0,17",0.265,111
"21,3,0",6,"21,3,0",0.205,112
"14,23,0,15",1,"14,0,15",0.22,112
"22,15,0",5,"22,15,0",0.334,112
"18,23,15,0,17",10,"15,0,17",0.117,112
"3,15,0",9,0,0.398,112
"21,3,0",14,"21,3,0",0.23,112
"18,20,15,0,18,20",25,"15,0,18,20",0.125,112
"15,0",11,"15,0",0.23,112
"22,15,0",16,"22,15,0",0.311,112
"18,3,15,0",10,"3,15,0",0.239,112
"0,23",21,nan,0.168,112
"12,0,23,33",9,nan,0.228,113
"0,3",25,"0,3",0.045,113
"18,20,27,21,0,15,4,16",4,"0,15,4,16",0.204,113
"0,3",9,"0,3",0.139,113
"25,24,22,23,3,0",23,"3,0",0.362,113
"22,15,0",9,"22,15,0",0.216,113
"0,23",23,nan,0.338,113
"11,23,33,0",11,"11,0",0.255,114
"23,0,15,1",25,0,0.267,114
"23,0,15,1",1,0,0.393,114
"15,3,18,19,21,17,0",2,"15,17,0",0.267,114
"18,20,0",21,0,0.04,114
"15,0",6,"15,0",0.005,114
"25,24,22,23,3,0",11,"3,0",0.029,114
"0,23",11,nan,0.088,115
"23,18,14,0,1,13",14,"14,0,1,13",0.061,115
"18,20,27,21,33,15,4,3",12,"15,4,3",0.245,115
"28,33,2,10,11,17,14",6,"2,10,11,17,14",0.391,116
"28,33,2,10,11,17,14",21,"2,10,11,17,14",0.064,116
"18,20,0",12,0,0.122,123
"23,15,0",9,"15,0",0.338,124
"18,3,15,0",20,"3,15,0",0.115,124
"15,3,18,19,21,17,0",24,"15,17,0",0.127,124
"15,3,18,19,21,17,0",12,"15,17,0",0.393,124
"18,23,15,0,17",4,"15,0,17",0.2,125
"0,23",11,nan,0.238,125
"11,23,33,0",11,"11,0",0.157,125
"28,33,2,10,11,17,14",18,"2,10,11,17,14",0.355,126
"0,3",20,"0,3",0.201,126
"0,23",22,nan,0.023,126
"15,18,29,17,15,33,18,0",19,"29,17,15,33,18,0",0.168,127
"0,3",13,"0,3",0.085,127
"15,18,29,17,15,33,18,0",19,"29,17,15,33,18,0",0.226,127
"22,15,0",8,"22,15,0",0.241,127
"23,15,0,6",4,15,0.17,127
"15,4,0,2,17",10,nan,0.374,128
"0,23",14,nan,0.331,128
"0,23",10,nan,0.098,128
"23,0,15,1",25,0,0.234,128
"18,23,15,0,17",2,"15,0,17",0.226,128
"18,20,15,0,18,20",23,"15,0,18,20",0.275,128
"21,3,0",17,"21,3,0",0.032,128
"18,20,15,0,18,20",16,"15,0,18,20",0.04,128
"23,18,14,0,1,13",11,"14,0,1,13",0.354,128
"28,33,2,10,11,17,14",1,"2,10,11,17,14",0.304,128
"23,15,0",17,"15,0",0.281,128
"15,3,18,19,21,17,0",20,"15,17,0",0.348,128
"23,15,0,6",7,15,0.298,129
"18,20,27,21,33,15,4,3",20,"15,4,3",0.194,129
"15,4,0,2,17",24,nan,0.213,129
"3,15,0",20,0,0.045,129
"25,24,22,23,3,0",13,"3,0",0.244,129
"18,23,15,0,17",6,"15,0,17",0.322,129
"25,24,22,23,3,0",19,"3,0",0.025,129
"28,33,2,10,11,17,14",23,"2,10,11,17,14",0.046,129
"12,0,23,33",4,nan,0.035,129
"18,3,15,0",17,"3,15,0",0.099,129
"23,18,14,0,1,13",24,"14,0,1,13",0.146,129
"23,18,14,0,1,13",24,"14,0,1,13",0.251,129
"14,23,0,15",1,"14,0,15",0.143,129
"0,3",18,"0,3",0.2,129
"23,15,0",20,"15,0",0.31,129
"18,20,15,0,18,20",19,"15,0,18,20",0.33,129
"25,24,22,23,3,0",24,"3,0",0.226,130
"0,23",22,nan,0.373,130
"15,3,18,19,21,17,0",16,"15,17,0",0.1,130
"0,3",17,"0,3",0.072,130
"15,0",12,"15,0",0.101,130
"18,20,0",23,0,0.009,130
"23,18,14,0,1,13",2,"14,0,1,13",0.385,130
"23,0,15,1",25,0,0.34,130
"18,20,0",12,0,0.095,130
"15,0",6,"15,0",0.312,130
"18,20,27,21,0,15,4,16",7,"0,15,4,16",0.17,130
"21,3,0",3,"21,3,0",0.244,130
"0,23",16,nan,0.012,131
"25,24,22,23,3,0",13,"3,0",0.239,131
"18,20,27,21,0,15,4,16",11,"0,15,4,16",0.252,131
"12,0,23,33",8,nan,0.118,131
"33,3,15,0",4,"3,15,0",0.379,131
"28,33,2,10,11,17,14",25,"2,10,11,17,14",0.011,131
"33,3,15,0",22,"3,15,0",0.275,131
"0,23",6,nan,0.198,131
"18,23,15,0,17",7,"15,0,17",0.292,132
"18,20,27,21,33,15,4,3",18,"15,4,3",0.051,132
"15,0",2,"15,0",0.11,132
"15,0",7,"15,0",0.158,132
"18,20,0",10,0,0.399,132
"12,0,23,33",15,nan,0.098,132
"18,20,27,21,0,15,4,16",24,"0,15,4,16",0.294,132
"18,20,15,0,18,20",6,"15,0,18,20",0.066,132
"28,33,2,10,11,17,14",1,"2,10,11,17,14",0.375,133
"0,3",8,"0,3",0.035,133
"18,23,15,0,17",17,"15,0,17",0.281,133
"23,15,0,6",12,15,0.242,133
"22,15,0",21,"22,15,0",0.09,133
"23,0,15,1",4,0,0.362,133
"3,15,0",22,0,0.371,133
"0,3",13,"0,3",0.057,133
"23,15,0",18,"15,0",0.214,134
"3,15,0",17,0,0.095,134
"15,0",15,"15,0",0.36,134
"12,0,23,33",23,nan,0.181,134
"0,3",2,"0,3",0.219,134
"12,0,23,33",5,nan,0.223,134
"15,18,29,17,15,33,18,0",5,"29,17,15,33,18,0",0.149,134
"18,23,15,0,17",15,"15,0,17",0.321,134
"15,0",8,"15,0",0.211,135
"18,20,27,21,33,15,4,3",22,"15,4,3",0.053,135
"18,20,0",8,0,0.025,135
"3,15,0",22,0,0.129,136
"18,3,15,0",2,"3,15,0",0.06,136
"18,20,0",12,0,0.305,136
"33,3,15,0",3,"3,15,0",0.299,137
"33,3,15,0",2,"3,15,0",0.111,137
"12,0,23,33",9,nan,0.095,138
"18,20,0,15,3",7,"0,15,3",0.251,138
"33,3,15,0",25,"3,15,0",0.127,139
"23,0,15,1",12,0,0.164,139
"25,24,22,23,3,0",1,"3,0",0.052,143
"15,0",18,"15,0",0.212,144
"12,0,23,33",24,nan,0.173,144
"15,0",8,"15,0",0.347,144
"0,3",12,"0,3",0.27,144
"0,23",24,nan,0.284,144
"12,0,23,33",13,nan,0.184,145
"18,20,15,0,18,20",15,"15,0,18,20",0.017,145
"28,33,2,10,11,17,14",8,"2,10,11,17,14",0.221,145
"28,33,2,10,11,17,14",15,"2,10,11,17,14",0.34,146
"18,20,27,21,0,15,4,16",16,"0,15,4,16",0.111,146
"18,20,0",24,0,0.041,146
"11,23,33,0",2,"11,0",0.166,146
"15,18,29,17,15,33,18,0",8,"29,17,15,33,18,0",0.264,146
"0,3",3,"0,3",0.368,146
"18,20,15,0,18,20",14,"15,0,18,20",0.033,146
"12,0,23,33",14,nan,0.089,146
"18,20,0",20,0,0.144,146
"15,3,18,19,21,17,0",18,"15,17,0",0.022,146
"15,4,0,2,17",6,nan,0.143,147
"18,20,0,15,3",6,"0,15,3",0.378,147
"15,18,29,17,15,33,18,0",3,"29,17,15,33,18,0",0.161,147
"23,0,15,1",14,0,0.044,147
"15,4,0,2,17",23,nan,0.183,147
"18,20,27,21,33,15,4,3",16,"15,4,3",0.389,147
"18,20,27,21,33,15,4,3",4,"15,4,3",0.204,147
"33,3,15,0",24,"3,15,0",0.366,148
"25,24,22,23,3,0",24,"3,0",0.371,148
"18,20,27,21,33,15,4,3",25,"15,4,3",0.135,148
"2,14,13,11",3,"2,14,13,11",0.295,148
"23,18,14,0,1,13",6,"14,0,1,13",0.175,148
"0,23",5,nan,0.376,148
"15,4,0,2,17",20,nan,0.084,148
"33,3,15,0",23,"3,15,0",0.207,148
"15,0",21,"15,0",0.346,148
"23,15,0,6",20,15,0.219,148
"11,23,33,0",12,"11,0",0.399,148
"3,15,0",19,0,0.166,148
"14,23,0,15",14,"14,0,15",0.347,148
"14,23,0,15",4,"14,0,15",0.193,148
"23,15,0",18,"15,0",0.168,149
"18,20,0",5,0,0.21,149
"25,24,22,23,3,0",6,"3,0",0.125,149
"23,15,0,6",15,15,0.327,149
"23,15,0,6",3,15,0.134,149
"0,3",23,"0,3",0.304,149
"3,15,0",23,0,0.111,149
"3,15,0",13,0,0.346,149
"18,23,15,0,17",3,"15,0,17",0.232,149
"22,15,0",13,"22,15,0",0.066,149
"0,3",17,"0,3",0.053,149
"15,0",1,"15,0",0.142,150
"18,20,27,21,33,15,4,3",19,"15,4,3",0.09,150
"18,3,15,0",19,"3,15,0",0.158,150
"0,3",6,"0,3",0.082,150
"15,4,0,2,17",5,nan,0.35,150
"18,20,0",9,0,0.05,150
"0,23",12,nan,0.341,150
"15,3,18,19,21,17,0",9,"15,17,0",0.265,150
"15,0",17,"15,0",0.036,150
"18,20,0",25,0,0.052,151
"23,18,14,0,1,13",6,"14,0,1,13",0.331,151
"14,23,0,15",18,"14,0,15",0.039,151
"23,0,15,1",23,0,0.073,151
"22,15,0",17,"22,15,0",0.222,151
"22,15,0",10,"22,15,0",0.212,151
"12,0,23,33",15,nan,0.372,151
"23,15,0",24,"15,0",0.041,151
"23,0,15,1",15,0,0.179,151
"25,24,22,23,3,0",8,"3,0",0.224,151
"18,20,0",15,0,0.139,151
"15,18,29,17,15,33,18,0",16,"29,17,15,33,18,0",0.399,151
"14,23,0,15",19,"14,0,15",0.092,151
"15,0",16,"15,0",0.211,151
"15,0",22,"15,0",0.069,152
"15,0",6,"15,0",0.173,152
"14,23,0,15",21,"14,0,15",0.318,152
"18,20,0,15,3",24,"0,15,3",0.09,152
"0,3",1,"0,3",0.074,152
"18,20,27,21,0,15,4,16",21,"0,15,4,16",0.359,152
"18,20,0,15,3",8,"0,15,3",0.257,153
"23,18,14,0,1,13",9,"14,0,1,13",0.273,153
"12,0,23,33",12,nan,0.121,153
"12,0,23,33",3,nan,0.185,153
"18,20,0",23,0,0.291,153
"3,15,0",10,0,0.325,153
"15,18,29,17,15,33,18,0",20,"29,17,15,33,18,0",0.173,153
"0,3",24,"0,3",0.042,154
"23,15,0",17,"15,0",0.372,154
"18,20,27,21,0,15,4,16",4,"0,15,4,16",0.146,154
"23,0,15,1",24,0,0.297,154
"18,20,0",24,0,0.073,154
"0,3",19,"0,3",0.326,155
"18,20,0",7,0,0.356,155
"11,23,33,0",12,"11,0",0.027,156
"0,3",17,"0,3",0.296,156
"28,33,2,10,11,17,14",6,"2,10,11,17,14",0.377,156
"0,23",8,nan,0.297,156
"12,0,23,33",2,nan,0.171,156
"0,3",12,"0,3",0.363,156
"15,0",18,"15,0",0.292,162
"18,20,0,15,3",24,"0,15,3",0.087,164
"18,23,15,0,17",20,"15,0,17",0.215,164
"28,33,2,10,11,17,14",24,"2,10,11,17,14",0.109,164
"15,3,18,19,21,17,0",13,"15,17,0",0.236,165
"23,15,0,6",14,15,0.224,165
"0,3",11,"0,3",0.058,166
"21,3,0",19,"21,3,0",0.046,166
"23,15,0",23,"15,0",0.19,166
"21,3,0",8,"21,3,0",0.278,166
"15,0",8,"15,0",0.132,166
"23,15,0",4,"15,0",0.263,166
"18,20,0",24,0,0.352,166
"2,14,13,11",22,"2,14,13,11",0.327,167
"11,23,33,0",8,"11,0",0.146,167
"23,15,0,6",5,15,0.131,167
"3,15,0",9,0,0.227,167
"15,18,29,17,15,33,18,0",2,"29,17,15,33,18,0",0.399,167
"0,3",4,"0,3",0.222,167
"15,0",9,"15,0",0.086,167
"0,23",3,nan,0.173,167
"15,0",4,"15,0",0.033,167
"18,20,27,21,0,15,4,16",3,"0,15,4,16",0.101,167
"18,20,15,0,18,20",11,"15,0,18,20",0.253,168
"25,24,22,23,3,0",2,"3,0",0.112,168
"22,15,0",4,"22,15,0",0.055,168
"21,3,0",12,"21,3,0",0.186,168
"11,23,33,0",6,"11,0",0.147,168
"23,15,0,6",3,15,0.365,168
"15,4,0,2,17",17,nan,0.094,168
"0,3",14,"0,3",0.296,168
"18,20,27,21,0,15,4,16",3,"0,15,4,16",0.327,168
"33,3,15,0",22,"3,15,0",0.217,168
"18,23,15,0,17",5,"15,0,17",0.153,168
"2,14,13,11",21,"2,14,13,11",0.313,168
"0,3",4,"0,3",0.343,168
"15,0",4,"15,0",0.304,169
"15,3,18,19,21,17,0",14,"15,17,0",0.04,169
"18,20,0,15,3",11,"0,15,3",0.268,169
"23,18,14,0,1,13",13,"14,0,1,13",0.308,169
"15,3,18,19,21,17,0",12,"15,17,0",0.33,169
"18,20,0,15,3",25,"0,15,3",0.101,169
"15,0",9,"15,0",0.306,169
"25,24,22,23,3,0",10,"3,0",0.061,169
"18,20,0",16,0,0.027,169
"25,24,22,23,3,0",17,"3,0",0.194,169
"28,33,2,10,11,17,14",25,"2,10,11,17,14",0.116,169
"33,3,15,0",15,"3,15,0",0.151,169
"15,3,18,19,21,17,0",12,"15,17,0",0.064,169
"18,20,27,21,33,15,4,3",20,"15,4,3",0.044,169
"18,23,15,0,17",3,"15,0,17",0.132,169
"0,23",22,nan,0.029,169
"18,20,0,15,3",4,"0,15,3",0.399,170
"18,3,15,0",6,"3,15,0",0.269,170
"3,15,0",11,0,0.383,170
"23,15,0",15,"15,0",0.011,170
"0,3",18,"0,3",0.372,170
"2,14,13,11",10,"2,14,13,11",0.029,170
"23,15,0,6",16,15,0.297,170
"15,18,29,17,15,33,18,0",7,"29,17,15,33,18,0",0.334,170
"15,0",9,"15,0",0.158,170
"18,20,0",1,0,0.298,170
"3,15,0",16,0,0.156,170
"12,0,23,33",7,nan,0.024,170
"18,20,0",20,0,0.138,170
"18,20,0",25,0,0.362,170
"15,3,18,19,21,17,0",19,"15,17,0",0.067,171
"15,0",3,"15,0",0.317,171
"18,3,15,0",18,"3,15,0",0.11,171
"23,15,0",2,"15,0",0.376,171
"18,23,15,0,17",1,"15,0,17",0.325,171
"3,15,0",9,0,0.247,171
"21,3,0",18,"21,3,0",0.352,171
"12,0,23,33",10,nan,0.345,171
"18,20,15,0,18,20",22,"15,0,18,20",0.358,171
"14,23,0,15",9,"14,0,15",0.201,171
"18,20,15,0,18,20",15,"15,0,18,20",0.258,171
"18,23,15,0,17",14,"15,0,17",0.094,171
"28,33,2,10,11,17,14",9,"2,10,11,17,14",0.111,171
"12,0,23,33",8,nan,0.395,172
"18,23,15,0,17",3,"15,0,17",0.089,172
"18,20,27,21,0,15,4,16",8,"0,15,4,16",0.331,172
"22,15,0",9,"22,15,0",0.247,172
"28,33,2,10,11,17,14",25,"2,10,11,17,14",0.276,173
"0,3",14,"0,3",0.041,173
"15,3,18,19,21,17,0",15,"15,17,0",0.026,173
"33,3,15,0",4,"3,15,0",0.235,173
"18,20,0",2,0,0.396,173
"0,3",10,"0,3",0.14,173
"18,23,15,0,17",21,"15,0,17",0.096,173
"25,24,22,23,3,0",13,"3,0",0.394,173
"2,14,13,11",10,"2,14,13,11",0.02,173
"18,20,0",16,0,0.263,173
"0,3",8,"0,3",0.064,174
"0,3",7,"0,3",0.023,174
"0,3",16,"0,3",0.331,174
"18,20,0",2,0,0.067,174
"12,0,23,33",3,nan,0.246,174
"23,0,15,1",2,0,0.379,175
"22,15,0",22,"22,15,0",0.32,177
"15,0",12,"15,0",0.066,184
"15,0",6,"15,0",0.291,185
"22,15,0",25,"22,15,0",0.207,185
"18,20,27,21,0,15,4,16",18,"0,15,4,16",0.07,185
"18,3,15,0",13,"3,15,0",0.013,185
"18,20,0",22,0,0.303,186
"18,20,0,15,3",7,"0,15,3",0.253,186
"18,23,15,0,17",1,"15,0,17",0.014,186
"18,20,0",22,0,0.008,186
"18,23,15,0,17",4,"15,0,17",0.232,186
"15,18,29,17,15,33,18,0",9,"29,17,15,33,18,0",0.348,186
"23,18,14,0,1,13",23,"14,0,1,13",0.015,187
"15,3,18,19,21,17,0",6,"15,17,0",0.216,187
"25,24,22,23,3,0",18,"3,0",0.16,187
"21,3,0",21,"21,3,0",0.303,187
"15,4,0,2,17",17,nan,0.269,187
"33,3,15,0",12,"3,15,0",0.122,187
"0,23",13,nan,0.373,187
"3,15,0",10,0,0.354,187
"18,20,27,21,0,15,4,16",17,"0,15,4,16",0.334,187
"15,0",10,"15,0",0.293,187
"2,14,13,11",15,"2,14,13,11",0.256,188
"22,15,0",15,"22,15,0",0.342,188
"14,23,0,15",20,"14,0,15",0.121,188
"18,20,27,21,0,15,4,16",15,"0,15,4,16",0.165,188
"18,20,27,21,0,15,4,16",4,"0,15,4,16",0.25,188
"14,23,0,15",13,"14,0,15",0.329,188
"15,0",24,"15,0",0.311,188
"15,3,18,19,21,17,0",13,"15,17,0",0.016,188
"18,20,15,0,18,20",17,"15,0,18,20",0.242,188
"2,14,13,11",4,"2,14,13,11",0.264,188
"15,3,18,19,21,17,0",4,"15,17,0",0.269,189
"15,0",22,"15,0",0.118,189
"12,0,23,33",3,nan,0.277,189
"18,20,27,21,33,15,4,3",23,"15,4,3",0.251,189
"11,23,33,0",6,"11,0",0.111,189
"28,33,2,10,11,17,14",7,"2,10,11,17,14",0.17,189
"18,20,0,15,3",19,"0,15,3",0.084,189
"23,0,15,1",21,0,0.133,189
"0,23",12,nan,0.197,190
"28,33,2,10,11,17,14",18,"2,10,11,17,14",0.389,190
"15,18,29,17,15,33,18,0",20,"29,17,15,33,18,0",0.298,190
"0,23",20,nan,0.246,190
"18,20,27,21,0,15,4,16",16,"0,15,4,16",0.076,190
"15,4,0,2,17",14,nan,0.085,190
"23,15,0,6",9,15,0.082,190
"18,3,15,0",12,"3,15,0",0.02,190
"2,14,13,11",15,"2,14,13,11",0.015,190
"25,24,22,23,3,0",25,"3,0",0.061,190
"0,3",23,"0,3",0.078,190
"18,20,27,21,33,15,4,3",13,"15,4,3",0.076,191
"18,20,27,21,33,15,4,3",20,"15,4,3",0.386,191
"33,3,15,0",10,"3,15,0",0.015,191
"23,15,0",20,"15,0",0.322,191
"18,20,27,21,33,15,4,3",17,"15,4,3",0.252,191
"11,23,33,0",9,"11,0",0.229,191
"23,0,15,1",2,0,0.003,191
"33,3,15,0",9,"3,15,0",0.086,191
"18,20,0",15,0,0.112,191
"33,3,15,0",10,"3,15,0",0.372,191
"0,3",9,"0,3",0.301,191
"23,15,0",13,"15,0",0.061,191
"0,3",3,"0,3",0.209,191
"2,14,13,11",8,"2,14,13,11",0.367,191
"18,20,0,15,3",18,"0,15,3",0.054,192
"23,15,0,6",22,15,0.052,192
"28,33,2,10,11,17,14",14,"2,10,11,17,14",0.19,192
"0,23",9,nan,0.168,192
"0,3",2,"0,3",0.315,192
"18,20,27,21,0,15,4,16",25,"0,15,4,16",0.269,192
"25,24,22,23,3,0",22,"3,0",0.183,192
"15,3,18,19,21,17,0",15,"15,17,0",0.181,192
"18,23,15,0,17",16,"15,0,17",0.21,192
"15,0",6,"15,0",0.187,192
"0,3",7,"0,3",0.053,192
"18,23,15,0,17",19,"15,0,17",0.007,193
"18,20,15,0,18,20",21,"15,0,18,20",0.254,193
"15,18,29,17,15,33,18,0",17,"29,17,15,33,18,0",0.197,193
"18,20,0,15,3",13,"0,15,3",0.296,193
"21,3,0",10,"21,3,0",0.164,193
"3,15,0",12,0,0.192,193
"15,18,29,17,15,33,18,0",8,"29,17,15,33,18,0",0.049,193
"18,20,27,21,33,15,4,3",15,"15,4,3",0.24,193
"23,15,0,6",10,15,0.397,194
"33,3,15,0",2,"3,15,0",0.1,194
"21,3,0",17,"21,3,0",0.148,194
"18,20,27,21,0,15,4,16",21,"0,15,4,16",0.357,194
"15,3,18,19,21,17,0",7,"15,17,0",0.164,194
"18,20,0",7,0,0.098,195
"18,20,0",14,0,0.035,195
"33,3,15,0",25,"3,15,0",0.251,195
"18,20,0,15,3",6,"0,15,3",0.212,195
"11,23,33,0",4,"11,0",0.216,195
"15,0",5,"15,0",0.359,195
"18,23,15,0,17",24,"15,0,17",0.061,195
"18,20,0,15,3",3,"0,15,3",0.026,195
"18,3,15,0",20,"3,15,0",0.117,196
"21,3,0",19,"21,3,0",0.326,196
"18,20,0",13,0,0.321,196
"25,24,22,23,3,0",23,"3,0",0.147,196
"3,15,0",20,0,0.196,203
"18,20,0",7,0,0.264,204
"14,23,0,15",14,"14,0,15",0.301,204
"15,3,18,19,21,17,0",6,"15,17,0",0.227,204
"18,20,0",13,0,0.125,205
"14,23,0,15",2,"14,0,15",0.353,205
"23,15,0,6",16,15,0.266,205
"18,20,27,21,0,15,4,16",10,"0,15,4,16",0.352,206
"18,20,27,21,0,15,4,16",10,"0,15,4,16",0.35,206
"18,20,27,21,33,15,4,3",3,"15,4,3",0.398,206
"18,20,0,15,3",5,"0,15,3",0.028,206
"23,15,0",9,"15,0",0.331,206
"2,14,13,11",7,"2,14,13,11",0.241,206
"12,0,23,33",25,nan,0.057,206
"18,20,0",13,0,0.335,206
"21,3,0",14,"21,3,0",0.094,207
"15,0",8,"15,0",0.365,207
"23,0,15,1",11,0,0.211,207
"33,3,15,0",6,"3,15,0",0.358,207
"15,0",18,"15,0",0.218,207
"18,20,0",12,0,0.158,207
"18,20,0",25,0,0.282,207
"18,20,0",22,0,0.209,207
"0,3",24,"0,3",0.038,207
"23,0,15,1",3,0,0.385,207
"0,3",23,"0,3",0.066,207
"33,3,15,0",17,"3,15,0",0.289,208
"11,23,33,0",15,"11,0",0.248,208
"18,20,0",15,0,0.172,208
"18,20,27,21,33,15,4,3",21,"15,4,3",0.381,208
"15,3,18,19,21,17,0",19,"15,17,0",0.3,208
"2,14,13,11",14,"2,14,13,11",0.361,208
"2,14,13,11",2,"2,14,13,11",0.329,208
"15,0",8,"15,0",0.062,208
"11,23,33,0",11,"11,0",0.01,208
"18,23,15,0,17",15,"15,0,17",0.342,208
"15,3,18,19,21,17,0",20,"15,17,0",0.314,208
"25,24,22,23,3,0",5,"3,0",0.226,208
"21,3,0",13,"21,3,0",0.329,209
"23,15,0",22,"15,0",0.098,209
"15,0",19,"15,0",0.28,209
"15,3,18,19,21,17,0",25,"15,17,0",0.079,209
"18,20,0",3,0,0.287,209
"18,20,27,21,33,15,4,3",1,"15,4,3",0.161,209
"18,23,15,0,17",3,"15,0,17",0.285,209
"23,15,0",17,"15,0",0.079,209
"15,0",20,"15,0",0.073,209
"23,18,14,0,1,13",9,"14,0,1,13",0.019,209
"33,3,15,0",6,"3,15,0",0.388,209
"18,23,15,0,17",12,"15,0,17",0.196,209
"23,15,0,6",23,15,0.258,209
"25,24,22,23,3,0",3,"3,0",0.386,210
"22,15,0",4,"22,15,0",0.215,210
"15,18,29,17,15,33,18,0",13,"29,17,15,33,18,0",0.239,210
"15,0",7,"15,0",0.151,210
"11,23,33,0",1,"11,0",0.051,210
"15,4,0,2,17",9,nan,0.381,210
"0,3",1,"0,3",0.317,210
"3,15,0",22,0,0.238,211
"25,24,22,23,3,0",22,"3,0",0.181,211
"0,23",24,nan,0.062,211
"23,0,15,1",18,0,0.249,211
"12,0,23,33",7,nan,0.118,211
"18,3,15,0",11,"3,15,0",0.214,211
"11,23,33,0",21,"11,0",0.25,211
"23,0,15,1",17,0,0.177,211
"18,20,27,21,33,15,4,3",1,"15,4,3",0.351,211
"23,15,0,6",14,15,0.281,211
"15,3,18,19,21,17,0",24,"15,17,0",0.166,211
"23,15,0",6,"15,0",0.327,212
"18,20,27,21,33,15,4,3",11,"15,4,3",0.286,212
"2,14,13,11",8,"2,14,13,11",0.282,212
"14,23,0,15",21,"14,0,15",0.121,212
"18,3,15,0",9,"3,15,0",0.337,212
"18,20,0",25,0,0.232,212
"15,4,0,2,17",6,nan,0.385,212
"23,18,14,0,1,13",10,"14,0,1,13",0.31,213
"18,20,27,21,0,15,4,16",17,"0,15,4,16",0.278,213
"0,3",21,"0,3",0.013,213
"15,4,0,2,17",18,nan,0.007,213
"15,4,0,2,17",15,nan,0.002,213
"15,4,0,2,17",10,nan,0.293,213
"15,0",2,"15,0",0.225,214
"0,3",23,"0,3",0.083,214
"15,4,0,2,17",23,nan,0.361,214
"18,3,15,0",24,"3,15,0",0.141,215
"22,15,0",7,"22,15,0",0.155,215
"25,24,22,23,3,0",21,"3,0",0.326,215
"15,0",4,"15,0",0.021,215
"18,20,0",20,0,0.077,216
"18,20,15,0,18,20",17,"15,0,18,20",0.189,216
"25,24,22,23,3,0",1,"3,0",0.158,216
"18,20,0",6,0,0.045,216
"18,20,0",13,0,0.082,216
"11,23,33,0",16,"11,0",0.253,216
"33,3,15,0",17,"3,15,0",0.268,216
"0,23",6,nan,0.266,216
"0,3",24,"0,3",0.194,218
"0,3",17,"0,3",0.342,218
"18,20,15,0,18,20",24,"15,0,18,20",0.112,219
"15,0",3,"15,0",0.087,223
"18,20,27,21,33,15,4,3",23,"15,4,3",0.157,223
"0,3",1,"0,3",0.177,223
"18,20,0,15,3",15,"0,15,3",0.096,223
"18,20,15,0,18,20",20,"15,0,18,20",0.232,224
"18,20,27,21,0,15,4,16",8,"0,15,4,16",0.296,225
"22,15,0",17,"22,15,0",0.345,225
"11,23,33,0",15,"11,0",0.092,225
"18,20,0",16,0,0.243,225
"23,15,0,6",18,15,0.299,225
"18,20,0",18,0,0.359,225
"18,23,15,0,17",23,"15,0,17",0.105,225
"23,0,15,1",6,0,0.287,226
"25,24,22,23,3,0",25,"3,0",0.157,226
"33,3,15,0",11,"3,15,0",0.263,226
"22,15,0",23,"22,15,0",0.238,227
"15,4,0,2,17",15,nan,0.22,227
"23,15,0",1,"15,0",0.033,227
"12,0,23,33",7,nan,0.337,227
"15,18,29,17,15,33,18,0",25,"29,17,15,33,18,0",0.182,227
"33,3,15,0",21,"3,15,0",0.347,227
"18,20,0",11,0,0.316,227
"15,3,18,19,21,17,0",3,"15,17,0",0.023,228
"18,20,27,21,0,15,4,16",10,"0,15,4,16",0.37,228
"0,3",10,"0,3",0.272,228
"23,18,14,0,1,13",19,"14,0,1,13",0.239,228
"0,3",20,"0,3",0.057,228
"18,20,0",4,0,0.296,228
"18,3,15,0",20,"3,15,0",0.236,228
"3,15,0",7,0,0.095,228
"15,0",3,"15,0",0.007,228
"14,23,0,15",12,"14,0,15",0.346,228
"18,20,15,0,18,20",6,"15,0,18,20",0.233,228
"15,3,18,19,21,17,0",23,"15,17,0",0.157,228
"25,24,22,23,3,0",6,"3,0",0.052,228
"14,23,0,15",7,"14,0,15",0.107,229
"23,0,15,1",15,0,0.053,229
"2,14,13,11",11,"2,14,13,11",0.252,229
"21,3,0",10,"21,3,0",0.106,229
"12,0,23,33",2,nan,0.299,229
"25,24,22,23,3,0",1,"3,0",0.154,229
"0,3",22,"0,3",0.288,229
"18,20,27,21,33,15,4,3",16,"15,4,3",0.086,229
"18,20,27,21,0,15,4,16",6,"0,15,4,16",0.085,230
"0,3",14,"0,3",0.33,230
"15,0",14,"15,0",0.309,230
"15,0",15,"15,0",0.081,230
"18,20,27,21,33,15,4,3",20,"15,4,3",0.187,230
"18,23,15,0,17",16,"15,0,17",0.224,230
"23,0,15,1",10,0,0.374,230
"15,0",12,"15,0",0.276,230
"0,3",12,"0,3",0.397,230
"18,20,0",6,0,0.153,230
"3,15,0",5,0,0.086,230
"25,24,22,23,3,0",9,"3,0",0.032,230
"0,3",23,"0,3",0.009,231
"18,3,15,0",9,"3,15,0",0.213,231
"0,3",8,"0,3",0.261,231
"18,20,0,15,3",1,"0,15,3",0.042,231
"15,0",11,"15,0",0.099,231
"15,4,0,2,17",2,nan,0.238,231
"21,3,0",25,"21,3,0",0.053,231
"18,20,27,21,33,15,4,3",10,"15,4,3",0.119,231
"18,20,15,0,18,20",22,"15,0,18,20",0.391,231
"28,33,2,10,11,17,14",19,"2,10,11,17,14",0.168,231
"2,14,13,11",6,"2,14,13,11",0.336,231
"23,18,14,0,1,13",15,"14,0,1,13",0.041,231
"21,3,0",4,"21,3,0",0.185,231
"15,0",6,"15,0",0.378,232
"11,23,33,0",21,"11,0",0.011,232
"21,3,0",11,"21,3,0",0.035,232
"23,15,0,6",24,15,0.35,232
"18,20,0,15,3",23,"0,15,3",0.299,232
"23,15,0,6",25,15,0.32,232
"15,0",7,"15,0",0.157,232
"18,20,0",12,0,0.326,232
"0,23",12,nan,0.043,232
"23,0,15,1",20,0,0.016,232
"18,3,15,0",3,"3,15,0",0.197,233
"18,3,15,0",18,"3,15,0",0.291,233
"0,3",24,"0,3",0.115,233
"18,20,0",18,0,0.248,233
"18,20,27,21,0,15,4,16",18,"0,15,4,16",0.174,233
"23,15,0",7,"15,0",0.128,234
"18,20,0",12,0,0.261,234
"23,0,15,1",12,0,0.226,234
"2,14,13,11",18,"2,14,13,11",0.245,234
"0,3",1,"0,3",0.136,234
"21,3,0",6,"21,3,0",0.274,234
"15,0",23,"15,0",0.171,235
"18,20,0,15,3",23,"0,15,3",0.326,235
"23,15,0,6",25,15,0.026,235
"18,3,15,0",7,"3,15,0",0.343,235
"0,3",11,"0,3",0.144,235
"0,3",11,"0,3",0.039,236
"15,0",14,"15,0",0.382,236
"2,14,13,11",25,"2,14,13,11",0.056,236
"23,0,15,1",6,0,0.327,236
"22,15,0",2,"22,15,0",0.245,237
"28,33,2,10,11,17,14",13,"2,10,11,17,14",0.123,238
"15,0",15,"15,0",0.0,243
"12,0,23,33",17,nan,0.073,243
"11,23,33,0",2,"11,0",0.33,244
"18,20,27,21,0,15,4,16",11,"0,15,4,16",0.032,244
"22,15,0",8,"22,15,0",0.052,245
"23,18,14,0,1,13",10,"14,0,1,13",0.006,245
"23,15,0,6",8,15,0.211,245
"0,3",15,"0,3",0.352,245
"2,14,13,11",24,"2,14,13,11",0.285,246
"33,3,15,0",15,"3,15,0",0.223,246
"0,3",19,"0,3",0.222,247
"15,3,18,19,21,17,0",18,"15,17,0",0.168,247
"18,20,0,15,3",4,"0,15,3",0.325,247
"18,20,27,21,33,15,4,3",16,"15,4,3",0.297,247
"11,23,33,0",16,"11,0",0.018,248
"2,14,13,11",21,"2,14,13,11",0.289,248
"18,20,0",11,0,0.294,248
"15,4,0,2,17",13,nan,0.236,248
"18,20,0,15,3",6,"0,15,3",0.143,248
"18,23,15,0,17",20,"15,0,17",0.026,248
"23,0,15,1",7,0,0.291,248
"23,15,0,6",17,15,0.183,248
"23,15,0",5,"15,0",0.026,248
"15,4,0,2,17",8,nan,0.229,248
"18,20,27,21,33,15,4,3",4,"15,4,3",0.155,248
"3,15,0",7,0,0.245,248
"15,3,18,19,21,17,0",7,"15,17,0",0.362,248
"11,23,33,0",13,"11,0",0.301,248
"0,3",23,"0,3",0.283,249
"0,23",2,nan,0.344,249
"18,3,15,0",23,"3,15,0",0.331,249
"18,20,15,0,18,20",1,"15,0,18,20",0.052,249
"33,3,15,0",19,"3,15,0",0.124,249
"0,3",16,"0,3",0.008,249
"18,20,27,21,0,15,4,16",7,"0,15,4,16",0.309,249
"23,15,0,6",7,15,0.196,249
"15,0",9,"15,0",0.047,249
"15,4,0,2,17",8,nan,0.082,249
"18,20,15,0,18,20",3,"15,0,18,20",0.321,249
"0,3",13,"0,3",0.246,249
"18,20,27,21,33,15,4,3",12,"15,4,3",0.21,250
"21,3,0",25,"21,3,0",0.284,250
"18,3,15,0",11,"3,15,0",0.264,250
"18,20,27,21,33,15,4,3",16,"15,4,3",0.076,250
"15,4,0,2,17",7,nan,0.293,250
"25,24,22,23,3,0",2,"3,0",0.046,250
"15,0",24,"15,0",0.099,250
"15,0",10,"15,0",0.137,250
"18,20,0",15,0,0.157,250
"15,4,0,2,17",15,nan,0.153,250
"2,14,13,11",1,"2,14,13,11",0.019,250
"18,20,0",7,0,0.167,250
"23,18,14,0,1,13",4,"14,0,1,13",0.153,251
"25,24,22,23,3,0",16,"3,0",0.386,251
"22,15,0",19,"22,15,0",0.387,251
"25,24,22,23,3,0",5,"3,0",0.204,251
"18,20,0,15,3",2,"0,15,3",0.294,251
"33,3,15,0",6,"3,15,0",0.228,251
"14,23,0,15",9,"14,0,15",0.262,251
"18,20,27,21,0,15,4,16",20,"0,15,4,16",0.088,251
"18,3,15,0",11,"3,15,0",0.222,251
"23,18,14,0,1,13",15,"14,0,1,13",0.365,251
"18,20,27,21,0,15,4,16",22,"0,15,4,16",0.008,251
"25,24,22,23,3,0",15,"3,0",0.119,251
"23,18,14,0,1,13",7,"14,0,1,13",0.157,251
"18,20,27,21,33,15,4,3",18,"15,4,3",0.346,251
"14,23,0,15",5,"14,0,15",0.234,251
"15,18,29,17,15,33,18,0",2,"29,17,15,33,18,0",0.299,251
"2,14,13,11",24,"2,14,13,11",0.187,251
"0,3",20,"0,3",0.197,251
"0,3",23,"0,3",0.292,251
"25,24,22,23,3,0",21,"3,0",0.347,252
"14,23,0,15",4,"14,0,15",0.037,252
"21,3,0",14,"21,3,0",0.269,252
"18,20,27,21,33,15,4,3",4,"15,4,3",0.157,252
"22,15,0",20,"22,15,0",0.037,252
"22,15,0",6,"22,15,0",0.308,252
"18,20,27,21,0,15,4,16",5,"0,15,4,16",0.237,252
"23,18,14,0,1,13",19,"14,0,1,13",0.119,252
"0,23",13,nan,0.106,252
"18,23,15,0,17",17,"15,0,17",0.003,252
"15,3,18,19,21,17,0",21,"15,17,0",0.089,252
"23,15,0,6",6,15,0.107,253
"15,18,29,17,15,33,18,0",13,"29,17,15,33,18,0",0.097,253
"15,4,0,2,17",2,nan,0.03,253
"11,23,33,0",7,"11,0",0.161,253
"14,23,0,15",19,"14,0,15",0.238,253
"0,3",3,"0,3",0.144,254
"12,0,23,33",14,nan,0.115,254
"23,0,15,1",6,0,0.239,254
"18,23,15,0,17",6,"15,0,17",0.048,254
"15,0",11,"15,0",0.293,255
"18,20,0",20,0,0.329,255
"23,15,0",7,"15,0",0.116,256
"28,33,2,10,11,17,14",17,"2,10,11,17,14",0.274,256
"15,3,18,19,21,17,0",3,"15,17,0",0.392,256
"3,15,0",5,0,0.341,256
"3,15,0",16,0,0.309,256
"18,20,15,0,18,20",12,"15,0,18,20",0.044,256
"0,3",23,"0,3",0.099,258
"18,23,15,0,17",6,"15,0,17",0.207,263
"28,33,2,10,11,17,14",17,"2,10,11,17,14",0.168,264
"12,0,23,33",6,nan,0.151,265
"28,33,2,10,11,17,14",16,"2,10,11,17,14",0.19,265
"15,3,18,19,21,17,0",17,"15,17,0",0.324,265
"23,15,0,6",8,15,0.256,265
"0,23",22,nan,0.074,265
"33,3,15,0",13,"3,15,0",0.321,266
"33,3,15,0",22,"3,15,0",0.378,266
"18,20,27,21,33,15,4,3",15,"15,4,3",0.141,266
"18,20,27,21,33,15,4,3",21,"15,4,3",0.221,266
"23,15,0,6",10,15,0.147,267
"3,15,0",18,0,0.047,267
"18,23,15,0,17",1,"15,0,17",0.16,267
"18,23,15,0,17",6,"15,0,17",0.011,267
"12,0,23,33",18,nan,0.149,267
"2,14,13,11",23,"2,14,13,11",0.216,267
"0,23",1,nan,0.38,267
"33,3,15,0",25,"3,15,0",0.209,267
"3,15,0",19,0,0.168,267
"15,4,0,2,17",14,nan,0.228,267
"12,0,23,33",8,nan,0.314,267
"0,23",20,nan,0.241,267
"18,23,15,0,17",15,"15,0,17",0.116,268
"18,20,0",2,0,0.111,268
"18,20,0",1,0,0.349,268
"23,0,15,1",9,0,0.377,268
"23,15,0",15,"15,0",0.298,268
"2,14,13,11",24,"2,14,13,11",0.308,268
"33,3,15,0",3,"3,15,0",0.051,268
"18,20,0",16,0,0.384,268
"22,15,0",3,"22,15,0",0.003,269
"3,15,0",12,0,0.286,269
"15,0",8,"15,0",0.01,269
"0,3",24,"0,3",0.016,269
"18,20,0",22,0,0.164,269
"21,3,0",6,"21,3,0",0.15,269
"15,0",8,"15,0",0.056,269
"0,3",21,"0,3",0.117,269
"25,24,22,23,3,0",18,"3,0",0.298,269
"22,15,0",20,"22,15,0",0.174,269
"15,4,0,2,17",1,nan,0.044,269
"18,23,15,0,17",12,"15,0,17",0.215,270
"15,4,0,2,17",2,nan,0.016,270
"18,20,15,0,18,20",5,"15,0,18,20",0.144,270
"23,0,15,1",12,0,0.176,270
"15,4,0,2,17",22,nan,0.321,270
"2,14,13,11",20,"2,14,13,11",0.189,270
"18,20,0,15,3",5,"0,15,3",0.016,270
"15,3,18,19,21,17,0",7,"15,17,0",0.343,270
"21,3,0",24,"21,3,0",0.072,270
"23,15,0,6",19,15,0.218,270
"18,20,27,21,33,15,4,3",16,"15,4,3",0.018,271
"18,20,0",17,0,0.329,271
"15,18,29,17,15,33,18,0",9,"29,17,15,33,18,0",0.298,271
"0,3",23,"0,3",0.223,271
"18,20,15,0,18,20",13,"15,0,18,20",0.198,271
"0,23",13,nan,0.191,271
"15,0",5,"15,0",0.12,271
"33,3,15,0",13,"3,15,0",0.039,271
"18,20,27,21,33,15,4,3",21,"15,4,3",0.202,271
"2,14,13,11",11,"2,14,13,11",0.344,271
"15,3,18,19,21,17,0",12,"15,17,0",0.018,271
"2,14,13,11",18,"2,14,13,11",0.303,271
"3,15,0",20,0,0.042,271
"0,3",3,"0,3",0.011,271
"21,3,0",2,"21,3,0",0.217,271
"14,23,0,15",23,"14,0,15",0.254,271
"21,3,0",23,"21,3,0",0.104,271
"23,15,0,6",24,15,0.209,271
"0,23",24,nan,0.14,272
"18,20,0,15,3",20,"0,15,3",0.398,272
"18,23,15,0,17",14,"15,0,17",0.213,272
"0,3",23,"0,3",0.089,272
"3,15,0",22,0,0.052,272
"3,15,0",25,0,0.16,272
"2,14,13,11",18,"2,14,13,11",0.243,272
"18,23,15,0,17",16,"15,0,17",0.397,272
"33,3,15,0",4,"3,15,0",0.306,272
"18,20,15,0,18,20",10,"15,0,18,20",0.051,272
"15,0",7,"15,0",0.325,272
"3,15,0",7,0,0.09,272
"15,3,18,19,21,17,0",13,"15,17,0",0.207,273
"23,18,14,0,1,13",24,"14,0,1,13",0.194,273
"15,18,29,17,15,33,18,0",25,"29,17,15,33,18,0",0.177,273
"0,3",1,"0,3",0.085,273
"22,15,0",15,"22,15,0",0.027,273
"11,23,33,0",1,"11,0",0.177,274
"28,33,2,10,11,17,14",13,"2,10,11,17,14",0.159,274
"23,15,0,6",22,15,0.268,274
"23,15,0",25,"15,0",0.309,275
"18,20,0,15,3",1,"0,15,3",0.033,275
"23,18,14,0,1,13",18,"14,0,1,13",0.119,275
"18,20,15,0,18,20",7,"15,0,18,20",0.225,275
"0,3",20,"0,3",0.22,276
"23,18,14,0,1,13",2,"14,0,1,13",0.022,277
"15,0",7,"15,0",0.057,277
"15,4,0,2,17",4,nan,0.219,278
"18,20,0",15,0,0.089,279
"23,15,0",1,"15,0",0.096,280
"28,33,2,10,11,17,14",20,"2,10,11,17,14",0.03,283
"23,15,0,6",18,15,0.117,283
"0,23",21,nan,0.12,284
"18,20,0",15,0,0.239,284
"23,18,14,0,1,13",12,"14,0,1,13",0.158,285
"12,0,23,33",6,nan,0.265,285
"25,24,22,23,3,0",11,"3,0",0.177,285
"15,0",3,"15,0",0.048,286
"21,3,0",2,"21,3,0",0.201,286
"23,0,15,1",25,0,0.124,287
"23,15,0",10,"15,0",0.198,287
"18,20,0,15,3",22,"0,15,3",0.141,287
"33,3,15,0",23,"3,15,0",0.262,287
"15,4,0,2,17",6,nan,0.359,287
"15,4,0,2,17",2,nan,0.275,287
"2,14,13,11",23,"2,14,13,11",0.305,287
"18,23,15,0,17",8,"15,0,17",0.331,287
"22,15,0",20,"22,15,0",0.188,287
"18,20,15,0,18,20",3,"15,0,18,20",0.276,287
"21,3,0",16,"21,3,0",0.124,287
"15,0",21,"15,0",0.196,288
"14,23,0,15",18,"14,0,15",0.357,288
"0,3",16,"0,3",0.35,288
"22,15,0",9,"22,15,0",0.144,288
"18,20,0",11,0,0.195,288
"3,15,0",7,0,0.235,288
"15,0",5,"15,0",0.071,288
"18,20,0",20,0,0.399,288
"15,0",23,"15,0",0.287,288
"15,0",6,"15,0",0.352,288
"0,3",14,"0,3",0.146,288
"3,15,0",22,0,0.125,288
"28,33,2,10,11,17,14",19,"2,10,11,17,14",0.319,289
"12,0,23,33",20,nan,0.221,289
"23,0,15,1",21,0,0.059,289
"22,15,0",5,"22,15,0",0.229,289
"15,4,0,2,17",3,nan,0.317,289
"23,0,15,1",6,0,0.189,289
"0,3",24,"0,3",0.338,289
"33,3,15,0",8,"3,15,0",0.276,289
"18,23,15,0,17",10,"15,0,17",0.278,289
"23,15,0",18,"15,0",0.258,289
"22,15,0",12,"22,15,0",0.302,289
"25,24,22,23,3,0",14,"3,0",0.335,289
"18,20,0",1,0,0.101,289
"23,0,15,1",7,0,0.349,290
"11,23,33,0",6,"11,0",0.193,290
"2,14,13,11",6,"2,14,13,11",0.313,290
"23,15,0,6",5,15,0.018,290
"25,24,22,23,3,0",16,"3,0",0.058,290
"11,23,33,0",6,"11,0",0.208,290
"0,23",12,nan,0.256,290
"15,0",6,"15,0",0.043,290
"18,3,15,0",13,"3,15,0",0.22,290
"33,3,15,0",9,"3,15,0",0.383,290
"15,3,18,19,21,17,0",16,"15,17,0",0.168,290
"0,3",6,"0,3",0.304,290
"14,23,0,15",18,"14,0,15",0.117,291
"28,33,2,10,11,17,14",17,"2,10,11,17,14",0.058,291
"23,15,0,6",14,15,0.222,291
"0,23",20,nan,0.087,291
"15,4,0,2,17",20,nan,0.356,291
"15,3,18,19,21,17,0",13,"15,17,0",0.006,291
"25,24,22,23,3,0",13,"3,0",0.388,291
"11,23,33,0",17,"11,0",0.068,291
"14,23,0,15",1,"14,0,15",0.277,291
"15,0",11,"15,0",0.068,291
"33,3,15,0",20,"3,15,0",0.116,292
"15,0",1,"15,0",0.018,292
"18,23,15,0,17",15,"15,0,17",0.107,292
"3,15,0",8,0,0.107,292
"0,3",5,"0,3",0.061,292
"25,24,22,23,3,0",7,"3,0",0.024,292
"28,33,2,10,11,17,14",10,"2,10,11,17,14",0.32,292
"18,23,15,0,17",7,"15,0,17",0.302,292
"14,23,0,15",9,"14,0,15",0.147,292
"33,3,15,0",4,"3,15,0",0.305,293
"14,23,0,15",21,"14,0,15",0.302,293
"18,20,27,21,0,15,4,16",18,"0,15,4,16",0.148,293
"18,20,27,21,0,15,4,16",11,"0,15,4,16",0.241,293
"0,23",13,nan,0.071,293
"14,23,0,15",22,"14,0,15",0.096,293
"15,18,29,17,15,33,18,0",25,"29,17,15,33,18,0",0.182,293
"0,23",11,nan,0.043,293
"14,23,0,15",5,"14,0,15",0.324,294
"15,0",19,"15,0",0.368,294
"28,33,2,10,11,17,14",4,"2,10,11,17,14",0.285,294
"18,20,0",8,0,0.042,294
"33,3,15,0",5,"3,15,0",0.206,294
"23,0,15,1",24,0,0.139,294
"21,3,0",11,"21,3,0",0.359,295
"18,20,0,15,3",14,"0,15,3",0.356,295
"23,15,0",20,"15,0",0.181,295
"15,3,18,19,21,17,0",7,"15,17,0",0.215,295
"21,3,0",16,"21,3,0",0.05,295
"23,15,0",10,"15,0",0.228,296
"22,15,0",15,"22,15,0",0.186,297
"0,3",14,"0,3",0.242,297
"3,15,0",12,0,0.319,298
"18,20,27,21,0,15,4,16",22,"0,15,4,16",0.123,299
"18,20,0",4,0,0.208,303
"18,23,15,0,17",6,"15,0,17",0.389,305
"18,20,0",19,0,0.315,305
"15,3,18,19,21,17,0",15,"15,17,0",0.008,306
"14,23,0,15",1,"14,0,15",0.186,306
"15,18,29,17,15,33,18,0",25,"29,17,15,33,18,0",0.125,306
"33,3,15,0",23,"3,15,0",0.106,306
"18,20,0",22,0,0.073,306
"18,20,15,0,18,20",5,"15,0,18,20",0.175,306
"25,24,22,23,3,0",8,"3,0",0.376,307
"18,20,0",5,0,0.308,307
"33,3,15,0",9,"3,15,0",0.273,307
"15,4,0,2,17",20,nan,0.181,307
"2,14,13,11",22,"2,14,13,11",0.018,307
"2,14,13,11",13,"2,14,13,11",0.061,307
"15,0",12,"15,0",0.24,307
"15,0",5,"15,0",0.25,307
"15,0",9,"15,0",0.297,307
"18,20,27,21,33,15,4,3",5,"15,4,3",0.195,307
"23,15,0,6",24,15,0.318,308
"15,3,18,19,21,17,0",24,"15,17,0",0.193,308
"23,15,0,6",24,15,0.039,308
"15,0",1,"15,0",0.152,308
"15,4,0,2,17",1,nan,0.107,308
"15,18,29,17,15,33,18,0",18,"29,17,15,33,18,0",0.225,308
"0,3",21,"0,3",0.373,308
"23,18,14,0,1,13",14,"14,0,1,13",0.018,308
"18,20,27,21,33,15,4,3",17,"15,4,3",0.282,309
"18,20,27,21,0,15,4,16",4,"0,15,4,16",0.315,309
"12,0,23,33",17,nan,0.206,309
"15,0",12,"15,0",0.261,309
"18,23,15,0,17",6,"15,0,17",0.156,309
"0,23",13,nan,0.077,309
"0,3",5,"0,3",0.335,309
"18,20,15,0,18,20",1,"15,0,18,20",0.062,309
"18,20,15,0,18,20",6,"15,0,18,20",0.045,309
"23,15,0",3,"15,0",0.09,309
"21,3,0",20,"21,3,0",0.312,309
"18,20,27,21,0,15,4,16",19,"0,15,4,16",0.264,309
"25,24,22,23,3,0",20,"3,0",0.128,309
"2,14,13,11",19,"2,14,13,11",0.366,310
"15,4,0,2,17",12,nan,0.364,310
"15,0",11,"15,0",0.141,310
"0,23",18,nan,0.338,310
"22,15,0",9,"22,15,0",0.137,310
"23,0,15,1",4,0,0.213,310
"18,20,27,21,0,15,4,16",13,"0,15,4,16",0.164,310
"0,23",25,nan,0.339,310
"18,3,15,0",8,"3,15,0",0.203,310
"23,15,0,6",24,15,0.306,310
"23,18,14,0,1,13",16,"14,0,1,13",0.202,310
"18,20,0,15,3",3,"0,15,3",0.234,311
"25,24,22,23,3,0",13,"3,0",0.214,311
"18,20,15,0,18,20",15,"15,0,18,20",0.156,311
"28,33,2,10,11,17,14",6,"2,10,11,17,14",0.238,311
"25,24,22,23,3,0",11,"3,0",0.385,311
"15,0",7,"15,0",0.231,311
"11,23,33,0",3,"11,0",0.251,311
"23,15,0,6",4,15,0.353,311
"12,0,23,33",2,nan,0.152,311
"18,20,0",22,0,0.361,311
"23,0,15,1",6,0,0.244,311
"21,3,0",20,"21,3,0",0.261,311
"0,3",20,"0,3",0.213,312
"18,20,0",16,0,0.077,312
"18,20,0",11,0,0.147,312
"23,15,0,6",17,15,0.258,312
"15,0",25,"15,0",0.212,312
"0,23",5,nan,0.376,312
"18,20,27,21,33,15,4,3",22,"15,4,3",0.399,312
"18,20,15,0,18,20",3,"15,0,18,20",0.359,312
"0,3",6,"0,3",0.293,312
"12,0,23,33",6,nan,0.178,312
"0,23",25,nan,0.398,312
"15,4,0,2,17",11,nan,0.245,312
"15,4,0,2,17",18,nan,0.308,312
"15,0",20,"15,0",0.254,313
"18,23,15,0,17",4,"15,0,17",0.194,313
"28,33,2,10,11,17,14",16,"2,10,11,17,14",0.365,313
"28,33,2,10,11,17,14",18,"2,10,11,17,14",0.051,313
"18,20,15,0,18,20",13,"15,0,18,20",0.247,313
"14,23,0,15",11,"14,0,15",0.119,313
"11,23,33,0",7,"11,0",0.228,313
"18,20,15,0,18,20",21,"15,0,18,20",0.374,313
"21,3,0",3,"21,3,0",0.01,313
"18,23,15,0,17",7,"15,0,17",0.224,314
"33,3,15,0",16,"3,15,0",0.307,314
"12,0,23,33",15,nan,0.053,314
"23,15,0,6",24,15,0.364,314
"15,18,29,17,15,33,18,0",23,"29,17,15,33,18,0",0.371,314
"25,24,22,23,3,0",12,"3,0",0.001,314
"28,33,2,10,11,17,14",1,"2,10,11,17,14",0.393,315
"18,20,0",12,0,0.131,315
"15,0",22,"15,0",0.393,316
"23,18,14,0,1,13",16,"14,0,1,13",0.359,316
"21,3,0",11,"21,3,0",0.398,316
"0,3",2,"0,3",0.377,317
"15,0",25,"15,0",0.175,318
"15,4,0,2,17",23,nan,0.039,318
"3,15,0",13,0,0.141,319
"18,20,0",4,0,0.046,324
"23,15,0,6",4,15,0.072,324
"18,20,0",10,0,0.147,325
"25,24,22,23,3,0",16,"3,0",0.015,325
"15,0",5,"15,0",0.169,325
"15,18,29,17,15,33,18,0",1,"29,17,15,33,18,0",0.141,325
"15,0",3,"15,0",0.153,326
"18,20,27,21,33,15,4,3",12,"15,4,3",0.104,326
"18,3,15,0",3,"3,15,0",0.345,326
"22,15,0",9,"22,15,0",0.238,326
"12,0,23,33",11,nan,0.102,327
"15,0",18,"15,0",0.269,327
"22,15,0",9,"22,15,0",0.286,327
"18,3,15,0",14,"3,15,0",0.35,327
"18,20,27,21,0,15,4,16",17,"0,15,4,16",0.361,327
"28,33,2,10,11,17,14",16,"2,10,11,17,14",0.299,327
"12,0,23,33",11,nan,0.145,327
"0,23",2,nan,0.212,327
"33,3,15,0",23,"3,15,0",0.168,327
"18,20,15,0,18,20",12,"15,0,18,20",0.217,327
"0,23",24,nan,0.001,327
"28,33,2,10,11,17,14",9,"2,10,11,17,14",0.352,328
"23,15,0,6",15,15,0.36,328
"2,14,13,11",16,"2,14,13,11",0.071,328
"15,0",11,"15,0",0.34,328
"15,3,18,19,21,17,0",22,"15,17,0",0.351,328
"3,15,0",11,0,0.028,328
"12,0,23,33",3,nan,0.123,328
"2,14,13,11",13,"2,14,13,11",0.275,328
"15,18,29,17,15,33,18,0",6,"29,17,15,33,18,0",0.069,328
"12,0,23,33",9,nan,0.218,328
"23,15,0,6",16,15,0.08,328
"23,15,0",7,"15,0",0.289,328
"18,23,15,0,17",11,"15,0,17",0.276,328
"14,23,0,15",7,"14,0,15",0.154,328
"15,3,18,19,21,17,0",14,"15,17,0",0.243,328
"0,23",13,nan,0.121,328
"18,20,0,15,3",16,"0,15,3",0.295,328
"2,14,13,11",4,"2,14,13,11",0.023,328
"15,18,29,17,15,33,18,0",21,"29,17,15,33,18,0",0.332,328
"25,24,22,23,3,0",11,"3,0",0.005,328
"23,15,0,6",9,15,0.067,328
"0,3",14,"0,3",0.237,329
"15,18,29,17,15,33,18,0",19,"29,17,15,33,18,0",0.3,329
"0,23",20,nan,0.26,329
"23,0,15,1",17,0,0.297,329
"18,20,0",17,0,0.076,329
"18,20,0",1,0,0.293,329
"18,20,27,21,33,15,4,3",18,"15,4,3",0.322,329
"18,20,0",25,0,0.313,329
"18,20,15,0,18,20",10,"15,0,18,20",0.245,329
"18,3,15,0",12,"3,15,0",0.071,329
"18,20,0",16,0,0.197,329
"0,23",15,nan,0.013,330
"18,20,0,15,3",7,"0,15,3",0.226,330
"14,23,0,15",4,"14,0,15",0.049,330
"18,3,15,0",19,"3,15,0",0.279,330
"18,23,15,0,17",14,"15,0,17",0.295,330
"15,0",10,"15,0",0.391,330
"15,18,29,17,15,33,18,0",9,"29,17,15,33,18,0",0.086,330
"23,0,15,1",15,0,0.178,330
"12,0,23,33",9,nan,0.247,330
"15,4,0,2,17",20,nan,0.16,331
"12,0,23,33",22,nan,0.249,331
"25,24,22,23,3,0",18,"3,0",0.28,331
"28,33,2,10,11,17,14",10,"2,10,11,17,14",0.291,331
"23,18,14,0,1,13",18,"14,0,1,13",0.256,331
"15,3,18,19,21,17,0",4,"15,17,0",0.195,331
"15,4,0,2,17",20,nan,0.326,331
"23,18,14,0,1,13",15,"14,0,1,13",0.163,331
"15,3,18,19,21,17,0",9,"15,17,0",0.198,331
"18,20,15,0,18,20",20,"15,0,18,20",0.035,331
"25,24,22,23,3,0",11,"3,0",0.151,331
"33,3,15,0",24,"3,15,0",0.149,332
"18,20,0",4,0,0.11,332
"2,14,13,11",21,"2,14,13,11",0.269,332
"15,4,0,2,17",24,nan,0.185,332
"18,23,15,0,17",3,"15,0,17",0.063,332
"15,0",2,"15,0",0.274,332
"0,3",13,"0,3",0.243,332
"0,3",2,"0,3",0.208,332
"23,0,15,1",18,0,0.192,333
"23,15,0,6",25,15,0.1,333
"2,14,13,11",25,"2,14,13,11",0.03,333
"3,15,0",4,0,0.15,333
"33,3,15,0",25,"3,15,0",0.181,334
"18,20,0,15,3",21,"0,15,3",0.216,334
"15,4,0,2,17",17,nan,0.298,334
"18,20,0,15,3",11,"0,15,3",0.304,334
"18,20,0",21,0,0.084,334
"15,0",25,"15,0",0.09,334
"0,3",5,"0,3",0.188,334
"18,20,0,15,3",21,"0,15,3",0.134,334
"18,20,0",14,0,0.196,335
"25,24,22,23,3,0",19,"3,0",0.315,335
"18,23,15,0,17",3,"15,0,17",0.104,335
"18,20,0",19,0,0.105,335
"18,20,0,15,3",11,"0,15,3",0.119,336
"15,4,0,2,17",14,nan,0.208,336
"22,15,0",2,"22,15,0",0.338,336
"15,0",23,"15,0",0.025,343
"22,15,0",21,"22,15,0",0.292,343
"12,0,23,33",21,nan,0.215,344
"15,18,29,17,15,33,18,0",18,"29,17,15,33,18,0",0.256,344
"18,20,27,21,0,15,4,16",7,"0,15,4,16",0.096,345
"18,20,0,15,3",16,"0,15,3",0.225,345
"28,33,2,10,11,17,14",9,"2,10,11,17,14",0.09,345
"28,33,2,10,11,17,14",21,"2,10,11,17,14",0.384,346
"15,3,18,19,21,17,0",1,"15,17,0",0.332,346
"3,15,0",8,0,0.049,346
"15,18,29,17,15,33,18,0",4,"29,17,15,33,18,0",0.179,346
"22,15,0",18,"22,15,0",0.109,346
"23,18,14,0,1,13",3,"14,0,1,13",0.272,346
"18,3,15,0",24,"3,15,0",0.325,347
"21,3,0",16,"21,3,0",0.068,347
"18,20,27,21,33,15,4,3",15,"15,4,3",0.014,347
"18,20,0",8,0,0.26,347
"18,20,15,0,18,20",10,"15,0,18,20",0.181,347
"18,20,0",8,0,0.297,347
"15,4,0,2,17",10,nan,0.37,347
"15,4,0,2,17",18,nan,0.145,347
"2,14,13,11",25,"2,14,13,11",0.16,347
"25,24,22,23,3,0",19,"3,0",0.043,347
"3,15,0",18,0,0.184,347
"15,18,29,17,15,33,18,0",8,"29,17,15,33,18,0",0.322,347
"22,15,0",10,"22,15,0",0.051,348
"0,3",23,"0,3",0.197,348
"18,20,27,21,33,15,4,3",25,"15,4,3",0.088,348
"18,20,0,15,3",17,"0,15,3",0.294,348
"3,15,0",12,0,0.151,348
"18,23,15,0,17",23,"15,0,17",0.046,348
"15,4,0,2,17",6,nan,0.016,348
"18,20,0,15,3",14,"0,15,3",0.393,348
"18,20,0,15,3",5,"0,15,3",0.257,348
"28,33,2,10,11,17,14",23,"2,10,11,17,14",0.281,348
"23,18,14,0,1,13",17,"14,0,1,13",0.109,348
"14,23,0,15",13,"14,0,15",0.302,348
"15,0",16,"15,0",0.041,348
"21,3,0",12,"21,3,0",0.307,348
"15,0",8,"15,0",0.218,348
"18,20,0",24,0,0.378,348
"15,0",11,"15,0",0.255,348
"15,18,29,17,15,33,18,0",1,"29,17,15,33,18,0",0.222,349
"18,20,15,0,18,20",14,"15,0,18,20",0.044,349
"15,3,18,19,21,17,0",11,"15,17,0",0.132,349
"18,23,15,0,17",4,"15,0,17",0.292,349
"18,20,0",12,0,0.108,349
"14,23,0,15",18,"14,0,15",0.068,349
"18,20,27,21,33,15,4,3",8,"15,4,3",0.01,349
"18,3,15,0",10,"3,15,0",0.264,349
"28,33,2,10,11,17,14",8,"2,10,11,17,14",0.036,349
"15,0",6,"15,0",0.014,349
"15,0",20,"15,0",0.214,349
"18,3,15,0",8,"3,15,0",0.265,349
"21,3,0",8,"21,3,0",0.068,349
"23,18,14,0,1,13",18,"14,0,1,13",0.027,349
"18,3,15,0",1,"3,15,0",0.307,350
"15,0",3,"15,0",0.002,350
"18,20,27,21,33,15,4,3",24,"15,4,3",0.009,350
"23,18,14,0,1,13",15,"14,0,1,13",0.292,350
"18,20,0",2,0,0.074,350
"21,3,0",17,"21,3,0",0.008,350
"15,0",20,"15,0",0.287,350
"18,20,27,21,33,15,4,3",7,"15,4,3",0.264,350
"28,33,2,10,11,17,14",13,"2,10,11,17,14",0.177,350
"23,15,0,6",13,15,0.349,350
"12,0,23,33",25,nan,0.384,351
"15,3,18,19,21,17,0",10,"15,17,0",0.368,351
"33,3,15,0",25,"3,15,0",0.141,351
"11,23,33,0",23,"11,0",0.033,351
"23,0,15,1",5,0,0.109,351
"14,23,0,15",25,"14,0,15",0.171,351
"28,33,2,10,11,17,14",25,"2,10,11,17,14",0.104,351
"22,15,0",10,"22,15,0",0.295,351
"23,15,0",5,"15,0",0.344,351
"0,3",19,"0,3",0.369,351
"0,3",11,"0,3",0.324,351
"18,20,0",2,0,0.105,351
"15,18,29,17,15,33,18,0",19,"29,17,15,33,18,0",0.104,352
"12,0,23,33",5,nan,0.145,352
"15,0",12,"15,0",0.355,352
"0,3",4,"0,3",0.03,352
"15,3,18,19,21,17,0",1,"15,17,0",0.014,352
"18,20,27,21,0,15,4,16",1,"0,15,4,16",0.136,352
"18,20,27,21,0,15,4,16",24,"0,15,4,16",0.276,352
"15,0",20,"15,0",0.058,352
"28,33,2,10,11,17,14",15,"2,10,11,17,14",0.112,352
"25,24,22,23,3,0",5,"3,0",0.029,352
"15,4,0,2,17",5,nan,0.33,353
"15,18,29,17,15,33,18,0",8,"29,17,15,33,18,0",0.239,353
"0,3",25,"0,3",0.011,353
"18,20,15,0,18,20",22,"15,0,18,20",0.184,353
"18,20,0",6,0,0.313,354
"23,15,0",10,"15,0",0.287,354
"15,0",3,"15,0",0.324,355
"15,0",2,"15,0",0.186,355
"18,20,27,21,33,15,4,3",6,"15,4,3",0.242,355
"2,14,13,11",9,"2,14,13,11",0.293,355
"12,0,23,33",9,nan,0.329,356
"0,3",4,"0,3",0.167,356
"28,33,2,10,11,17,14",24,"2,10,11,17,14",0.098,364
"11,23,33,0",23,"11,0",0.391,364
"21,3,0",14,"21,3,0",0.363,365
"18,20,0",4,0,0.142,365
"15,0",25,"15,0",0.088,365
"12,0,23,33",4,nan,0.159,365
"18,20,15,0,18,20",7,"15,0,18,20",0.387,366
"0,3",13,"0,3",0.183,366
"12,0,23,33",16,nan,0.213,366
"15,0",6,"15,0",0.354,366
"0,3",1,"0,3",0.356,366
"15,4,0,2,17",17,nan,0.149,366
"15,4,0,2,17",11,nan,0.382,366
"14,23,0,15",16,"14,0,15",0.101,367
"0,3",5,"0,3",0.109,367
"0,23",23,nan,0.007,367
"15,4,0,2,17",16,nan,0.377,367
"2,14,13,11",1,"2,14,13,11",0.22,367
"0,23",12,nan,0.366,367
"15,0",16,"15,0",0.12,367
"18,23,15,0,17",11,"15,0,17",0.08,367
"11,23,33,0",12,"11,0",0.166,367
"22,15,0",25,"22,15,0",0.17,368
"0,3",20,"0,3",0.164,368
"15,0",21,"15,0",0.003,368
"18,20,27,21,33,15,4,3",10,"15,4,3",0.337,368
"18,20,27,21,33,15,4,3",4,"15,4,3",0.062,368
"28,33,2,10,11,17,14",10,"2,10,11,17,14",0.076,368
"18,20,27,21,33,15,4,3",22,"15,4,3",0.032,368
"2,14,13,11",10,"2,14,13,11",0.296,368
"22,15,0",24,"22,15,0",0.266,368
"23,15,0,6",11,15,0.038,368
"33,3,15,0",14,"3,15,0",0.394,368
"18,20,27,21,0,15,4,16",19,"0,15,4,16",0.075,368
"18,20,0",5,0,0.019,368
"28,33,2,10,11,17,14",24,"2,10,11,17,14",0.138,368
"15,4,0,2,17",14,nan,0.159,369
"0,3",6,"0,3",0.212,369
"15,0",22,"15,0",0.184,369
"15,4,0,2,17",17,nan,0.321,369
"3,15,0",12,0,0.233,369
"15,3,18,19,21,17,0",19,"15,17,0",0.325,369
"0,3",11,"0,3",0.227,369
"15,4,0,2,17",16,nan,0.221,369
"18,20,15,0,18,20",9,"15,0,18,20",0.309,369
"0,3",22,"0,3",0.105,369
"23,18,14,0,1,13",19,"14,0,1,13",0.15,370
"15,3,18,19,21,17,0",25,"15,17,0",0.16,370
"18,20,27,21,0,15,4,16",22,"0,15,4,16",0.001,370
"18,23,15,0,17",23,"15,0,17",0.231,370
"0,3",24,"0,3",0.029,370
"2,14,13,11",13,"2,14,13,11",0.01,370
"18,20,0",16,0,0.246,370
"0,3",15,"0,3",0.188,370
"23,18,14,0,1,13",10,"14,0,1,13",0.381,370
"15,3,18,19,21,17,0",10,"15,17,0",0.252,370
"18,20,27,21,33,15,4,3",23,"15,4,3",0.353,370
"18,3,15,0",2,"3,15,0",0.028,370
"23,0,15,1",21,0,0.062,371
"23,15,0,6",23,15,0.262,371
"23,18,14,0,1,13",4,"14,0,1,13",0.089,371
"18,20,0",1,0,0.217,371
"23,15,0",11,"15,0",0.123,371
"22,15,0",10,"22,15,0",0.076,371
"3,15,0",18,0,0.215,371
"15,0",23,"15,0",0.253,371
"23,15,0",18,"15,0",0.007,371
"22,15,0",11,"22,15,0",0.325,371
"18,20,0,15,3",20,"0,15,3",0.227,371
"15,4,0,2,17",11,nan,0.263,371
"15,4,0,2,17",8,nan,0.141,371
"18,3,15,0",3,"3,15,0",0.214,372
"15,18,29,17,15,33,18,0",4,"29,17,15,33,18,0",0.017,372
"15,0",20,"15,0",0.114,372
"0,23",12,nan,0.086,372
"15,0",16,"15,0",0.11,372
"18,20,27,21,0,15,4,16",21,"0,15,4,16",0.283,372
"18,23,15,0,17",25,"15,0,17",0.33,372
"23,15,0",3,"15,0",0.32,373
"33,3,15,0",19,"3,15,0",0.286,373
"23,15,0,6",11,15,0.358,373
"15,0",6,"15,0",0.346,373
"15,4,0,2,17",1,nan,0.16,373
"11,23,33,0",6,"11,0",0.215,373
"18,20,27,21,33,15,4,3",14,"15,4,3",0.351,373
"23,0,15,1",19,0,0.252,374
"25,24,22,23,3,0",24,"3,0",0.022,374
"18,20,0",23,0,0.067,374
"21,3,0",15,"21,3,0",0.111,374
"23,18,14,0,1,13",16,"14,0,1,13",0.241,374
"0,3",17,"0,3",0.22,374
"18,20,15,0,18,20",10,"15,0,18,20",0.049,374
"14,23,0,15",16,"14,0,15",0.379,375
"0,3",8,"0,3",0.321,375
"18,23,15,0,17",15,"15,0,17",0.294,375
"2,14,13,11",18,"2,14,13,11",0.386,376
"15,4,0,2,17",18,nan,0.199,376
"18,3,15,0",15,"3,15,0",0.008,376
"25,24,22,23,3,0",9,"3,0",0.085,376
"0,3",18,"0,3",0.054,378
"23,15,0,6",9,15,0.314,383
"18,20,15,0,18,20",24,"15,0,18,20",0.198,385
"3,15,0",9,0,0.357,385
"21,3,0",9,"21,3,0",0.192,385
"23,15,0",25,"15,0",0.227,385
"18,20,0",15,0,0.093,386
"18,20,27,21,0,15,4,16",7,"0,15,4,16",0.205,386
"22,15,0",14,"22,15,0",0.089,386
"14,23,0,15",3,"14,0,15",0.136,386
"18,20,27,21,0,15,4,16",24,"0,15,4,16",0.34,387
"15,0",4,"15,0",0.231,387
"22,15,0",21,"22,15,0",0.281,387
"18,20,15,0,18,20",17,"15,0,18,20",0.029,387
"18,20,0",24,0,0.258,387
"23,0,15,1",13,0,0.347,387
"23,0,15,1",13,0,0.081,387
"0,23",5,nan,0.183,387
"15,3,18,19,21,17,0",7,"15,17,0",0.021,388
"15,0",9,"15,0",0.21,388
"18,20,27,21,0,15,4,16",12,"0,15,4,16",0.222,388
"18,23,15,0,17",16,"15,0,17",0.04,388
"3,15,0",5,0,0.199,388
"3,15,0",8,0,0.085,388
"18,20,27,21,0,15,4,16",19,"0,15,4,16",0.375,388
"18,20,27,21,0,15,4,16",17,"0,15,4,16",0.25,388
"23,15,0,6",1,15,0.386,388
"18,3,15,0",25,"3,15,0",0.306,388
"15,0",17,"15,0",0.072,388
"15,4,0,2,17",7,nan,0.029,388
"23,15,0",4,"15,0",0.177,388
"15,0",8,"15,0",0.026,388
"15,0",3,"15,0",0.327,388
"18,20,15,0,18,20",22,"15,0,18,20",0.398,388
"15,3,18,19,21,17,0",19,"15,17,0",0.083,388
"18,20,0",13,0,0.249,388
"11,23,33,0",21,"11,0",0.225,388
"23,0,15,1",19,0,0.243,388
"0,3",3,"0,3",0.165,389
"12,0,23,33",9,nan,0.052,389
"23,15,0",6,"15,0",0.353,389
"11,23,33,0",23,"11,0",0.209,389
"18,20,0",5,0,0.398,389
"23,18,14,0,1,13",4,"14,0,1,13",0.394,389
"3,15,0",7,0,0.284,389
"12,0,23,33",18,nan,0.126,389
"23,0,15,1",25,0,0.151,389
"23,18,14,0,1,13",14,"14,0,1,13",0.314,389
"11,23,33,0",3,"11,0",0.066,389
"15,0",21,"15,0",0.141,389
"0,3",7,"0,3",0.236,390
"22,15,0",19,"22,15,0",0.286,390
"3,15,0",25,0,0.131,390
"18,23,15,0,17",5,"15,0,17",0.287,390
"0,3",23,"0,3",0.35,390
"25,24,22,23,3,0",2,"3,0",0.319,390
"18,20,27,21,0,15,4,16",4,"0,15,4,16",0.158,390
"0,3",24,"0,3",0.24,390
"18,20,0",17,0,0.308,390
"25,24,22,23,3,0",9,"3,0",0.38,390
"18,20,15,0,18,20",13,"15,0,18,20",0.295,390
"18,20,27,21,33,15,4,3",6,"15,4,3",0.221,390
"25,24,22,23,3,0",15,"3,0",0.042,390
"11,23,33,0",22,"11,0",0.372,391
"15,3,18,19,21,17,0",5,"15,17,0",0.153,391
"18,20,27,21,0,15,4,16",22,"0,15,4,16",0.018,391
"15,4,0,2,17",13,nan,0.222,391
"18,20,27,21,33,15,4,3",7,"15,4,3",0.253,391
"15,18,29,17,15,33,18,0",18,"29,17,15,33,18,0",0.092,391
"18,20,0,15,3",3,"0,15,3",0.133,391
"15,0",18,"15,0",0.317,391
"15,3,18,19,21,17,0",7,"15,17,0",0.384,391
"18,20,0",9,0,0.313,391
"21,3,0",14,"21,3,0",0.013,392
"15,18,29,17,15,33,18,0",22,"29,17,15,33,18,0",0.239,392
"15,0",24,"15,0",0.397,392
"0,3",18,"0,3",0.201,392
"23,0,15,1",15,0,0.075,392
"18,20,27,21,33,15,4,3",12,"15,4,3",0.33,392
"28,33,2,10,11,17,14",16,"2,10,11,17,14",0.322,393
"0,23",2,nan,0.281,393
"23,15,0,6",16,15,0.289,393
"28,33,2,10,11,17,14",17,"2,10,11,17,14",0.252,393
"18,20,0",8,0,0.267,393
"15,0",17,"15,0",0.229,393
"21,3,0",13,"21,3,0",0.107,393
"0,23",19,nan,0.141,394
"21,3,0",4,"21,3,0",0.284,394
"15,18,29,17,15,33,18,0",8,"29,17,15,33,18,0",0.158,394
"11,23,33,0",15,"11,0",0.287,394
"12,0,23,33",7,nan,0.18,395
"0,3",10,"0,3",0.298,395
"18,20,15,0,18,20",5,"15,0,18,20",0.381,396
"15,18,29,17,15,33,18,0",14,"29,17,15,33,18,0",0.117,396
"11,23,33,0",20,"11,0",0.034,397
"18,20,0",21,0,0.22,398
"23,15,0",3,"15,0",0.169,398
"15,18,29,17,15,33,18,0",13,"29,17,15,33,18,0",0.247,398
"0,3",25,"0,3",0.005,399
"18,20,27,21,33,15,4,3",7,"15,4,3",0.231,399
"33,3,15,0",2,"3,15,0",0.144,401
