"1,4,5,6,13,14",6,"4,13,14",0.125,3
"2,5,6,10",9,10,0.738,3
"0,5,6,10",21,10,0.647,4
"0,1,2,4,5,6",20,nan,0.076,4
"0,1,2,4,5,6",5,nan,0.338,5
"0,5,6,10",20,10,0.478,5
"1,5,6,10",10,10,0.442,5
"1,4,5",5,nan,0.455,5
"0,2,5,6,10",10,10,0.61,5
"1,4,5",4,nan,0.003,5
"4,5,6,7,8,9,10",22,10,0.781,5
"0,5,6,8",13,8,0.251,6
"0,2,5,6",22,nan,0.291,6
"1,2,4,10",13,10,0.602,6
"0,2,5,6",9,nan,0.684,6
"4,5,6,10",6,"4,6,10",0.77,6
"0,5,6,8",1,8,0.075,6
"0,2,5,6,10",6,10,0.601,6
"0,1,2,5,6",1,nan,0.664,6
"0,2,11,12",11,nan,0.795,6
"0,1,2,4,5,6",9,nan,0.772,6
"0,10,11,12,14",19,"10,11,12,14",0.276,6
"0,11,12",17,"11,12",0.372,6
"1,4,5",2,nan,0.688,7
"0,5,6,10",7,10,0.772,7
"1,5,6,10",4,10,0.368,7
"1,4,5",4,nan,0.368,7
"0,11,12",3,"11,12",0.575,7
"4,5,6,7,8,9,10",24,10,0.517,7
"1,5,6,10",13,10,0.233,7
"0,11,12",5,"11,12",0.081,7
"1,5,6,10",5,10,0.052,7
"0,11,12",17,"11,12",0.328,7
"0,5,6,8",15,8,0.572,7
"0,5,6,10",16,10,0.364,7
"0,10,11,12,14",17,"10,11,12,14",0.47,8
"2,5,6,10",18,10,0.203,8
"0,2,5,6,10",9,10,0.77,8
"0,5,6,10",20,10,0.142,8
"2,5,6,10",8,10,0.549,8
"4,5,6,7,8,9,10",24,10,0.541,8
"0,2,5,6,10",7,10,0.262,8
"4,5,6,7,8,9,10",2,10,0.387,8
"1,4,5",7,nan,0.152,8
"0,10,11,12,14",16,"10,11,12,14",0.697,8
"1,5,6,10",25,10,0.644,8
"0,2,5,6",15,nan,0.246,8
"0,2,5,6,10",16,10,0.667,8
"0,10,11,12,14",7,"10,11,12,14",0.6,8
"0,2,5,6",14,nan,0.702,8
"1,4,5,6,13,14",4,"4,13,14",0.719,8
"0,10,11,12,14",15,"10,11,12,14",0.723,8
"1,4,5",21,nan,0.719,8
"0,5,6,10",4,10,0.161,9
"0,4",8,nan,0.501,9
"1,4,5,6,13,14",2,"4,13,14",0.107,9
"4,5,6,10",11,"4,6,10",0.459,9
"1,4,5,6,13,14",3,"4,13,14",0.444,9
"0,5,6,8",12,8,0.394,9
"4,5,6,10",19,"4,6,10",0.105,9
"0,11,12",9,"11,12",0.685,9
"4,5,6,7,8,9,10",5,10,0.631,9
"1,4,5",16,nan,0.018,9
"1,5,6,10",5,10,0.788,9
"4,5,6,7,8,9,10",21,10,0.687,9
"4,5,6,10",7,"4,6,10",0.503,9
"2,5,6,10",18,10,0.215,9
"4,5,6,7,8,9,10",6,10,0.066,9
"0,5,6,10",19,10,0.154,9
"0,1,2,4,5,6",23,nan,0.017,9
"0,2,5,6,10",8,10,0.55,9
"1,2,4,10",19,10,0.767,10
"1,5,6,10",7,10,0.345,10
"1,5,6,10",23,10,0.587,10
"0,11,12",7,"11,12",0.187,10
"0,1,2,4,5,6",4,nan,0.23,10
"0,2,5,6",21,nan,0.6,10
"0,2,11,12",22,nan,0.51,10
"1,4,5",6,nan,0.295,10
"2,5,6,10",20,10,0.477,10
"1,4,5",1,nan,0.566,10
"1,4,5",17,nan,0.627,10
"0,2,5,6",10,nan,0.128,10
"4,5,6,10",6,"4,6,10",0.034,10
"1,2,4,10",24,10,0.251,10
"1,4,5,6,13,14",19,"4,13,14",0.302,10
"0,5,6,8",20,8,0.643,10
"0,1,2,5,6",9,nan,0.223,10
"0,11,12",4,"11,12",0.115,11
"1,4,5,6,13,14",12,"4,13,14",0.577,11
"0,11,12",24,"11,12",0.311,11
"4,5,6,10",16,"4,6,10",0.723,11
"0,1,2,5,6",2,nan,0.47,11
"1,4,5",14,nan,0.395,11
"4,5,6,7,8,9,10",8,10,0.091,11
"1,5,6,10",6,10,0.071,11
"4,5,6,10",17,"4,6,10",0.171,11
"1,2,4,10",14,10,0.675,11
"0,4",8,nan,0.117,11
"0,1,2,5,6",21,nan,0.462,11
"0,10,11,12,14",7,"10,11,12,14",0.22,11
"0,10,11,12,14",21,"10,11,12,14",0.461,11
"0,2,5,6",12,nan,0.463,12
"1,5,6,10",11,10,0.166,12
"0,5,6,8",19,8,0.312,12
"1,4,5",12,nan,0.742,12
"4,5,6,7,8,9,10",24,10,0.721,12
"0,5,6,8",17,8,0.752,12
"0,2,5,6,10",5,10,0.605,12
"0,1,2,4,5,6",14,nan,0.27,12
"0,5,6,10",23,10,0.195,12
"1,2,4,10",14,10,0.095,12
"0,2,11,12",8,nan,0.128,12
"1,4,5,6,13,14",1,"4,13,14",0.764,12
"0,1,2,5,6",22,nan,0.089,12
"0,5,6,10",13,10,0.095,12
"0,4",4,nan,0.745,13
"0,10,11,12,14",5,"10,11,12,14",0.712,13
"0,1,2,5,6",9,nan,0.481,13
"0,10,11,12,14",5,"10,11,12,14",0.369,13
"1,2,4,10",21,10,0.557,13
"0,1,2,5,6",8,nan,0.249,13
"0,2,5,6,10",19,10,0.146,13
"2,5,6,10",11,10,0.221,13
"0,2,5,6,10",1,10,0.307,14
"0,10,11,12,14",25,"10,11,12,14",0.047,14
"0,5,6,8",14,8,0.419,14
"0,10,11,12,14",1,"10,11,12,14",0.696,14
"4,5,6,7,8,9,10",7,10,0.292,14
"1,4,5,6,13,14",20,"4,13,14",0.393,14
"2,5,6,10",1,10,0.722,14
"1,5,6,10",5,10,0.43,15
"0,11,12",25,"11,12",0.593,15
"0,2,5,6",12,nan,0.4,15
"0,5,6,10",22,10,0.56,15
"1,4,5",12,nan,0.404,16
"1,2,4,10",21,10,0.63,16
"0,2,5,6,10",2,10,0.753,16
"1,4,5,6,13,14",14,"4,13,14",0.557,18
"0,1,2,5,6",4,nan,0.1,19
"0,4",19,nan,0.134,22
"0,1,2,5,6",25,nan,0.781,23
"0,2,5,6",10,nan,0.533,24
"0,2,5,6",15,nan,0.524,24
"0,1,2,4,5,6",3,nan,0.245,25
"0,2,5,6,10",2,10,0.116,25
"1,4,5",11,nan,0.544,26
"0,4",20,nan,0.66,26
"4,5,6,7,8,9,10",10,10,0.338,26
"0,2,5,6,10",21,10,0.51,26
"0,2,11,12",17,nan,0.534,26
"4,5,6,10",16,"4,6,10",0.319,26
"0,1,2,5,6",17,nan,0.621,26
"0,2,5,6",15,nan,0.128,26
"0,1,2,5,6",22,nan,0.488,26
"4,5,6,7,8,9,10",11,10,0.721,26
"1,4,5",22,nan,0.133,26
"0,2,5,6,10",2,10,0.617,26
"0,1,2,5,6",5,nan,0.528,27
"1,4,5,6,13,14",14,"4,13,14",0.785,27
"1,4,5",23,nan,0.359,27
"1,5,6,10",7,10,0.2,27
"1,5,6,10",8,10,0.225,27
"4,5,6,7,8,9,10",17,10,0.279,27
"4,5,6,10",16,"4,6,10",0.641,27
"0,1,2,5,6",12,nan,0.053,27
"0,1,2,4,5,6",2,nan,0.531,27
"0,11,12",23,"11,12",0.606,27
"0,1,2,4,5,6",1,nan,0.033,27
"0,11,12",13,"11,12",0.326,27
"0,10,11,12,14",25,"10,11,12,14",0.544,27
"1,5,6,10",13,10,0.156,28
"1,2,4,10",17,10,0.461,28
"4,5,6,7,8,9,10",24,10,0.296,28
"0,1,2,4,5,6",15,nan,0.401,28
"0,2,11,12",13,nan,0.323,28
"0,1,2,5,6",12,nan,0.524,28
"0,5,6,8",4,8,0.712,28
"0,2,5,6,10",21,10,0.48,28
"1,2,4,10",2,10,0.167,28
"0,2,5,6",3,nan,0.123,28
"0,2,11,12",9,nan,0.31,28
"0,1,2,4,5,6",2,nan,0.17,28
"2,5,6,10",23,10,0.587,28
"1,4,5,6,13,14",5,"4,13,14",0.466,28
"0,11,12",3,"11,12",0.15,28
"0,1,2,4,5,6",21,nan,0.445,29
"0,2,11,12",22,nan,0.781,29
"1,4,5",2,nan,0.616,29
"0,4",16,nan,0.424,29
"4,5,6,7,8,9,10",4,10,0.385,29
"0,5,6,8",10,8,0.74,29
"1,5,6,10",15,10,0.575,29
"1,4,5,6,13,14",13,"4,13,14",0.638,29
"4,5,6,7,8,9,10",9,10,0.779,29
"1,4,5,6,13,14",2,"4,13,14",0.227,29
"0,4",8,nan,0.227,29
"0,4",25,nan,0.458,29
"4,5,6,7,8,9,10",11,10,0.771,29
"0,11,12",20,"11,12",0.593,29
"1,5,6,10",3,10,0.425,29
"2,5,6,10",17,10,0.668,29
"0,1,2,4,5,6",13,nan,0.394,29
"1,2,4,10",19,10,0.273,29
"0,5,6,8",11,8,0.781,29
"4,5,6,7,8,9,10",21,10,0.103,29
"1,5,6,10",11,10,0.277,29
"0,4",1,nan,0.769,30
"0,2,11,12",3,nan,0.323,30
"1,4,5",21,nan,0.72,30
"0,2,11,12",3,nan,0.792,30
"0,2,11,12",19,nan,0.272,30
"4,5,6,10",13,"4,6,10",0.581,30
"0,5,6,10",19,10,0.552,30
"0,10,11,12,14",14,"10,11,12,14",0.295,30
"2,5,6,10",23,10,0.219,30
"0,11,12",3,"11,12",0.701,30
"0,5,6,8",24,8,0.255,30
"1,5,6,10",24,10,0.534,30
"4,5,6,10",21,"4,6,10",0.758,30
"0,10,11,12,14",25,"10,11,12,14",0.26,30
"4,5,6,10",10,"4,6,10",0.366,30
"0,5,6,8",9,8,0.472,30
"0,2,5,6,10",4,10,0.03,30
"4,5,6,7,8,9,10",6,10,0.316,30
"0,10,11,12,14",24,"10,11,12,14",0.726,30
"0,1,2,4,5,6",2,nan,0.352,31
"4,5,6,7,8,9,10",21,10,0.202,31
"1,4,5",15,nan,0.657,31
"1,5,6,10",4,10,0.533,31
"2,5,6,10",13,10,0.348,31
"1,4,5",14,nan,0.605,31
"1,5,6,10",11,10,0.248,31
"0,2,11,12",4,nan,0.212,31
"2,5,6,10",8,10,0.74,31
"0,1,2,5,6",7,nan,0.526,31
"0,10,11,12,14",22,"10,11,12,14",0.563,31
"1,5,6,10",20,10,0.207,31
"1,4,5,6,13,14",12,"4,13,14",0.457,31
"1,5,6,10",3,10,0.694,32
"1,5,6,10",6,10,0.227,32
"0,5,6,8",24,8,0.641,32
"0,5,6,8",9,8,0.116,32
"1,2,4,10",1,10,0.078,32
"0,5,6,10",23,10,0.135,32
"0,11,12",10,"11,12",0.63,32
"0,2,5,6,10",6,10,0.269,32
"2,5,6,10",22,10,0.233,32
"0,2,5,6",2,nan,0.365,32
"0,11,12",10,"11,12",0.556,32
"0,5,6,10",11,10,0.754,32
"4,5,6,10",4,"4,6,10",0.799,33
"2,5,6,10",8,10,0.024,33
"0,1,2,4,5,6",25,nan,0.57,33
"0,1,2,5,6",6,nan,0.319,33
"2,5,6,10",1,10,0.613,33
"1,4,5",21,nan,0.291,34
"2,5,6,10",13,10,0.231,34
"0,4",24,nan,0.737,34
"0,5,6,8",23,8,0.012,34
"0,2,5,6,10",13,10,0.056,34
"1,5,6,10",14,10,0.276,34
"2,5,6,10",1,10,0.284,34
"0,2,5,6",19,nan,0.634,34
"0,5,6,10",14,10,0.23,34
"0,2,5,6",14,nan,0.097,34
"1,2,4,10",22,10,0.053,34
"1,4,5",24,nan,0.599,35
"0,4",7,nan,0.524,35
"1,5,6,10",15,10,0.475,35
"0,5,6,10",4,10,0.151,35
"0,1,2,4,5,6",15,nan,0.417,35
"1,4,5,6,13,14",15,"4,13,14",0.418,36
"0,2,5,6,10",17,10,0.48,36
"0,1,2,4,5,6",19,nan,0.779,37
"1,4,5",2,nan,0.67,38
"1,4,5",2,nan,0.677,38
"0,2,11,12",21,nan,0.049,38
"0,2,5,6,10",5,10,0.146,39
"4,5,6,10",10,"4,6,10",0.278,43
"0,5,6,10",25,10,0.155,44
"1,2,4,10",22,10,0.704,45
"4,5,6,10",6,"4,6,10",0.74,45
"0,2,5,6",20,nan,0.556,45
"1,2,4,10",3,10,0.566,45
"0,4",25,nan,0.712,45
"2,5,6,10",11,10,0.296,46
"2,5,6,10",16,10,0.221,46
"0,5,6,8",15,8,0.226,46
"0,2,11,12",12,nan,0.533,46
"2,5,6,10",20,10,0.427,46
"2,5,6,10",16,10,0.789,46
"0,2,5,6",24,nan,0.402,46
"1,4,5,6,13,14",16,"4,13,14",0.554,46
"0,1,2,4,5,6",18,nan,0.383,46
"1,4,5,6,13,14",2,"4,13,14",0.779,47
"0,2,5,6",8,nan,0.341,47
"4,5,6,7,8,9,10",22,10,0.274,47
"0,1,2,5,6",2,nan,0.147,47
"0,5,6,8",23,8,0.628,47
"0,10,11,12,14",17,"10,11,12,14",0.013,47
"0,2,5,6",18,nan,0.224,47
"0,2,11,12",4,nan,0.253,47
"0,1,2,5,6",10,nan,0.4,47
"1,2,4,10",10,10,0.71,48
"0,5,6,8",9,8,0.102,48
"1,4,5,6,13,14",4,"4,13,14",0.655,48
"2,5,6,10",2,10,0.383,48
"1,2,4,10",8,10,0.427,48
"0,2,5,6,10",6,10,0.775,48
"0,2,5,6",11,nan,0.339,48
"1,5,6,10",11,10,0.055,48
"0,2,5,6,10",19,10,0.792,48
"0,5,6,10",15,10,0.746,48
"0,4",18,nan,0.145,48
"0,1,2,5,6",23,nan,0.434,48
"0,1,2,5,6",4,nan,0.467,48
"0,10,11,12,14",5,"10,11,12,14",0.154,48
"0,1,2,4,5,6",8,nan,0.117,48
"4,5,6,7,8,9,10",10,10,0.679,48
"1,5,6,10",7,10,0.271,48
"0,10,11,12,14",20,"10,11,12,14",0.379,48
"0,11,12",12,"11,12",0.125,48
"1,4,5,6,13,14",17,"4,13,14",0.757,48
"0,4",2,nan,0.773,48
"0,10,11,12,14",17,"10,11,12,14",0.256,49
"4,5,6,7,8,9,10",12,10,0.331,49
"4,5,6,10",3,"4,6,10",0.583,49
"0,1,2,4,5,6",21,nan,0.052,49
"0,2,5,6,10",22,10,0.576,49
"1,2,4,10",14,10,0.357,49
"1,4,5,6,13,14",7,"4,13,14",0.319,49
"0,5,6,10",4,10,0.243,49
"0,1,2,5,6",11,nan,0.265,49
"0,4",14,nan,0.26,49
"0,2,5,6",17,nan,0.605,49
"0,2,5,6",12,nan,0.004,49
"0,1,2,5,6",18,nan,0.171,49
"0,2,5,6",5,nan,0.248,49
"0,5,6,8",13,8,0.141,49
"0,1,2,4,5,6",3,nan,0.741,50
"4,5,6,7,8,9,10",12,10,0.008,50
"0,4",3,nan,0.65,50
"4,5,6,10",10,"4,6,10",0.05,50
"1,4,5,6,13,14",20,"4,13,14",0.528,50
"0,2,11,12",14,nan,0.284,50
"0,5,6,8",23,8,0.636,50
"1,4,5",12,nan,0.125,50
"1,5,6,10",2,10,0.05,50
"0,2,11,12",9,nan,0.604,50
"2,5,6,10",8,10,0.134,50
"0,1,2,4,5,6",21,nan,0.39,50
"0,10,11,12,14",21,"10,11,12,14",0.497,50
"0,11,12",7,"11,12",0.322,50
"0,5,6,8",23,8,0.681,50
"4,5,6,7,8,9,10",8,10,0.507,50
"0,5,6,10",13,10,0.166,50
"4,5,6,10",24,"4,6,10",0.727,50
"0,2,5,6,10",1,10,0.289,50
"0,11,12",18,"11,12",0.729,51
"1,2,4,10",5,10,0.323,51
"0,10,11,12,14",23,"10,11,12,14",0.039,51
"0,5,6,10",19,10,0.624,51
"0,5,6,10",6,10,0.399,51
"0,5,6,10",14,10,0.102,51
"1,5,6,10",14,10,0.162,51
"0,2,5,6,10",13,10,0.14,51
"0,2,5,6",19,nan,0.376,51
"0,1,2,5,6",19,nan,0.395,51
"0,2,5,6",25,nan,0.786,51
"0,1,2,4,5,6",19,nan,0.438,51
"0,10,11,12,14",16,"10,11,12,14",0.45,51
"0,2,5,6,10",24,10,0.222,51
"4,5,6,10",21,"4,6,10",0.498,51
"4,5,6,10",23,"4,6,10",0.63,51
"1,5,6,10",7,10,0.575,51
"2,5,6,10",22,10,0.059,51
"0,2,11,12",18,nan,0.197,51
"0,4",2,nan,0.585,51
"1,5,6,10",23,10,0.583,52
"0,11,12",8,"11,12",0.372,52
"0,2,5,6,10",21,10,0.429,52
"2,5,6,10",10,10,0.031,52
"2,5,6,10",7,10,0.38,52
"0,5,6,10",17,10,0.361,52
"0,1,2,4,5,6",20,nan,0.584,52
"0,5,6,10",2,10,0.151,52
"0,2,5,6",18,nan,0.27,52
"1,4,5",3,nan,0.253,52
"0,5,6,8",4,8,0.142,52
"0,1,2,5,6",11,nan,0.065,52
"0,2,11,12",10,nan,0.033,52
"0,2,5,6,10",24,10,0.236,52
"0,5,6,8",8,8,0.438,52
"0,5,6,8",1,8,0.477,52
"4,5,6,10",3,"4,6,10",0.286,53
"1,2,4,10",6,10,0.397,53
"1,5,6,10",9,10,0.221,53
"0,2,5,6,10",1,10,0.256,53
"2,5,6,10",12,10,0.62,53
"0,2,11,12",9,nan,0.646,53
"0,5,6,8",2,8,0.063,53
"0,2,11,12",8,nan,0.395,53
"0,2,5,6,10",1,10,0.585,53
"0,2,5,6",18,nan,0.457,53
"1,4,5",21,nan,0.575,53
"1,5,6,10",21,10,0.781,53
"0,10,11,12,14",11,"10,11,12,14",0.434,53
"0,2,11,12",5,nan,0.766,54
"0,2,5,6,10",10,10,0.138,54
"1,2,4,10",12,10,0.155,54
"4,5,6,7,8,9,10",21,10,0.521,54
"1,5,6,10",14,10,0.666,54
"0,1,2,4,5,6",20,nan,0.757,55
"1,4,5,6,13,14",13,"4,13,14",0.598,57
"0,5,6,8",25,8,0.643,57
"0,5,6,8",23,8,0.662,58
"0,2,5,6",17,nan,0.185,59
"2,5,6,10",17,10,0.41,60
"1,2,4,10",25,10,0.467,60
"0,2,5,6",7,nan,0.383,63
"0,1,2,5,6",2,nan,0.061,64
"1,4,5",17,nan,0.058,65
"1,2,4,10",11,10,0.285,65
"1,2,4,10",18,10,0.062,65
"0,1,2,4,5,6",25,nan,0.212,65
"1,4,5",20,nan,0.063,66
"0,2,5,6",11,nan,0.197,66
"0,1,2,5,6",23,nan,0.153,66
"0,1,2,4,5,6",14,nan,0.628,66
"0,1,2,5,6",15,nan,0.39,66
"4,5,6,7,8,9,10",17,10,0.239,66
"1,4,5",15,nan,0.752,67
"0,2,5,6",22,nan,0.416,67
"0,2,5,6",18,nan,0.712,67
"2,5,6,10",15,10,0.744,67
"0,2,11,12",21,nan,0.504,67
"0,5,6,10",1,10,0.69,67
"4,5,6,10",23,"4,6,10",0.563,67
"4,5,6,10",18,"4,6,10",0.436,67
"0,11,12",9,"11,12",0.612,67
"0,5,6,10",17,10,0.148,67
"4,5,6,7,8,9,10",17,10,0.007,67
"4,5,6,7,8,9,10",20,10,0.165,67
"4,5,6,10",12,"4,6,10",0.757,67
"0,2,5,6,10",22,10,0.763,67
"4,5,6,7,8,9,10",20,10,0.454,67
"0,2,5,6,10",16,10,0.552,67
"1,4,5,6,13,14",7,"4,13,14",0.49,68
"0,4",15,nan,0.641,68
"2,5,6,10",16,10,0.594,68
"0,4",3,nan,0.674,68
"0,1,2,4,5,6",17,nan,0.389,68
"2,5,6,10",12,10,0.557,68
"0,11,12",7,"11,12",0.202,68
"4,5,6,10",25,"4,6,10",0.604,68
"1,5,6,10",20,10,0.546,68
"4,5,6,7,8,9,10",12,10,0.381,68
"0,1,2,4,5,6",20,nan,0.685,68
"0,1,2,5,6",11,nan,0.575,68
"0,10,11,12,14",2,"10,11,12,14",0.451,68
"0,1,2,4,5,6",22,nan,0.449,68
"0,4",4,nan,0.752,68
"0,1,2,4,5,6",24,nan,0.252,68
"0,5,6,10",25,10,0.552,69
"0,2,5,6,10",16,10,0.092,69
"0,4",20,nan,0.078,69
"0,4",20,nan,0.08,69
"0,10,11,12,14",15,"10,11,12,14",0.595,69
"0,1,2,5,6",3,nan,0.279,69
"0,2,5,6",3,nan,0.362,69
"0,2,5,6",17,nan,0.063,69
"2,5,6,10",1,10,0.209,69
"1,4,5",13,nan,0.569,69
"0,5,6,10",3,10,0.742,69
"0,1,2,5,6",9,nan,0.718,69
"0,5,6,8",8,8,0.751,69
"4,5,6,10",14,"4,6,10",0.712,69
"0,1,2,5,6",5,nan,0.618,69
"0,1,2,5,6",4,nan,0.024,69
"0,2,11,12",3,nan,0.71,69
"0,2,5,6",10,nan,0.625,69
"0,10,11,12,14",10,"10,11,12,14",0.632,70
"0,4",17,nan,0.131,70
"0,2,5,6,10",15,10,0.789,70
"0,11,12",12,"11,12",0.528,70
"0,2,5,6",12,nan,0.718,70
"0,5,6,8",13,8,0.555,70
"0,1,2,5,6",13,nan,0.539,70
"4,5,6,10",15,"4,6,10",0.494,70
"1,4,5,6,13,14",7,"4,13,14",0.395,70
"1,4,5",4,nan,0.591,70
"0,2,5,6",25,nan,0.215,70
"1,5,6,10",18,10,0.732,70
"4,5,6,7,8,9,10",2,10,0.395,71
"0,5,6,10",22,10,0.108,71
"1,4,5,6,13,14",4,"4,13,14",0.751,71
"2,5,6,10",3,10,0.401,71
"1,4,5",12,nan,0.085,71
"4,5,6,7,8,9,10",5,10,0.451,71
"0,11,12",14,"11,12",0.047,71
"0,11,12",24,"11,12",0.099,71
"0,2,5,6",18,nan,0.598,71
"0,1,2,4,5,6",18,nan,0.229,71
"4,5,6,10",13,"4,6,10",0.595,71
"0,5,6,8",13,8,0.568,71
"1,4,5",7,nan,0.479,71
"0,1,2,4,5,6",15,nan,0.416,71
"2,5,6,10",20,10,0.246,71
"0,5,6,8",6,8,0.214,71
"0,5,6,8",6,8,0.735,71
"0,5,6,10",24,10,0.656,71
"0,2,11,12",18,nan,0.164,71
"0,5,6,8",22,8,0.227,72
"1,4,5",14,nan,0.311,72
"0,2,5,6",20,nan,0.685,72
"0,2,5,6,10",4,10,0.747,72
"0,5,6,8",22,8,0.452,72
"4,5,6,10",6,"4,6,10",0.078,72
"2,5,6,10",18,10,0.463,72
"0,5,6,10",18,10,0.629,72
"0,5,6,8",25,8,0.114,72
"0,1,2,4,5,6",12,nan,0.458,72
"0,11,12",5,"11,12",0.189,72
"0,1,2,5,6",3,nan,0.687,72
"0,2,5,6,10",17,10,0.65,72
"0,10,11,12,14",17,"10,11,12,14",0.316,72
"0,4",14,nan,0.274,72
"0,2,5,6,10",17,10,0.282,72
"4,5,6,10",9,"4,6,10",0.372,72
"0,4",24,nan,0.293,72
"0,2,5,6,10",6,10,0.006,72
"0,5,6,8",17,8,0.385,72
"0,5,6,8",5,8,0.304,72
"1,2,4,10",13,10,0.575,73
"0,5,6,10",8,10,0.488,73
"0,11,12",2,"11,12",0.359,73
"0,11,12",7,"11,12",0.462,73
"2,5,6,10",22,10,0.058,73
"0,4",13,nan,0.577,73
"2,5,6,10",13,10,0.644,73
"0,4",17,nan,0.645,73
"1,4,5,6,13,14",16,"4,13,14",0.548,73
"0,10,11,12,14",6,"10,11,12,14",0.662,73
"1,4,5,6,13,14",3,"4,13,14",0.515,73
"0,4",5,nan,0.074,74
"1,2,4,10",2,10,0.471,74
"4,5,6,7,8,9,10",16,10,0.187,74
"1,4,5,6,13,14",16,"4,13,14",0.787,74
"4,5,6,10",22,"4,6,10",0.147,74
"0,5,6,8",8,8,0.667,74
"0,2,11,12",22,nan,0.646,74
"2,5,6,10",1,10,0.504,75
"2,5,6,10",24,10,0.4,75
"0,2,5,6,10",23,10,0.416,76
"1,4,5,6,13,14",6,"4,13,14",0.25,76
"1,4,5,6,13,14",4,"4,13,14",0.215,76
"0,1,2,5,6",5,nan,0.194,77
"0,1,2,4,5,6",7,nan,0.302,78
"0,2,11,12",4,nan,0.79,80
"1,2,4,10",12,10,0.477,82
"0,10,11,12,14",13,"10,11,12,14",0.094,83
"0,4",25,nan,0.354,83
"0,2,5,6",4,nan,0.223,84
"0,2,5,6",2,nan,0.684,84
"0,5,6,8",2,8,0.662,84
"0,1,2,4,5,6",6,nan,0.366,85
"1,2,4,10",9,10,0.197,85
"0,2,11,12",6,nan,0.57,85
"0,1,2,4,5,6",13,nan,0.286,85
"1,2,4,10",6,10,0.795,85
"1,2,4,10",16,10,0.755,85
"4,5,6,7,8,9,10",23,10,0.753,86
"0,11,12",11,"11,12",0.713,86
"0,1,2,4,5,6",24,nan,0.386,86
"0,5,6,10",8,10,0.113,86
"1,5,6,10",16,10,0.101,86
"0,5,6,8",14,8,0.182,86
"2,5,6,10",1,10,0.626,86
"0,10,11,12,14",13,"10,11,12,14",0.126,86
"0,1,2,5,6",11,nan,0.483,86
"0,1,2,4,5,6",17,nan,0.532,86
"0,5,6,8",11,8,0.221,87
"4,5,6,7,8,9,10",9,10,0.199,87
"1,5,6,10",24,10,0.207,87
"0,1,2,4,5,6",25,nan,0.027,87
"0,1,2,5,6",7,nan,0.446,87
"0,1,2,4,5,6",15,nan,0.558,87
"0,11,12",14,"11,12",0.226,87
"0,10,11,12,14",12,"10,11,12,14",0.389,87
"0,4",14,nan,0.414,88
"1,5,6,10",5,10,0.058,88
"1,4,5",24,nan,0.21,88
"0,4",19,nan,0.053,88
"0,5,6,10",18,10,0.02,88
"0,2,5,6,10",8,10,0.428,88
"4,5,6,7,8,9,10",18,10,0.258,88
"2,5,6,10",1,10,0.719,88
"1,4,5",13,nan,0.442,88
"0,11,12",25,"11,12",0.371,88
"0,5,6,10",7,10,0.041,88
"1,5,6,10",22,10,0.009,88
"0,11,12",17,"11,12",0.318,88
"4,5,6,10",9,"4,6,10",0.169,89
"1,2,4,10",22,10,0.077,89
"0,4",24,nan,0.578,89
"0,11,12",6,"11,12",0.371,89
"1,4,5",7,nan,0.703,89
"0,2,11,12",8,nan,0.037,89
"4,5,6,7,8,9,10",3,10,0.671,89
"1,4,5,6,13,14",2,"4,13,14",0.431,89
"0,1,2,5,6",7,nan,0.568,89
"0,2,11,12",7,nan,0.308,89
"1,4,5",25,nan,0.32,89
"0,2,5,6",12,nan,0.723,89
"1,4,5,6,13,14",22,"4,13,14",0.183,89
"4,5,6,10",22,"4,6,10",0.259,89
"0,4",1,nan,0.794,89
"2,5,6,10",15,10,0.797,89
"0,4",22,nan,0.285,89
"0,10,11,12,14",23,"10,11,12,14",0.039,90
"0,5,6,10",4,10,0.652,90
"0,1,2,5,6",1,nan,0.465,90
"0,11,12",19,"11,12",0.563,90
"0,2,11,12",23,nan,0.163,90
"1,2,4,10",18,10,0.61,90
"4,5,6,7,8,9,10",18,10,0.366,90
"1,4,5,6,13,14",11,"4,13,14",0.323,90
"2,5,6,10",23,10,0.709,90
"0,2,5,6,10",18,10,0.575,90
"0,11,12",22,"11,12",0.796,90
"1,4,5",8,nan,0.601,90
"0,2,5,6",2,nan,0.539,90
"0,11,12",8,"11,12",0.165,90
"0,4",7,nan,0.687,90
"0,5,6,10",11,10,0.404,90
"0,11,12",6,"11,12",0.161,90
"1,2,4,10",24,10,0.557,90
"0,1,2,5,6",12,nan,0.307,90
"1,5,6,10",14,10,0.587,90
"1,2,4,10",3,10,0.756,90
"1,4,5,6,13,14",13,"4,13,14",0.576,90
"0,1,2,5,6",3,nan,0.729,90
"0,11,12",12,"11,12",0.097,90
"1,2,4,10",13,10,0.03,90
"1,2,4,10",5,10,0.05,91
"1,5,6,10",21,10,0.455,91
"0,2,5,6,10",7,10,0.198,91
"1,4,5,6,13,14",11,"4,13,14",0.561,91
"0,1,2,5,6",21,nan,0.784,91
"0,1,2,5,6",21,nan,0.099,91
"0,1,2,5,6",17,nan,0.419,91
"0,1,2,4,5,6",14,nan,0.74,91
"0,5,6,10",1,10,0.109,91
"0,1,2,4,5,6",22,nan,0.597,91
"0,1,2,4,5,6",5,nan,0.083,91
"0,5,6,8",13,8,0.237,91
"0,5,6,10",6,10,0.025,91
"1,4,5,6,13,14",19,"4,13,14",0.73,91
"1,5,6,10",12,10,0.278,91
"0,5,6,8",6,8,0.711,92
"4,5,6,7,8,9,10",9,10,0.729,92
"0,11,12",2,"11,12",0.286,92
"0,1,2,4,5,6",23,nan,0.676,92
"0,2,11,12",2,nan,0.629,92
"2,5,6,10",12,10,0.519,92
"0,1,2,4,5,6",7,nan,0.551,92
"0,5,6,8",24,8,0.389,92
"0,5,6,10",1,10,0.039,92
"0,5,6,8",24,8,0.605,92
"1,4,5,6,13,14",2,"4,13,14",0.051,92
"1,5,6,10",18,10,0.057,92
"2,5,6,10",15,10,0.055,92
"0,5,6,10",5,10,0.517,92
"2,5,6,10",4,10,0.488,92
"0,5,6,8",21,8,0.437,92
"0,5,6,10",5,10,0.768,92
"1,4,5",10,nan,0.628,92
"0,10,11,12,14",3,"10,11,12,14",0.254,93
"0,1,2,5,6",14,nan,0.472,93
"0,2,5,6,10",16,10,0.682,93
"1,4,5,6,13,14",24,"4,13,14",0.243,93
"0,5,6,8",6,8,0.216,93
"0,10,11,12,14",12,"10,11,12,14",0.074,94
"1,5,6,10",11,10,0.319,94
"1,4,5,6,13,14",20,"4,13,14",0.159,94
"2,5,6,10",14,10,0.11,94
"1,4,5,6,13,14",13,"4,13,14",0.704,94
"4,5,6,7,8,9,10",14,10,0.769,94
"0,1,2,5,6",3,nan,0.553,94
"0,2,5,6",8,nan,0.36,94
"0,5,6,10",13,10,0.531,94
"0,5,6,10",21,10,0.65,95
"0,4",17,nan,0.52,95
"1,2,4,10",14,10,0.587,96
"0,2,11,12",19,nan,0.674,96
"0,2,5,6",7,nan,0.401,96
"0,2,5,6",1,nan,0.663,97
"0,2,5,6",3,nan,0.699,98
"1,5,6,10",4,10,0.35,100
"1,5,6,10",14,10,0.382,101
"0,4",16,nan,0.348,102
"0,5,6,8",19,8,0.591,103
"0,2,11,12",20,nan,0.62,104
"1,4,5",16,nan,0.451,105
"0,11,12",12,"11,12",0.312,105
"1,5,6,10",5,10,0.09,105
"1,2,4,10",5,10,0.303,105
"0,5,6,10",1,10,0.08,106
"0,1,2,5,6",15,nan,0.488,106
"0,1,2,5,6",1,nan,0.434,106
"2,5,6,10",19,10,0.248,106
"0,1,2,4,5,6",19,nan,0.441,106
"1,2,4,10",14,10,0.77,106
"1,4,5,6,13,14",1,"4,13,14",0.691,106
"0,2,11,12",19,nan,0.279,106
"1,2,4,10",23,10,0.742,106
"0,5,6,8",20,8,0.645,106
"1,4,5,6,13,14",25,"4,13,14",0.652,107
"4,5,6,7,8,9,10",14,10,0.128,107
"0,1,2,5,6",7,nan,0.584,107
"1,4,5",18,nan,0.084,107
"0,1,2,5,6",17,nan,0.537,107
"0,2,5,6",5,nan,0.467,107
"0,5,6,8",6,8,0.494,107
"0,2,11,12",14,nan,0.157,107
"0,1,2,4,5,6",16,nan,0.371,107
"0,2,5,6,10",6,10,0.38,107
"0,11,12",9,"11,12",0.606,107
"0,1,2,5,6",2,nan,0.15,107
"4,5,6,10",1,"4,6,10",0.628,107
"4,5,6,10",25,"4,6,10",0.342,107
"0,2,5,6,10",12,10,0.689,107
"0,11,12",6,"11,12",0.21,107
"1,5,6,10",11,10,0.124,107
"0,2,5,6,10",5,10,0.453,108
"0,2,5,6,10",15,10,0.284,108
"0,2,11,12",3,nan,0.701,108
"0,1,2,5,6",19,nan,0.315,108
"0,11,12",14,"11,12",0.357,108
"1,4,5",14,nan,0.613,108
"4,5,6,7,8,9,10",23,10,0.799,108
"1,4,5",20,nan,0.078,108
"0,4",5,nan,0.614,108
"1,5,6,10",13,10,0.173,108
"2,5,6,10",12,10,0.106,108
"0,10,11,12,14",3,"10,11,12,14",0.215,108
"0,1,2,4,5,6",1,nan,0.636,108
"0,2,11,12",17,nan,0.116,108
"0,1,2,4,5,6",10,nan,0.679,108
"2,5,6,10",4,10,0.21,108
"1,5,6,10",19,10,0.15,108
"0,1,2,5,6",11,nan,0.229,108
"1,4,5,6,13,14",5,"4,13,14",0.041,108
"0,1,2,4,5,6",4,nan,0.573,108
"0,11,12",20,"11,12",0.783,108
"0,10,11,12,14",13,"10,11,12,14",0.594,108
"4,5,6,10",14,"4,6,10",0.779,108
"2,5,6,10",16,10,0.17,108
"0,2,5,6",25,nan,0.624,109
"1,2,4,10",3,10,0.773,109
"4,5,6,7,8,9,10",13,10,0.055,109
"0,2,11,12",12,nan,0.549,109
"2,5,6,10",19,10,0.466,109
"0,2,5,6",25,nan,0.428,109
"2,5,6,10",6,10,0.208,109
"1,2,4,10",1,10,0.674,109
"1,4,5",23,nan,0.315,109
"4,5,6,10",23,"4,6,10",0.451,109
"0,2,11,12",7,nan,0.381,109
"0,10,11,12,14",20,"10,11,12,14",0.417,109
"2,5,6,10",11,10,0.36,109
"2,5,6,10",21,10,0.15,109
"1,4,5",18,nan,0.681,109
"0,5,6,10",17,10,0.098,109
"1,4,5",8,nan,0.774,110
"0,2,11,12",16,nan,0.282,110
"2,5,6,10",8,10,0.607,110
"1,4,5,6,13,14",11,"4,13,14",0.73,110
"0,11,12",22,"11,12",0.08,110
"1,2,4,10",2,10,0.555,110
"4,5,6,7,8,9,10",13,10,0.203,110
"0,2,11,12",7,nan,0.476,110
"0,2,5,6",5,nan,0.744,110
"1,4,5,6,13,14",4,"4,13,14",0.79,110
"0,1,2,4,5,6",23,nan,0.066,110
"0,5,6,8",2,8,0.062,110
"1,4,5,6,13,14",23,"4,13,14",0.241,110
"0,1,2,4,5,6",15,nan,0.037,111
"2,5,6,10",16,10,0.457,111
"0,5,6,10",6,10,0.617,111
"0,2,5,6",18,nan,0.717,111
"0,2,5,6,10",9,10,0.257,111
"4,5,6,7,8,9,10",13,10,0.533,111
"1,5,6,10",9,10,0.317,111
"1,2,4,10",19,10,0.754,111
"0,1,2,5,6",3,nan,0.342,111
"1,2,4,10",14,10,0.372,111
"0,10,11,12,14",19,"10,11,12,14",0.087,111
"4,5,6,7,8,9,10",11,10,0.373,111
"1,4,5,6,13,14",16,"4,13,14",0.387,111
"1,5,6,10",15,10,0.23,111
"0,5,6,8",14,8,0.429,112
"4,5,6,7,8,9,10",19,10,0.688,112
"0,5,6,10",4,10,0.59,112
"0,5,6,10",9,10,0.442,112
"0,11,12",24,"11,12",0.587,112
"1,5,6,10",3,10,0.092,112
"4,5,6,10",10,"4,6,10",0.777,112
"1,5,6,10",15,10,0.129,112
"4,5,6,7,8,9,10",14,10,0.079,112
"0,1,2,5,6",5,nan,0.157,112
"1,4,5",3,nan,0.174,112
"0,2,5,6",3,nan,0.082,112
"4,5,6,7,8,9,10",23,10,0.393,112
"1,4,5",22,nan,0.38,113
"0,2,11,12",24,nan,0.269,113
"4,5,6,10",12,"4,6,10",0.735,113
"1,4,5,6,13,14",1,"4,13,14",0.471,113
"0,1,2,4,5,6",16,nan,0.714,113
"0,5,6,8",14,8,0.231,113
"2,5,6,10",7,10,0.574,113
"0,1,2,5,6",1,nan,0.638,113
"1,2,4,10",10,10,0.161,114
"0,4",24,nan,0.683,114
"0,10,11,12,14",24,"10,11,12,14",0.723,114
"0,5,6,8",9,8,0.164,114
"0,10,11,12,14",2,"10,11,12,14",0.249,114
"1,5,6,10",9,10,0.263,114
"4,5,6,7,8,9,10",23,10,0.501,114
"0,2,11,12",12,nan,0.693,115
"0,5,6,8",22,8,0.529,115
"4,5,6,7,8,9,10",15,10,0.456,115
"0,10,11,12,14",12,"10,11,12,14",0.505,115
"0,2,5,6,10",25,10,0.46,115
"0,4",17,nan,0.552,115
"0,1,2,5,6",17,nan,0.16,116
"0,2,5,6",8,nan,0.64,119
"1,2,4,10",20,10,0.343,121
"4,5,6,7,8,9,10",25,10,0.65,122
"4,5,6,7,8,9,10",16,10,0.163,123
"0,2,11,12",20,nan,0.732,123
"0,4",7,nan,0.458,123
"0,5,6,10",1,10,0.698,124
"0,1,2,4,5,6",22,nan,0.159,124
"0,1,2,4,5,6",19,nan,0.018,124
"4,5,6,10",22,"4,6,10",0.268,124
"4,5,6,7,8,9,10",16,10,0.745,125
"1,5,6,10",17,10,0.743,125
"0,5,6,10",18,10,0.591,125
"0,11,12",16,"11,12",0.567,126
"4,5,6,10",16,"4,6,10",0.092,126
"0,2,5,6",7,nan,0.703,126
"0,11,12",24,"11,12",0.173,126
"0,2,5,6",8,nan,0.507,127
"0,2,5,6,10",18,10,0.271,127
"1,2,4,10",13,10,0.346,127
"0,2,5,6",4,nan,0.091,127
"0,11,12",20,"11,12",0.335,127
"2,5,6,10",10,10,0.762,127
"0,11,12",3,"11,12",0.42,127
"0,2,5,6",17,nan,0.301,127
"0,2,11,12",8,nan,0.621,127
"4,5,6,7,8,9,10",6,10,0.421,127
"0,1,2,5,6",7,nan,0.036,127
"0,5,6,10",10,10,0.691,127
"1,2,4,10",24,10,0.458,128
"4,5,6,7,8,9,10",2,10,0.184,128
"1,5,6,10",3,10,0.177,128
"0,5,6,10",25,10,0.351,128
"1,4,5,6,13,14",24,"4,13,14",0.366,128
"0,1,2,4,5,6",14,nan,0.442,128
"0,2,11,12",4,nan,0.436,128
"0,2,5,6",16,nan,0.782,128
"0,5,6,8",7,8,0.169,128
"0,1,2,5,6",23,nan,0.269,128
"0,2,11,12",23,nan,0.15,128
"0,1,2,4,5,6",13,nan,0.6,128
"1,5,6,10",4,10,0.597,128
"1,5,6,10",22,10,0.672,128
"1,4,5",1,nan,0.409,129
"1,2,4,10",14,10,0.161,129
"1,5,6,10",22,10,0.095,129
"0,11,12",24,"11,12",0.676,129
"0,4",24,nan,0.692,129
"2,5,6,10",22,10,0.055,129
"0,2,5,6",4,nan,0.744,129
"1,4,5,6,13,14",13,"4,13,14",0.153,129
"0,2,5,6",13,nan,0.437,129
"0,2,11,12",25,nan,0.312,129
"0,5,6,8",22,8,0.544,129
"0,10,11,12,14",4,"10,11,12,14",0.497,129
"4,5,6,10",3,"4,6,10",0.411,129
"0,5,6,10",3,10,0.686,129
"0,11,12",1,"11,12",0.537,129
"4,5,6,10",21,"4,6,10",0.302,129
"4,5,6,10",1,"4,6,10",0.504,129
"0,1,2,4,5,6",16,nan,0.253,130
"0,1,2,4,5,6",17,nan,0.061,130
"2,5,6,10",8,10,0.36,130
"0,2,11,12",18,nan,0.047,130
"4,5,6,10",22,"4,6,10",0.695,130
"0,1,2,4,5,6",25,nan,0.287,130
"1,5,6,10",24,10,0.547,130
"0,11,12",2,"11,12",0.592,130
"0,1,2,5,6",23,nan,0.49,130
"0,2,5,6,10",24,10,0.641,130
"4,5,6,10",4,"4,6,10",0.028,130
"0,4",21,nan,0.321,130
"2,5,6,10",16,10,0.633,130
"0,1,2,4,5,6",15,nan,0.183,130
"1,2,4,10",5,10,0.538,130
"0,4",8,nan,0.129,130
"0,10,11,12,14",17,"10,11,12,14",0.165,130
"0,2,5,6,10",11,10,0.702,130
"4,5,6,7,8,9,10",5,10,0.252,130
"1,4,5",9,nan,0.241,130
"0,2,11,12",18,nan,0.353,130
"0,2,5,6",12,nan,0.228,131
"1,4,5,6,13,14",12,"4,13,14",0.777,131
"0,5,6,10",14,10,0.492,131
"0,1,2,4,5,6",12,nan,0.669,131
"0,4",3,nan,0.064,131
"4,5,6,7,8,9,10",24,10,0.312,131
"0,2,11,12",8,nan,0.212,131
"1,5,6,10",3,10,0.577,131
"4,5,6,10",12,"4,6,10",0.563,131
"0,5,6,8",24,8,0.533,131
"0,5,6,8",22,8,0.57,131
"0,2,5,6",17,nan,0.797,131
"0,2,11,12",9,nan,0.601,131
"4,5,6,7,8,9,10",9,10,0.177,131
"0,2,5,6",22,nan,0.28,131
"1,2,4,10",23,10,0.517,131
"0,1,2,4,5,6",18,nan,0.633,131
"0,5,6,10",19,10,0.65,131
"1,4,5,6,13,14",7,"4,13,14",0.429,132
"1,4,5",10,nan,0.563,132
"1,4,5",8,nan,0.049,132
"2,5,6,10",11,10,0.028,132
"0,5,6,8",25,8,0.004,132
"0,2,11,12",22,nan,0.291,132
"0,11,12",25,"11,12",0.182,132
"0,1,2,5,6",12,nan,0.021,132
"1,5,6,10",2,10,0.392,132
"1,2,4,10",13,10,0.513,132
"0,2,5,6",2,nan,0.699,132
"4,5,6,7,8,9,10",18,10,0.545,132
"4,5,6,10",2,"4,6,10",0.195,132
"0,10,11,12,14",1,"10,11,12,14",0.399,132
"0,5,6,8",25,8,0.362,132
"4,5,6,10",20,"4,6,10",0.577,132
"1,2,4,10",6,10,0.114,132
"0,2,5,6,10",19,10,0.623,133
"4,5,6,10",4,"4,6,10",0.058,133
"1,5,6,10",9,10,0.75,133
"0,1,2,4,5,6",1,nan,0.66,133
"0,1,2,4,5,6",6,nan,0.161,133
"2,5,6,10",9,10,0.107,133
"1,4,5,6,13,14",12,"4,13,14",0.417,133
"1,5,6,10",21,10,0.659,133
"1,5,6,10",12,10,0.252,133
"0,1,2,4,5,6",6,nan,0.042,134
"1,4,5,6,13,14",14,"4,13,14",0.285,134
"4,5,6,10",25,"4,6,10",0.549,134
"1,5,6,10",22,10,0.687,134
"0,11,12",24,"11,12",0.143,134
"0,2,5,6",6,nan,0.286,134
"1,4,5,6,13,14",19,"4,13,14",0.48,134
"0,2,5,6,10",5,10,0.425,134
"0,5,6,8",10,8,0.705,135
"1,4,5,6,13,14",22,"4,13,14",0.436,135
"0,5,6,8",1,8,0.366,135
"0,5,6,10",16,10,0.388,136
"0,10,11,12,14",18,"10,11,12,14",0.127,136
"0,2,5,6",21,nan,0.042,136
"0,5,6,10",25,10,0.728,136
"4,5,6,10",9,"4,6,10",0.266,137
"4,5,6,10",11,"4,6,10",0.208,137
"0,2,11,12",3,nan,0.265,139
"0,10,11,12,14",21,"10,11,12,14",0.147,141
"4,5,6,10",18,"4,6,10",0.226,143
"4,5,6,7,8,9,10",17,10,0.8,143
"4,5,6,7,8,9,10",12,10,0.465,144
"0,2,11,12",16,nan,0.142,144
"0,2,5,6,10",6,10,0.544,144
"0,11,12",15,"11,12",0.523,145
"2,5,6,10",11,10,0.622,145
"0,4",21,nan,0.756,145
"0,4",4,nan,0.342,145
"0,1,2,5,6",11,nan,0.08,145
"1,5,6,10",19,10,0.6,145
"0,11,12",25,"11,12",0.148,145
"0,5,6,10",20,10,0.609,145
"0,10,11,12,14",16,"10,11,12,14",0.398,146
"0,5,6,10",16,10,0.772,146
"0,4",10,nan,0.458,146
"1,2,4,10",16,10,0.118,146
"1,2,4,10",20,10,0.032,146
"0,5,6,10",6,10,0.024,146
"1,4,5",16,nan,0.369,146
"0,2,5,6",3,nan,0.313,146
"0,2,5,6,10",12,10,0.108,146
"2,5,6,10",12,10,0.62,147
"0,4",12,nan,0.773,147
"0,2,11,12",4,nan,0.466,147
"0,5,6,10",25,10,0.782,147
"4,5,6,7,8,9,10",2,10,0.472,147
"0,5,6,10",17,10,0.39,147
"0,5,6,8",3,8,0.633,147
"0,2,11,12",2,nan,0.208,147
"0,5,6,8",20,8,0.084,147
"0,4",5,nan,0.213,147
"0,1,2,4,5,6",13,nan,0.48,147
"0,4",7,nan,0.107,147
"0,11,12",5,"11,12",0.397,148
"1,5,6,10",8,10,0.012,148
"0,5,6,10",11,10,0.785,148
"0,11,12",4,"11,12",0.289,148
"0,10,11,12,14",17,"10,11,12,14",0.364,148
"1,4,5,6,13,14",2,"4,13,14",0.47,148
"0,2,5,6",13,nan,0.154,148
"0,5,6,10",1,10,0.488,148
"0,11,12",19,"11,12",0.488,148
"0,2,5,6",3,nan,0.457,148
"0,4",8,nan,0.594,148
"0,4",25,nan,0.164,148
"0,4",18,nan,0.033,148
"1,5,6,10",10,10,0.506,148
"0,2,5,6",17,nan,0.182,149
"0,1,2,4,5,6",12,nan,0.69,149
"1,4,5,6,13,14",10,"4,13,14",0.219,149
"0,10,11,12,14",15,"10,11,12,14",0.564,149
"0,2,5,6,10",10,10,0.721,149
"0,1,2,5,6",9,nan,0.454,149
"1,4,5",17,nan,0.608,149
"0,1,2,5,6",7,nan,0.081,149
"4,5,6,10",5,"4,6,10",0.614,149
"0,2,11,12",21,nan,0.473,149
"4,5,6,10",8,"4,6,10",0.128,149
"0,4",25,nan,0.306,149
"1,4,5",1,nan,0.251,149
"4,5,6,10",7,"4,6,10",0.475,149
"1,5,6,10",13,10,0.451,149
"0,1,2,4,5,6",12,nan,0.167,149
"0,10,11,12,14",2,"10,11,12,14",0.5,149
"0,4",12,nan,0.605,150
"1,4,5",22,nan,0.255,150
"0,10,11,12,14",12,"10,11,12,14",0.18,150
"1,4,5,6,13,14",19,"4,13,14",0.48,150
"0,4",16,nan,0.612,150
"0,2,11,12",11,nan,0.088,150
"0,1,2,5,6",23,nan,0.599,150
"1,2,4,10",19,10,0.782,150
"1,5,6,10",2,10,0.364,150
"1,4,5,6,13,14",3,"4,13,14",0.347,150
"1,4,5",20,nan,0.408,150
"0,5,6,8",4,8,0.618,150
"2,5,6,10",12,10,0.737,150
"0,10,11,12,14",24,"10,11,12,14",0.184,151
"0,10,11,12,14",5,"10,11,12,14",0.445,151
"4,5,6,7,8,9,10",22,10,0.393,151
"0,2,5,6,10",23,10,0.423,151
"4,5,6,10",14,"4,6,10",0.6,151
"0,11,12",2,"11,12",0.575,151
"0,5,6,10",9,10,0.318,151
"0,2,11,12",12,nan,0.127,151
"0,10,11,12,14",25,"10,11,12,14",0.429,151
"0,2,11,12",7,nan,0.532,151
"0,2,11,12",10,nan,0.568,151
"0,5,6,8",4,8,0.683,151
"1,4,5,6,13,14",14,"4,13,14",0.616,151
"0,5,6,8",12,8,0.504,151
"1,2,4,10",12,10,0.046,151
"0,11,12",2,"11,12",0.659,152
"1,5,6,10",6,10,0.482,152
"0,2,5,6,10",22,10,0.723,152
"0,5,6,8",12,8,0.084,152
"1,4,5",23,nan,0.325,152
"0,1,2,5,6",22,nan,0.006,152
"0,2,11,12",13,nan,0.708,152
"4,5,6,7,8,9,10",12,10,0.378,152
"0,11,12",24,"11,12",0.684,152
"0,1,2,4,5,6",1,nan,0.676,152
"0,4",15,nan,0.771,152
"2,5,6,10",11,10,0.777,152
"2,5,6,10",25,10,0.097,153
"0,1,2,4,5,6",25,nan,0.734,153
"1,2,4,10",17,10,0.374,153
"1,4,5,6,13,14",4,"4,13,14",0.236,153
"4,5,6,7,8,9,10",2,10,0.618,153
"1,4,5",2,nan,0.665,153
"0,1,2,5,6",5,nan,0.689,153
"2,5,6,10",13,10,0.034,153
"0,2,5,6",1,nan,0.63,153
"0,11,12",1,"11,12",0.533,153
"0,2,5,6,10",10,10,0.253,153
"0,2,5,6",20,nan,0.054,153
"1,2,4,10",9,10,0.546,154
"0,2,5,6",10,nan,0.276,154
"0,1,2,4,5,6",22,nan,0.367,154
"1,4,5",4,nan,0.686,154
"1,5,6,10",12,10,0.615,154
"0,5,6,8",17,8,0.321,154
"0,4",1,nan,0.666,154
"2,5,6,10",15,10,0.133,154
"0,5,6,8",8,8,0.165,155
"1,4,5",17,nan,0.123,155
"1,5,6,10",15,10,0.095,155
"0,2,11,12",10,nan,0.571,155
"4,5,6,10",18,"4,6,10",0.152,156
"1,4,5",13,nan,0.019,156
"0,1,2,4,5,6",9,nan,0.634,156
"1,4,5,6,13,14",25,"4,13,14",0.458,156
"0,5,6,10",12,10,0.559,156
"0,1,2,4,5,6",18,nan,0.524,157
"0,1,2,5,6",3,nan,0.432,158
"2,5,6,10",6,10,0.638,158
"0,1,2,4,5,6",5,nan,0.006,159
"1,5,6,10",25,10,0.241,160
"0,5,6,8",21,8,0.436,164
"0,2,5,6,10",6,10,0.727,164
"0,11,12",20,"11,12",0.393,164
"0,1,2,4,5,6",24,nan,0.076,165
"0,5,6,10",2,10,0.566,165
"0,2,11,12",1,nan,0.407,165
"0,2,5,6,10",18,10,0.088,165
"0,1,2,5,6",7,nan,0.371,165
"4,5,6,7,8,9,10",20,10,0.075,165
"4,5,6,10",13,"4,6,10",0.633,165
"0,10,11,12,14",24,"10,11,12,14",0.351,166
"0,11,12",12,"11,12",0.047,166
"0,1,2,5,6",25,nan,0.043,166
"0,10,11,12,14",8,"10,11,12,14",0.058,166
"0,5,6,10",6,10,0.626,166
"1,5,6,10",10,10,0.324,166
"0,5,6,8",10,8,0.154,166
"4,5,6,10",11,"4,6,10",0.227,166
"1,2,4,10",2,10,0.723,167
"0,2,5,6,10",15,10,0.027,167
"0,4",12,nan,0.501,167
"0,2,11,12",9,nan,0.243,167
"0,4",16,nan,0.39,167
"1,4,5",11,nan,0.484,167
"0,10,11,12,14",10,"10,11,12,14",0.299,167
"0,1,2,4,5,6",14,nan,0.783,167
"1,5,6,10",3,10,0.268,167
"0,2,5,6,10",10,10,0.385,168
"1,4,5",5,nan,0.364,168
"0,2,5,6,10",3,10,0.771,168
"4,5,6,10",14,"4,6,10",0.516,168
"0,2,5,6,10",16,10,0.592,168
"0,2,11,12",7,nan,0.66,168
"0,2,5,6",15,nan,0.437,168
"0,2,5,6,10",19,10,0.138,168
"0,2,5,6,10",25,10,0.156,168
"4,5,6,10",12,"4,6,10",0.313,168
"0,2,5,6",18,nan,0.198,168
"0,10,11,12,14",14,"10,11,12,14",0.293,168
"0,1,2,4,5,6",8,nan,0.483,168
"4,5,6,7,8,9,10",21,10,0.132,168
"1,2,4,10",18,10,0.032,168
"0,5,6,10",25,10,0.721,168
"0,11,12",6,"11,12",0.077,169
"0,10,11,12,14",19,"10,11,12,14",0.301,169
"1,4,5",18,nan,0.417,169
"1,4,5",15,nan,0.786,169
"0,1,2,4,5,6",23,nan,0.608,169
"0,11,12",9,"11,12",0.079,169
"0,11,12",13,"11,12",0.488,169
"0,11,12",13,"11,12",0.586,169
"0,2,11,12",21,nan,0.382,169
"0,5,6,8",22,8,0.427,169
"1,4,5",24,nan,0.001,169
"0,1,2,4,5,6",4,nan,0.031,169
"1,4,5,6,13,14",6,"4,13,14",0.323,169
"0,2,5,6,10",21,10,0.05,169
"0,5,6,8",18,8,0.429,169
"0,1,2,5,6",16,nan,0.508,169
"1,4,5",25,nan,0.443,169
"0,1,2,5,6",10,nan,0.721,169
"0,5,6,10",24,10,0.384,169
"0,1,2,4,5,6",10,nan,0.541,169
"0,10,11,12,14",6,"10,11,12,14",0.161,170
"2,5,6,10",3,10,0.257,170
"0,2,11,12",24,nan,0.456,170
"1,2,4,10",11,10,0.729,170
"0,4",4,nan,0.734,170
"0,5,6,10",5,10,0.044,170
"0,1,2,4,5,6",17,nan,0.64,170
"4,5,6,7,8,9,10",15,10,0.087,170
"0,4",19,nan,0.329,170
"2,5,6,10",14,10,0.78,170
"0,11,12",12,"11,12",0.093,170
"4,5,6,10",25,"4,6,10",0.571,170
"0,11,12",9,"11,12",0.382,170
"0,4",5,nan,0.189,170
"0,2,5,6",12,nan,0.65,171
"0,11,12",17,"11,12",0.42,171
"4,5,6,7,8,9,10",11,10,0.614,171
"4,5,6,7,8,9,10",11,10,0.387,171
"0,2,5,6",5,nan,0.05,171
"0,2,11,12",18,nan,0.602,171
"0,11,12",13,"11,12",0.456,171
"4,5,6,7,8,9,10",7,10,0.471,171
"0,11,12",11,"11,12",0.659,171
"0,1,2,5,6",2,nan,0.305,171
"2,5,6,10",21,10,0.215,171
"4,5,6,10",17,"4,6,10",0.016,171
"4,5,6,7,8,9,10",21,10,0.453,171
"0,2,11,12",8,nan,0.344,172
"0,2,5,6",6,nan,0.586,172
"0,5,6,8",22,8,0.011,172
"0,11,12",16,"11,12",0.372,172
"0,10,11,12,14",8,"10,11,12,14",0.57,172
"0,4",9,nan,0.538,172
"2,5,6,10",1,10,0.422,172
"0,2,5,6",8,nan,0.505,172
"1,5,6,10",9,10,0.555,172
"0,2,11,12",9,nan,0.407,172
"0,10,11,12,14",9,"10,11,12,14",0.694,172
"0,5,6,10",13,10,0.24,172
"0,1,2,5,6",20,nan,0.151,172
"1,5,6,10",17,10,0.367,172
"0,5,6,10",14,10,0.036,172
"2,5,6,10",11,10,0.512,172
"1,5,6,10",3,10,0.217,172
"0,2,5,6,10",23,10,0.403,172
"0,1,2,4,5,6",20,nan,0.601,172
"0,2,11,12",16,nan,0.736,173
"0,1,2,5,6",5,nan,0.782,173
"0,5,6,10",16,10,0.052,173
"0,2,5,6,10",18,10,0.033,173
"1,2,4,10",25,10,0.189,173
"4,5,6,10",10,"4,6,10",0.427,173
"4,5,6,10",21,"4,6,10",0.161,173
"4,5,6,10",9,"4,6,10",0.094,173
"4,5,6,10",5,"4,6,10",0.064,173
"0,5,6,8",10,8,0.044,174
"4,5,6,10",16,"4,6,10",0.469,174
"0,1,2,5,6",4,nan,0.399,174
"0,1,2,4,5,6",15,nan,0.604,174
"0,5,6,8",15,8,0.451,174
"0,4",2,nan,0.132,174
"0,5,6,10",22,10,0.255,174
"0,2,5,6,10",25,10,0.158,174
"0,2,5,6,10",25,10,0.062,174
"0,5,6,8",17,8,0.013,175
"1,4,5",2,nan,0.63,175
"2,5,6,10",1,10,0.499,175
"4,5,6,10",8,"4,6,10",0.382,175
"4,5,6,10",11,"4,6,10",0.709,175
"1,4,5,6,13,14",4,"4,13,14",0.416,176
"0,4",23,nan,0.372,176
"0,2,11,12",2,nan,0.306,176
"0,1,2,4,5,6",5,nan,0.173,177
"1,2,4,10",21,10,0.741,177
"4,5,6,7,8,9,10",13,10,0.485,177
"4,5,6,10",5,"4,6,10",0.598,178
"0,2,5,6,10",16,10,0.547,178
"1,4,5,6,13,14",19,"4,13,14",0.378,182
"0,1,2,5,6",22,nan,0.437,182
"2,5,6,10",22,10,0.099,183
"0,1,2,4,5,6",4,nan,0.782,184
"0,5,6,10",8,10,0.666,184
"0,2,5,6,10",1,10,0.114,185
"4,5,6,10",22,"4,6,10",0.203,185
"0,5,6,8",4,8,0.784,185
"4,5,6,10",15,"4,6,10",0.512,185
"4,5,6,7,8,9,10",5,10,0.634,185
"0,5,6,8",9,8,0.141,185
"0,1,2,5,6",5,nan,0.296,186
"0,4",15,nan,0.521,186
"0,5,6,8",9,8,0.681,186
"0,4",12,nan,0.367,186
"4,5,6,7,8,9,10",25,10,0.249,186
"1,4,5,6,13,14",2,"4,13,14",0.719,186
"0,11,12",2,"11,12",0.5,187
"4,5,6,10",1,"4,6,10",0.724,187
"0,11,12",12,"11,12",0.114,187
"1,4,5,6,13,14",18,"4,13,14",0.093,187
"0,2,5,6",19,nan,0.153,187
"0,4",14,nan,0.262,187
"0,1,2,4,5,6",12,nan,0.454,187
"0,5,6,10",13,10,0.049,187
"0,11,12",3,"11,12",0.413,187
"0,11,12",4,"11,12",0.65,187
"4,5,6,10",23,"4,6,10",0.595,188
"0,11,12",16,"11,12",0.454,188
"0,2,11,12",15,nan,0.066,188
"1,4,5,6,13,14",5,"4,13,14",0.742,188
"0,1,2,5,6",24,nan,0.482,188
"2,5,6,10",17,10,0.706,188
"4,5,6,10",22,"4,6,10",0.693,188
"0,4",18,nan,0.325,188
"1,4,5,6,13,14",25,"4,13,14",0.706,188
"0,4",11,nan,0.089,188
"0,1,2,4,5,6",22,nan,0.518,188
"0,1,2,5,6",15,nan,0.516,188
"0,4",7,nan,0.776,188
"1,4,5,6,13,14",20,"4,13,14",0.109,188
"1,5,6,10",13,10,0.601,188
"0,2,5,6",8,nan,0.02,188
"1,4,5",14,nan,0.705,188
"1,2,4,10",16,10,0.202,188
"0,11,12",9,"11,12",0.016,189
"1,2,4,10",9,10,0.04,189
"0,4",4,nan,0.619,189
"1,4,5",1,nan,0.742,189
"4,5,6,10",12,"4,6,10",0.784,189
"0,5,6,10",3,10,0.337,189
"4,5,6,7,8,9,10",12,10,0.252,189
"4,5,6,10",6,"4,6,10",0.468,189
"4,5,6,7,8,9,10",16,10,0.235,189
"0,5,6,10",19,10,0.512,189
"0,1,2,4,5,6",4,nan,0.509,189
"0,4",12,nan,0.325,189
"1,4,5",18,nan,0.347,189
"4,5,6,7,8,9,10",18,10,0.57,189
"1,5,6,10",18,10,0.111,189
"0,5,6,8",8,8,0.294,189
"1,4,5,6,13,14",20,"4,13,14",0.368,189
"1,4,5",14,nan,0.167,189
"2,5,6,10",4,10,0.082,189
"2,5,6,10",25,10,0.136,189
"1,4,5,6,13,14",6,"4,13,14",0.398,189
"1,5,6,10",3,10,0.548,190
"1,5,6,10",9,10,0.422,190
"2,5,6,10",10,10,0.702,190
"1,4,5",4,nan,0.398,190
"0,2,11,12",7,nan,0.004,190
"0,5,6,8",25,8,0.479,190
"0,1,2,5,6",18,nan,0.138,190
"0,1,2,4,5,6",1,nan,0.323,190
"0,5,6,10",12,10,0.17,190
"1,5,6,10",25,10,0.779,190
"0,11,12",8,"11,12",0.705,190
"0,2,5,6",2,nan,0.657,190
"0,2,11,12",8,nan,0.482,190
"1,5,6,10",3,10,0.104,190
"0,4",7,nan,0.258,190
"0,2,5,6",22,nan,0.744,190
"0,10,11,12,14",16,"10,11,12,14",0.209,190
"0,5,6,10",21,10,0.234,190
"1,5,6,10",6,10,0.044,190
"2,5,6,10",8,10,0.256,191
"4,5,6,7,8,9,10",6,10,0.698,191
"1,2,4,10",22,10,0.716,191
"0,11,12",1,"11,12",0.239,191
"1,4,5,6,13,14",20,"4,13,14",0.051,191
"0,1,2,4,5,6",24,nan,0.43,191
"4,5,6,7,8,9,10",20,10,0.021,191
"2,5,6,10",18,10,0.19,191
"0,1,2,5,6",9,nan,0.668,191
"0,5,6,8",25,8,0.468,191
"2,5,6,10",11,10,0.661,191
"0,5,6,10",24,10,0.497,191
"1,4,5",14,nan,0.096,191
"0,5,6,10",4,10,0.19,192
"4,5,6,10",4,"4,6,10",0.027,192
"0,5,6,8",10,8,0.712,192
"0,2,5,6,10",8,10,0.116,192
"0,1,2,5,6",22,nan,0.769,192
"0,1,2,4,5,6",10,nan,0.244,192
"4,5,6,10",14,"4,6,10",0.564,192
"0,1,2,5,6",14,nan,0.194,192
"1,4,5,6,13,14",19,"4,13,14",0.372,192
"0,5,6,8",18,8,0.475,192
"1,2,4,10",6,10,0.612,192
"2,5,6,10",11,10,0.166,192
"0,1,2,4,5,6",23,nan,0.27,192
"0,10,11,12,14",11,"10,11,12,14",0.68,192
"4,5,6,7,8,9,10",2,10,0.496,192
"2,5,6,10",4,10,0.349,193
"0,2,5,6,10",8,10,0.66,193
"1,4,5,6,13,14",21,"4,13,14",0.014,193
"0,1,2,5,6",25,nan,0.583,193
"0,5,6,10",5,10,0.783,193
"4,5,6,7,8,9,10",17,10,0.64,193
"1,4,5,6,13,14",7,"4,13,14",0.154,193
"0,1,2,4,5,6",9,nan,0.25,193
"4,5,6,7,8,9,10",18,10,0.048,193
"1,5,6,10",6,10,0.136,193
"1,4,5",18,nan,0.459,194
"1,5,6,10",10,10,0.039,194
"0,4",11,nan,0.281,194
"2,5,6,10",7,10,0.425,194
"1,5,6,10",5,10,0.616,194
"4,5,6,7,8,9,10",17,10,0.297,194
"2,5,6,10",4,10,0.113,194
"0,2,5,6",7,nan,0.656,194
"0,1,2,5,6",17,nan,0.597,194
"4,5,6,10",17,"4,6,10",0.618,195
"0,2,5,6,10",5,10,0.629,196
"0,2,11,12",8,nan,0.482,196
"0,2,5,6,10",7,10,0.788,196
"4,5,6,7,8,9,10",23,10,0.54,197
"1,2,4,10",1,10,0.562,197
"1,4,5,6,13,14",12,"4,13,14",0.082,198
"0,11,12",11,"11,12",0.376,199
