"0,1,2,5,6",9,nan,0.645,3
"4,5,6,10",20,"4,6,10",0.274,3
"0,5,6,10",21,10,0.237,4
"1,4,5",17,nan,0.232,5
"0,4",11,nan,0.202,5
"0,10,11,12,14",20,"10,11,12,14",0.002,5
"1,2,4,10",7,10,0.086,6
"1,4,5",14,nan,0.163,6
"1,4,5,6,13,14",15,"4,13,14",0.708,7
"0,11,12",5,"11,12",0.327,7
"0,1,2,4,5,6",20,nan,0.412,7
"0,4",1,nan,0.476,8
"1,4,5,6,13,14",3,"4,13,14",0.042,8
"0,10,11,12,14",21,"10,11,12,14",0.581,8
"0,10,11,12,14",10,"10,11,12,14",0.605,8
"0,2,5,6",9,nan,0.301,9
"0,1,2,4,5,6",17,nan,0.141,9
"0,5,6,8",22,8,0.249,9
"0,1,2,4,5,6",15,nan,0.315,9
"4,5,6,10",1,"4,6,10",0.471,9
"2,5,6,10",15,10,0.019,9
"0,1,2,5,6",13,nan,0.56,10
"0,11,12",16,"11,12",0.389,10
"0,1,2,5,6",6,nan,0.645,10
"0,2,5,6,10",17,10,0.521,10
"0,10,11,12,14",19,"10,11,12,14",0.675,10
"0,1,2,5,6",16,nan,0.191,10
"0,11,12",13,"11,12",0.418,10
"1,4,5,6,13,14",13,"4,13,14",0.089,10
"1,4,5,6,13,14",19,"4,13,14",0.448,10
"0,5,6,8",8,8,0.6,10
"4,5,6,10",13,"4,6,10",0.612,10
"0,1,2,4,5,6",5,nan,0.459,10
"1,5,6,10",14,10,0.688,10
"0,10,11,12,14",9,"10,11,12,14",0.518,11
"1,2,4,10",6,10,0.095,11
"4,5,6,7,8,9,10",25,10,0.715,11
"0,5,6,8",8,8,0.64,11
"0,2,5,6,10",8,10,0.697,11
"0,2,5,6",24,nan,0.766,12
"0,2,5,6",17,nan,0.711,12
"1,4,5",11,nan,0.402,12
"0,2,5,6,10",4,10,0.761,12
"0,4",6,nan,0.102,12
"0,4",6,nan,0.747,13
"0,11,12",14,"11,12",0.415,13
"2,5,6,10",11,10,0.714,13
"0,5,6,8",24,8,0.29,13
"0,4",25,nan,0.621,13
"0,5,6,8",5,8,0.478,13
"0,5,6,10",15,10,0.465,13
"1,2,4,10",22,10,0.136,14
"0,1,2,5,6",21,nan,0.131,14
"0,10,11,12,14",21,"10,11,12,14",0.352,14
"1,2,4,10",25,10,0.684,14
"0,10,11,12,14",24,"10,11,12,14",0.249,14
"0,1,2,4,5,6",1,nan,0.6,15
"2,5,6,10",19,10,0.772,15
"0,1,2,5,6",10,nan,0.244,17
"0,1,2,5,6",6,nan,0.027,18
"0,2,5,6",5,nan,0.616,23
"1,2,4,10",25,10,0.053,24
"1,2,4,10",12,10,0.358,24
"0,5,6,10",5,10,0.147,25
"0,5,6,10",12,10,0.015,26
"0,4",10,nan,0.166,26
"0,5,6,10",24,10,0.56,27
"1,4,5",15,nan,0.033,27
"1,4,5,6,13,14",12,"4,13,14",0.734,27
"2,5,6,10",18,10,0.602,27
"0,4",18,nan,0.761,27
"0,11,12",17,"11,12",0.676,27
"4,5,6,10",19,"4,6,10",0.063,28
"4,5,6,10",20,"4,6,10",0.708,28
"0,1,2,4,5,6",20,nan,0.771,28
"4,5,6,7,8,9,10",21,10,0.016,28
"0,4",13,nan,0.498,28
"0,11,12",5,"11,12",0.105,28
"0,10,11,12,14",5,"10,11,12,14",0.168,29
"1,4,5",20,nan,0.126,29
"4,5,6,7,8,9,10",23,10,0.255,29
"1,5,6,10",5,10,0.404,29
"1,2,4,10",4,10,0.506,29
"0,4",15,nan,0.484,29
"1,2,4,10",18,10,0.509,29
"0,2,5,6,10",23,10,0.67,30
"1,2,4,10",7,10,0.185,30
"0,2,5,6",18,nan,0.187,30
"0,5,6,10",3,10,0.101,30
"1,2,4,10",6,10,0.719,30
"0,1,2,5,6",6,nan,0.524,30
"4,5,6,10",10,"4,6,10",0.77,30
"0,2,11,12",5,nan,0.578,30
"0,5,6,10",23,10,0.787,30
"0,11,12",4,"11,12",0.289,30
"0,5,6,8",14,8,0.681,30
"2,5,6,10",8,10,0.349,31
"4,5,6,10",8,"4,6,10",0.167,31
"4,5,6,10",18,"4,6,10",0.18,31
"0,5,6,8",25,8,0.609,31
"0,1,2,5,6",25,nan,0.67,31
"0,5,6,10",10,10,0.193,32
"0,2,5,6,10",21,10,0.013,32
"1,4,5,6,13,14",6,"4,13,14",0.309,32
"0,2,11,12",11,nan,0.374,32
"0,2,11,12",15,nan,0.109,33
"1,2,4,10",16,10,0.258,33
"1,4,5",18,nan,0.633,33
"2,5,6,10",7,10,0.616,33
"1,5,6,10",9,10,0.316,33
"1,5,6,10",10,10,0.093,33
"4,5,6,7,8,9,10",1,10,0.12,33
"0,5,6,10",21,10,0.157,33
"0,11,12",12,"11,12",0.454,33
"1,4,5",1,nan,0.431,34
"2,5,6,10",11,10,0.621,34
"4,5,6,7,8,9,10",12,10,0.25,34
"0,11,12",19,"11,12",0.501,34
"2,5,6,10",14,10,0.258,34
"1,5,6,10",9,10,0.197,37
"4,5,6,7,8,9,10",4,10,0.489,44
"0,11,12",1,"11,12",0.292,44
"4,5,6,7,8,9,10",18,10,0.258,44
"1,4,5",22,nan,0.106,45
"4,5,6,7,8,9,10",10,10,0.278,46
"0,4",4,nan,0.209,46
"0,1,2,5,6",16,nan,0.752,46
"0,11,12",1,"11,12",0.342,47
"0,1,2,4,5,6",9,nan,0.399,47
"1,2,4,10",3,10,0.737,47
"0,5,6,10",21,10,0.562,47
"0,10,11,12,14",4,"10,11,12,14",0.267,47
"0,2,11,12",12,nan,0.475,47
"0,1,2,4,5,6",7,nan,0.356,47
"0,2,5,6,10",12,10,0.158,47
"0,10,11,12,14",7,"10,11,12,14",0.307,48
"0,1,2,5,6",9,nan,0.76,48
"1,2,4,10",4,10,0.117,48
"1,4,5",6,nan,0.173,48
"0,2,5,6,10",23,10,0.121,48
"2,5,6,10",18,10,0.366,48
"0,1,2,4,5,6",20,nan,0.426,48
"4,5,6,10",12,"4,6,10",0.068,48
"0,5,6,8",17,8,0.395,48
"0,1,2,4,5,6",15,nan,0.175,48
"0,11,12",3,"11,12",0.36,49
"0,2,5,6,10",25,10,0.268,49
"0,2,5,6",20,nan,0.524,49
"0,1,2,4,5,6",10,nan,0.382,50
"4,5,6,7,8,9,10",3,10,0.384,50
"0,1,2,5,6",4,nan,0.452,50
"4,5,6,10",16,"4,6,10",0.715,50
"2,5,6,10",18,10,0.45,50
"0,11,12",24,"11,12",0.253,51
"2,5,6,10",10,10,0.313,51
"0,5,6,8",9,8,0.096,51
"1,4,5,6,13,14",20,"4,13,14",0.671,51
"1,5,6,10",5,10,0.035,51
"0,11,12",1,"11,12",0.085,51
"0,5,6,10",21,10,0.682,51
"4,5,6,7,8,9,10",1,10,0.493,51
"1,2,4,10",6,10,0.473,51
"0,5,6,8",5,8,0.484,51
"0,5,6,10",15,10,0.635,52
"0,11,12",19,"11,12",0.448,52
"0,2,11,12",18,nan,0.156,52
"4,5,6,7,8,9,10",4,10,0.599,52
"0,5,6,8",23,8,0.409,52
"0,1,2,4,5,6",25,nan,0.264,53
"0,2,5,6,10",14,10,0.781,53
"0,5,6,8",9,8,0.267,53
"0,2,11,12",25,nan,0.168,53
"0,11,12",21,"11,12",0.246,53
"4,5,6,7,8,9,10",9,10,0.001,53
"0,4",23,nan,0.199,54
"1,4,5,6,13,14",24,"4,13,14",0.654,54
"0,2,5,6,10",3,10,0.311,54
"0,2,5,6,10",24,10,0.501,55
"4,5,6,7,8,9,10",11,10,0.181,55
"2,5,6,10",23,10,0.666,60
"0,10,11,12,14",25,"10,11,12,14",0.132,66
"1,5,6,10",7,10,0.534,66
"0,11,12",4,"11,12",0.162,66
"4,5,6,7,8,9,10",8,10,0.38,67
"4,5,6,10",24,"4,6,10",0.396,67
"1,5,6,10",14,10,0.203,67
"2,5,6,10",1,10,0.075,67
"2,5,6,10",20,10,0.633,67
"0,1,2,4,5,6",6,nan,0.53,67
"0,4",16,nan,0.2,68
"0,4",19,nan,0.283,68
"4,5,6,7,8,9,10",11,10,0.196,68
"0,2,11,12",14,nan,0.084,68
"0,2,5,6,10",21,10,0.605,68
"1,5,6,10",3,10,0.446,68
"4,5,6,10",12,"4,6,10",0.379,68
"4,5,6,7,8,9,10",12,10,0.035,68
"1,4,5",3,nan,0.193,68
"0,4",23,nan,0.677,69
"0,5,6,8",25,8,0.743,69
"4,5,6,10",7,"4,6,10",0.231,69
"1,4,5,6,13,14",12,"4,13,14",0.554,69
"1,4,5",13,nan,0.674,69
"0,5,6,10",8,10,0.291,70
"2,5,6,10",3,10,0.0,70
"0,5,6,8",22,8,0.781,70
"0,4",16,nan,0.447,70
"4,5,6,10",16,"4,6,10",0.582,70
"0,10,11,12,14",22,"10,11,12,14",0.378,70
"1,4,5,6,13,14",24,"4,13,14",0.619,71
"4,5,6,7,8,9,10",6,10,0.388,71
"1,5,6,10",13,10,0.49,71
"0,1,2,4,5,6",4,nan,0.547,71
"0,5,6,8",1,8,0.445,71
"0,2,11,12",1,nan,0.553,71
"0,5,6,10",12,10,0.721,72
"0,5,6,10",10,10,0.794,72
"0,5,6,8",6,8,0.689,72
"0,1,2,5,6",12,nan,0.357,72
"0,5,6,10",14,10,0.096,72
"4,5,6,7,8,9,10",17,10,0.658,72
"1,4,5",18,nan,0.279,73
"0,2,5,6,10",2,10,0.506,73
"4,5,6,10",17,"4,6,10",0.519,73
"0,1,2,5,6",6,nan,0.622,73
"0,2,5,6,10",22,10,0.095,73
"1,4,5,6,13,14",15,"4,13,14",0.124,73
"0,5,6,8",11,8,0.167,73
"0,1,2,5,6",17,nan,0.681,73
"0,5,6,10",8,10,0.745,74
"0,2,11,12",21,nan,0.629,74
"0,2,5,6,10",12,10,0.601,74
"0,5,6,10",10,10,0.739,74
"2,5,6,10",12,10,0.596,74
"0,5,6,8",18,8,0.645,75
"1,5,6,10",1,10,0.238,76
"4,5,6,10",4,"4,6,10",0.111,77
"0,2,5,6",24,nan,0.543,77
"1,4,5",25,nan,0.115,78
"2,5,6,10",18,10,0.39,78
"0,2,5,6",25,nan,0.491,85
"2,5,6,10",12,10,0.662,85
"1,4,5",7,nan,0.73,85
"0,4",7,nan,0.74,86
"0,2,5,6,10",19,10,0.298,86
"1,2,4,10",3,10,0.194,86
"0,1,2,4,5,6",3,nan,0.725,86
"1,4,5",1,nan,0.075,86
"0,5,6,10",19,10,0.573,86
"1,2,4,10",22,10,0.664,87
"0,5,6,8",22,8,0.375,87
"1,5,6,10",14,10,0.611,87
"0,10,11,12,14",24,"10,11,12,14",0.606,88
"0,11,12",16,"11,12",0.253,88
"1,4,5",23,nan,0.474,88
"0,2,5,6,10",23,10,0.481,88
"2,5,6,10",14,10,0.063,88
"1,5,6,10",9,10,0.689,88
"4,5,6,10",7,"4,6,10",0.638,88
"1,4,5",19,nan,0.289,89
"0,1,2,5,6",24,nan,0.606,89
"0,4",1,nan,0.135,89
"0,5,6,10",17,10,0.39,89
"0,1,2,4,5,6",17,nan,0.538,90
"1,4,5",8,nan,0.193,90
"0,2,5,6",18,nan,0.422,90
"0,2,5,6,10",18,10,0.435,90
"1,5,6,10",10,10,0.332,90
"4,5,6,10",4,"4,6,10",0.342,90
"0,5,6,10",15,10,0.187,90
"0,1,2,5,6",19,nan,0.716,91
"1,4,5",8,nan,0.306,91
"4,5,6,7,8,9,10",22,10,0.011,91
"0,10,11,12,14",5,"10,11,12,14",0.071,91
"0,2,5,6",9,nan,0.531,91
"4,5,6,10",11,"4,6,10",0.255,91
"1,2,4,10",18,10,0.21,91
"2,5,6,10",18,10,0.64,91
"0,1,2,4,5,6",25,nan,0.005,91
"0,2,5,6",10,nan,0.25,91
"4,5,6,10",25,"4,6,10",0.317,92
"0,2,11,12",12,nan,0.714,92
"4,5,6,7,8,9,10",1,10,0.395,92
"1,4,5",9,nan,0.681,92
"0,5,6,8",11,8,0.447,92
"0,1,2,4,5,6",20,nan,0.307,93
"0,2,5,6",16,nan,0.582,93
"0,2,5,6",9,nan,0.669,93
"4,5,6,7,8,9,10",16,10,0.301,94
"0,2,5,6",3,nan,0.741,94
"2,5,6,10",15,10,0.719,94
"1,5,6,10",24,10,0.796,94
"1,5,6,10",4,10,0.739,95
"0,5,6,10",9,10,0.314,95
"1,2,4,10",14,10,0.385,96
"0,1,2,4,5,6",15,nan,0.098,96
"1,4,5",11,nan,0.593,96
"1,5,6,10",13,10,0.541,96
"1,4,5",1,nan,0.751,97
"0,10,11,12,14",16,"10,11,12,14",0.489,99
"1,4,5,6,13,14",17,"4,13,14",0.525,103
"0,2,11,12",5,nan,0.7,104
"0,4",25,nan,0.033,105
"1,4,5,6,13,14",22,"4,13,14",0.652,106
"0,2,11,12",12,nan,0.584,106
"0,10,11,12,14",23,"10,11,12,14",0.788,107
"1,4,5,6,13,14",5,"4,13,14",0.497,107
"0,2,5,6,10",18,10,0.426,107
"0,2,11,12",1,nan,0.226,107
"0,5,6,8",10,8,0.635,108
"0,11,12",9,"11,12",0.665,108
"4,5,6,10",5,"4,6,10",0.482,108
"0,4",15,nan,0.093,108
"2,5,6,10",10,10,0.248,108
"0,4",5,nan,0.061,108
"0,1,2,5,6",1,nan,0.029,108
"0,4",8,nan,0.12,108
"1,5,6,10",6,10,0.024,109
"2,5,6,10",6,10,0.151,109
"0,2,11,12",5,nan,0.017,109
"1,4,5",11,nan,0.31,109
"0,2,5,6,10",16,10,0.341,109
"0,4",14,nan,0.72,109
"0,1,2,4,5,6",5,nan,0.781,109
"0,10,11,12,14",12,"10,11,12,14",0.452,110
"0,1,2,4,5,6",3,nan,0.622,110
"1,4,5",9,nan,0.398,110
"1,4,5",16,nan,0.326,110
"4,5,6,7,8,9,10",23,10,0.292,110
"1,2,4,10",4,10,0.078,110
"0,1,2,5,6",19,nan,0.2,110
"4,5,6,7,8,9,10",16,10,0.683,110
"0,11,12",24,"11,12",0.208,110
"2,5,6,10",13,10,0.372,111
"4,5,6,10",15,"4,6,10",0.058,111
"0,2,5,6",22,nan,0.524,111
"0,1,2,5,6",11,nan,0.786,111
"1,4,5,6,13,14",12,"4,13,14",0.325,111
"0,2,5,6",20,nan,0.214,111
"0,2,11,12",20,nan,0.001,111
"2,5,6,10",19,10,0.02,111
"1,2,4,10",3,10,0.538,111
"0,5,6,10",9,10,0.256,112
"0,11,12",17,"11,12",0.793,112
"0,2,11,12",9,nan,0.34,112
"1,4,5,6,13,14",8,"4,13,14",0.582,112
"2,5,6,10",14,10,0.372,113
"0,11,12",8,"11,12",0.271,113
"0,11,12",21,"11,12",0.538,113
"0,2,11,12",17,nan,0.241,113
"0,5,6,8",4,8,0.56,114
"0,10,11,12,14",11,"10,11,12,14",0.336,114
"0,4",15,nan,0.064,114
"0,1,2,4,5,6",2,nan,0.644,115
"0,4",6,nan,0.032,116
"4,5,6,7,8,9,10",16,10,0.304,116
"4,5,6,10",5,"4,6,10",0.752,116
"0,1,2,4,5,6",22,nan,0.21,116
"0,10,11,12,14",8,"10,11,12,14",0.4,116
"1,4,5,6,13,14",10,"4,13,14",0.394,117
"1,2,4,10",11,10,0.097,124
"0,10,11,12,14",10,"10,11,12,14",0.663,125
"0,2,5,6",16,nan,0.653,125
"1,4,5,6,13,14",2,"4,13,14",0.015,126
"1,5,6,10",6,10,0.678,126
"0,2,11,12",12,nan,0.8,126
"0,5,6,10",14,10,0.275,126
"0,2,5,6,10",10,10,0.454,126
"1,4,5",15,nan,0.77,127
"0,11,12",11,"11,12",0.486,127
"0,2,5,6,10",15,10,0.542,127
"1,5,6,10",1,10,0.752,128
"0,5,6,8",11,8,0.271,128
"0,5,6,10",2,10,0.551,128
"4,5,6,7,8,9,10",10,10,0.48,128
"1,2,4,10",19,10,0.17,128
"0,11,12",10,"11,12",0.24,128
"2,5,6,10",20,10,0.285,129
"0,2,5,6",18,nan,0.329,129
"0,1,2,5,6",17,nan,0.772,129
"0,4",18,nan,0.528,129
"0,1,2,4,5,6",2,nan,0.774,129
"1,4,5",9,nan,0.339,129
"1,4,5",20,nan,0.406,129
"0,2,5,6,10",5,10,0.221,129
"2,5,6,10",13,10,0.408,130
"1,4,5,6,13,14",1,"4,13,14",0.616,130
"4,5,6,10",22,"4,6,10",0.069,130
"4,5,6,10",21,"4,6,10",0.135,130
"0,2,5,6",12,nan,0.751,130
"0,1,2,4,5,6",14,nan,0.714,130
"4,5,6,7,8,9,10",25,10,0.583,131
"2,5,6,10",18,10,0.467,131
"1,5,6,10",11,10,0.505,131
"4,5,6,10",17,"4,6,10",0.475,131
"1,4,5,6,13,14",22,"4,13,14",0.139,131
"0,1,2,5,6",18,nan,0.215,132
"4,5,6,7,8,9,10",18,10,0.112,132
"0,10,11,12,14",22,"10,11,12,14",0.601,132
"2,5,6,10",5,10,0.564,132
"0,2,5,6,10",10,10,0.422,132
"0,10,11,12,14",21,"10,11,12,14",0.519,132
"4,5,6,7,8,9,10",14,10,0.68,133
"0,5,6,10",4,10,0.345,133
"0,1,2,4,5,6",5,nan,0.444,133
"0,2,5,6,10",16,10,0.118,133
"0,4",22,nan,0.717,133
"0,1,2,5,6",11,nan,0.322,133
"1,4,5,6,13,14",20,"4,13,14",0.06,133
"4,5,6,10",7,"4,6,10",0.639,133
"0,1,2,4,5,6",2,nan,0.489,133
"0,2,11,12",21,nan,0.264,134
"0,5,6,10",20,10,0.577,135
"0,5,6,8",13,8,0.434,135
"0,2,11,12",24,nan,0.495,136
"0,11,12",18,"11,12",0.152,136
"4,5,6,7,8,9,10",24,10,0.442,136
"0,10,11,12,14",10,"10,11,12,14",0.509,137
"0,11,12",2,"11,12",0.027,137
"4,5,6,7,8,9,10",13,10,0.522,140
"0,4",18,nan,0.18,144
"1,4,5,6,13,14",13,"4,13,14",0.214,144
"1,5,6,10",14,10,0.243,144
"0,11,12",17,"11,12",0.108,144
"1,4,5,6,13,14",20,"4,13,14",0.372,145
"0,2,5,6,10",9,10,0.653,145
"0,2,5,6",23,nan,0.247,145
"0,5,6,8",16,8,0.461,145
"0,11,12",2,"11,12",0.672,145
"1,4,5",11,nan,0.524,146
"1,4,5",20,nan,0.769,146
"4,5,6,10",22,"4,6,10",0.536,146
"0,2,5,6",14,nan,0.766,146
"1,4,5,6,13,14",3,"4,13,14",0.335,147
"0,2,5,6",14,nan,0.044,147
"1,5,6,10",21,10,0.441,147
"0,5,6,8",11,8,0.274,147
"0,2,5,6,10",20,10,0.378,147
"2,5,6,10",22,10,0.317,147
"0,5,6,8",19,8,0.072,148
"0,2,5,6",12,nan,0.209,148
"0,1,2,4,5,6",11,nan,0.217,148
"4,5,6,7,8,9,10",5,10,0.338,148
"0,10,11,12,14",24,"10,11,12,14",0.702,148
"4,5,6,10",13,"4,6,10",0.007,148
"0,2,5,6",22,nan,0.053,149
"4,5,6,10",21,"4,6,10",0.283,149
"0,2,5,6",19,nan,0.09,149
"4,5,6,7,8,9,10",4,10,0.616,149
"0,10,11,12,14",17,"10,11,12,14",0.557,149
"1,2,4,10",11,10,0.465,149
"0,5,6,8",9,8,0.582,150
"0,11,12",13,"11,12",0.197,150
"0,4",3,nan,0.351,150
"0,11,12",9,"11,12",0.575,150
"0,1,2,5,6",1,nan,0.061,150
"1,4,5,6,13,14",14,"4,13,14",0.581,151
"0,5,6,8",17,8,0.673,151
"1,5,6,10",19,10,0.593,151
"0,2,5,6",10,nan,0.297,151
"1,4,5,6,13,14",1,"4,13,14",0.659,151
"4,5,6,7,8,9,10",8,10,0.055,152
"2,5,6,10",14,10,0.732,152
"0,2,5,6",2,nan,0.106,152
"0,10,11,12,14",19,"10,11,12,14",0.527,152
"1,4,5",16,nan,0.556,152
"0,1,2,4,5,6",23,nan,0.466,152
"0,4",4,nan,0.15,153
"4,5,6,7,8,9,10",14,10,0.579,153
"0,11,12",24,"11,12",0.535,153
"2,5,6,10",20,10,0.411,153
"0,11,12",4,"11,12",0.726,153
"0,11,12",1,"11,12",0.504,154
"4,5,6,7,8,9,10",1,10,0.06,154
"0,2,5,6,10",13,10,0.729,154
"0,10,11,12,14",2,"10,11,12,14",0.673,154
"1,5,6,10",13,10,0.453,154
"0,11,12",5,"11,12",0.308,155
"0,4",24,nan,0.745,155
"0,2,5,6,10",13,10,0.311,155
"1,5,6,10",13,10,0.472,163
"0,5,6,8",22,8,0.045,164
"0,5,6,8",22,8,0.506,164
"0,10,11,12,14",8,"10,11,12,14",0.384,165
"4,5,6,7,8,9,10",3,10,0.717,165
"1,4,5,6,13,14",4,"4,13,14",0.648,166
"0,5,6,8",17,8,0.546,166
"0,11,12",21,"11,12",0.192,166
"0,1,2,5,6",14,nan,0.48,166
"0,2,5,6,10",25,10,0.081,166
"0,2,11,12",25,nan,0.117,166
"0,10,11,12,14",12,"10,11,12,14",0.343,167
"1,4,5",8,nan,0.262,167
"1,4,5",22,nan,0.455,168
"0,2,5,6",24,nan,0.416,168
"1,5,6,10",20,10,0.71,168
"0,2,11,12",14,nan,0.251,168
"0,10,11,12,14",11,"10,11,12,14",0.27,168
"2,5,6,10",17,10,0.204,168
"0,2,5,6,10",20,10,0.632,168
"0,5,6,10",14,10,0.067,168
"1,4,5,6,13,14",3,"4,13,14",0.634,169
"0,11,12",15,"11,12",0.535,169
"0,4",17,nan,0.452,169
"0,2,11,12",7,nan,0.28,169
"1,4,5,6,13,14",10,"4,13,14",0.077,169
"0,5,6,8",18,8,0.315,169
"0,5,6,8",7,8,0.65,169
"0,2,5,6",16,nan,0.262,169
"0,2,11,12",2,nan,0.473,169
"0,2,5,6,10",21,10,0.434,170
"0,1,2,4,5,6",7,nan,0.591,170
"0,5,6,10",16,10,0.555,170
"1,4,5",15,nan,0.755,170
"0,5,6,10",3,10,0.423,170
"0,2,5,6",20,nan,0.158,170
"0,2,5,6",4,nan,0.641,170
"0,5,6,10",11,10,0.258,170
"4,5,6,7,8,9,10",3,10,0.522,171
"0,10,11,12,14",12,"10,11,12,14",0.492,171
"0,5,6,8",5,8,0.212,171
"4,5,6,10",5,"4,6,10",0.307,171
"4,5,6,7,8,9,10",2,10,0.552,171
"4,5,6,10",15,"4,6,10",0.137,171
"4,5,6,10",18,"4,6,10",0.553,171
"1,4,5,6,13,14",11,"4,13,14",0.744,171
"1,4,5",6,nan,0.423,171
"1,5,6,10",14,10,0.441,172
"0,1,2,5,6",11,nan,0.087,172
"0,1,2,4,5,6",16,nan,0.355,172
"0,1,2,4,5,6",23,nan,0.608,172
"0,2,5,6,10",6,10,0.648,173
"4,5,6,10",11,"4,6,10",0.263,173
"1,5,6,10",19,10,0.424,174
"1,5,6,10",7,10,0.161,175
"4,5,6,10",4,"4,6,10",0.638,175
"1,2,4,10",18,10,0.075,177
"1,4,5",25,nan,0.674,178
"1,4,5",17,nan,0.3,181
"0,1,2,4,5,6",15,nan,0.347,181
"0,11,12",11,"11,12",0.487,185
"1,5,6,10",14,10,0.539,185
"1,2,4,10",24,10,0.17,185
"4,5,6,7,8,9,10",14,10,0.646,185
"0,10,11,12,14",25,"10,11,12,14",0.207,185
"0,5,6,8",7,8,0.522,185
"2,5,6,10",5,10,0.279,186
"0,10,11,12,14",13,"10,11,12,14",0.183,186
"0,4",4,nan,0.789,187
"1,4,5,6,13,14",18,"4,13,14",0.578,187
"0,4",22,nan,0.508,187
"4,5,6,10",1,"4,6,10",0.141,187
"4,5,6,7,8,9,10",24,10,0.562,188
"0,5,6,8",2,8,0.153,188
"0,10,11,12,14",19,"10,11,12,14",0.182,188
"0,5,6,8",21,8,0.153,188
"0,1,2,4,5,6",1,nan,0.164,188
"2,5,6,10",2,10,0.461,189
"0,10,11,12,14",7,"10,11,12,14",0.38,189
"0,2,11,12",22,nan,0.593,189
"1,5,6,10",13,10,0.463,189
"4,5,6,10",2,"4,6,10",0.501,189
"0,1,2,5,6",6,nan,0.529,189
"4,5,6,7,8,9,10",13,10,0.641,189
"0,4",13,nan,0.514,190
"1,4,5,6,13,14",24,"4,13,14",0.583,190
"0,5,6,8",13,8,0.717,190
"1,4,5,6,13,14",17,"4,13,14",0.447,190
"0,11,12",2,"11,12",0.723,190
"0,5,6,10",16,10,0.562,190
"0,1,2,5,6",14,nan,0.767,191
"0,2,5,6,10",3,10,0.639,191
"4,5,6,10",11,"4,6,10",0.728,191
"4,5,6,7,8,9,10",15,10,0.405,191
"1,4,5",2,nan,0.092,191
"0,4",2,nan,0.007,191
"0,5,6,10",3,10,0.548,191
"0,11,12",5,"11,12",0.315,191
"2,5,6,10",24,10,0.626,191
"4,5,6,10",1,"4,6,10",0.618,192
"0,2,5,6,10",16,10,0.108,192
"1,4,5",3,nan,0.13,192
"0,5,6,8",23,8,0.682,193
"0,2,11,12",15,nan,0.66,193
"1,5,6,10",12,10,0.626,193
"1,2,4,10",3,10,0.462,193
"0,1,2,4,5,6",6,nan,0.007,193
"0,2,5,6,10",7,10,0.665,193
"0,11,12",13,"11,12",0.457,193
"4,5,6,7,8,9,10",22,10,0.007,193
"4,5,6,7,8,9,10",3,10,0.636,193
"0,2,5,6",14,nan,0.523,193
"1,2,4,10",13,10,0.204,194
"0,2,5,6",4,nan,0.177,194
"1,4,5,6,13,14",22,"4,13,14",0.232,195
"0,5,6,10",12,10,0.358,195
"4,5,6,10",12,"4,6,10",0.042,195
"1,4,5",2,nan,0.212,196
"0,1,2,4,5,6",17,nan,0.091,197
"0,1,2,4,5,6",4,nan,0.317,197
"0,5,6,10",21,10,0.545,204
"0,5,6,8",1,8,0.317,205
"4,5,6,7,8,9,10",5,10,0.233,205
"2,5,6,10",7,10,0.094,206
"0,11,12",2,"11,12",0.459,207
"0,11,12",12,"11,12",0.401,207
"1,5,6,10",1,10,0.793,207
"0,2,11,12",1,nan,0.761,207
"0,4",16,nan,0.478,207
"0,2,5,6",21,nan,0.381,208
"0,11,12",20,"11,12",0.147,208
"0,2,5,6,10",6,10,0.297,208
"4,5,6,10",5,"4,6,10",0.795,208
"0,4",22,nan,0.789,208
"0,1,2,5,6",11,nan,0.49,208
"4,5,6,10",7,"4,6,10",0.587,209
"1,2,4,10",20,10,0.056,209
"4,5,6,10",18,"4,6,10",0.649,209
"0,4",15,nan,0.634,209
"0,2,11,12",16,nan,0.464,209
"0,2,11,12",13,nan,0.407,209
"1,4,5,6,13,14",12,"4,13,14",0.006,209
"0,2,5,6,10",23,10,0.082,209
"1,5,6,10",8,10,0.049,209
"1,4,5,6,13,14",15,"4,13,14",0.192,209
"4,5,6,10",24,"4,6,10",0.012,210
"0,1,2,5,6",8,nan,0.166,210
"1,2,4,10",3,10,0.375,210
"0,5,6,10",9,10,0.145,210
"4,5,6,10",9,"4,6,10",0.06,210
"1,4,5",12,nan,0.452,210
"0,5,6,8",21,8,0.71,210
"0,2,5,6",12,nan,0.325,210
"0,4",2,nan,0.193,210
"1,4,5",20,nan,0.112,210
"0,11,12",21,"11,12",0.109,210
"2,5,6,10",24,10,0.55,211
"0,2,5,6",5,nan,0.009,211
"4,5,6,7,8,9,10",6,10,0.108,211
"0,2,11,12",7,nan,0.188,211
"0,1,2,4,5,6",23,nan,0.422,211
"0,5,6,8",25,8,0.441,211
"0,2,5,6,10",20,10,0.368,211
"0,5,6,10",11,10,0.467,211
"0,5,6,8",7,8,0.255,212
"4,5,6,10",21,"4,6,10",0.408,212
"0,5,6,8",3,8,0.52,212
"0,4",14,nan,0.061,212
"0,5,6,10",18,10,0.091,212
"1,4,5,6,13,14",11,"4,13,14",0.354,212
"1,4,5",23,nan,0.061,212
"0,1,2,5,6",16,nan,0.759,213
"0,5,6,8",15,8,0.207,214
"1,4,5,6,13,14",17,"4,13,14",0.671,215
"0,1,2,4,5,6",6,nan,0.598,215
"0,1,2,4,5,6",21,nan,0.074,215
"1,2,4,10",20,10,0.632,215
"1,4,5",11,nan,0.645,215
"1,5,6,10",18,10,0.699,215
"0,2,5,6,10",1,10,0.377,216
"1,2,4,10",1,10,0.648,221
"0,5,6,10",7,10,0.372,225
"0,5,6,10",16,10,0.724,225
"4,5,6,10",7,"4,6,10",0.327,225
"0,5,6,10",19,10,0.796,225
"1,2,4,10",7,10,0.681,225
"0,2,5,6,10",20,10,0.563,226
"4,5,6,7,8,9,10",25,10,0.117,226
"0,5,6,10",15,10,0.201,227
"0,2,5,6,10",23,10,0.197,227
"1,5,6,10",16,10,0.434,227
"0,2,5,6,10",23,10,0.467,227
"0,10,11,12,14",11,"10,11,12,14",0.062,227
"0,1,2,4,5,6",1,nan,0.289,227
"0,1,2,4,5,6",7,nan,0.424,228
"2,5,6,10",20,10,0.691,228
"0,4",7,nan,0.328,228
"2,5,6,10",12,10,0.679,228
"0,10,11,12,14",15,"10,11,12,14",0.783,228
"0,11,12",23,"11,12",0.701,228
"0,1,2,4,5,6",24,nan,0.51,229
"4,5,6,7,8,9,10",20,10,0.76,229
"0,5,6,8",20,8,0.465,229
"1,2,4,10",12,10,0.033,229
"1,5,6,10",1,10,0.397,229
"0,5,6,8",19,8,0.223,229
"0,2,11,12",23,nan,0.287,230
"0,5,6,10",5,10,0.754,230
"1,4,5",9,nan,0.141,230
"0,10,11,12,14",7,"10,11,12,14",0.25,230
"0,2,5,6",20,nan,0.475,230
"0,5,6,10",1,10,0.662,230
"0,2,5,6",25,nan,0.737,231
"0,2,5,6,10",5,10,0.434,231
"4,5,6,7,8,9,10",18,10,0.755,231
"0,5,6,8",15,8,0.643,232
"0,5,6,8",25,8,0.378,232
"0,1,2,5,6",6,nan,0.598,232
"0,1,2,4,5,6",21,nan,0.358,232
"1,5,6,10",15,10,0.297,232
"0,5,6,10",20,10,0.334,232
"0,2,5,6",1,nan,0.524,232
"0,2,11,12",3,nan,0.168,233
"0,1,2,5,6",11,nan,0.79,233
"4,5,6,7,8,9,10",5,10,0.718,233
"0,1,2,4,5,6",17,nan,0.642,233
"0,11,12",13,"11,12",0.375,233
"1,4,5,6,13,14",17,"4,13,14",0.726,233
"4,5,6,7,8,9,10",17,10,0.061,233
"0,5,6,8",11,8,0.175,233
"0,1,2,5,6",16,nan,0.607,234
"1,4,5",24,nan,0.547,234
"2,5,6,10",15,10,0.628,234
"0,5,6,10",8,10,0.486,234
"0,4",22,nan,0.644,235
"2,5,6,10",20,10,0.475,235
"0,5,6,10",12,10,0.349,235
"1,2,4,10",20,10,0.624,235
"0,5,6,8",15,8,0.719,236
"1,5,6,10",1,10,0.621,237
"4,5,6,10",10,"4,6,10",0.342,245
"2,5,6,10",2,10,0.038,245
"1,5,6,10",15,10,0.352,245
"0,10,11,12,14",9,"10,11,12,14",0.273,246
"1,4,5,6,13,14",19,"4,13,14",0.289,246
"0,11,12",15,"11,12",0.407,246
"0,1,2,5,6",18,nan,0.294,247
"1,2,4,10",3,10,0.571,247
"4,5,6,10",8,"4,6,10",0.21,248
"1,2,4,10",20,10,0.435,248
"1,4,5",21,nan,0.22,248
"0,10,11,12,14",3,"10,11,12,14",0.596,248
"4,5,6,10",24,"4,6,10",0.018,248
"0,5,6,10",11,10,0.399,248
"0,5,6,10",16,10,0.704,249
"0,2,11,12",20,nan,0.669,249
"1,4,5",24,nan,0.498,249
"0,2,5,6,10",24,10,0.219,249
"0,4",8,nan,0.698,249
"1,5,6,10",3,10,0.277,249
"4,5,6,7,8,9,10",20,10,0.198,249
"0,11,12",10,"11,12",0.286,249
"4,5,6,7,8,9,10",5,10,0.276,249
"1,4,5",2,nan,0.291,249
"2,5,6,10",25,10,0.318,249
"4,5,6,10",6,"4,6,10",0.42,249
"0,2,11,12",12,nan,0.093,249
"0,5,6,10",22,10,0.57,250
"4,5,6,7,8,9,10",7,10,0.589,250
"0,5,6,8",17,8,0.582,250
"4,5,6,10",6,"4,6,10",0.267,250
"0,5,6,10",15,10,0.389,250
"1,4,5,6,13,14",13,"4,13,14",0.38,250
"0,2,5,6,10",20,10,0.5,250
"1,4,5,6,13,14",8,"4,13,14",0.115,250
"4,5,6,7,8,9,10",22,10,0.042,250
"1,5,6,10",20,10,0.757,250
"0,1,2,5,6",2,nan,0.264,251
"0,11,12",7,"11,12",0.322,251
"1,2,4,10",23,10,0.735,251
"1,4,5",12,nan,0.363,251
"1,4,5",20,nan,0.509,251
"0,5,6,10",24,10,0.678,251
"1,2,4,10",6,10,0.196,252
"0,1,2,4,5,6",9,nan,0.123,252
"0,5,6,8",16,8,0.025,252
"0,5,6,10",20,10,0.388,253
"0,2,11,12",14,nan,0.771,253
"0,10,11,12,14",25,"10,11,12,14",0.005,253
"0,2,11,12",15,nan,0.446,253
"0,10,11,12,14",9,"10,11,12,14",0.015,253
"0,1,2,4,5,6",4,nan,0.784,253
"4,5,6,10",6,"4,6,10",0.401,253
"0,11,12",21,"11,12",0.092,253
"4,5,6,10",1,"4,6,10",0.575,254
"1,4,5",16,nan,0.688,254
"1,4,5,6,13,14",22,"4,13,14",0.338,255
"0,2,5,6",9,nan,0.717,255
"0,11,12",11,"11,12",0.763,255
"0,10,11,12,14",2,"10,11,12,14",0.182,257
"1,4,5,6,13,14",17,"4,13,14",0.556,263
"4,5,6,10",6,"4,6,10",0.736,263
"1,4,5",25,nan,0.429,264
"1,4,5",10,nan,0.49,264
"0,5,6,10",19,10,0.622,265
"1,4,5,6,13,14",17,"4,13,14",0.444,265
"0,2,11,12",6,nan,0.609,265
"2,5,6,10",14,10,0.297,265
"1,4,5",11,nan,0.032,266
"4,5,6,7,8,9,10",22,10,0.22,266
"0,10,11,12,14",11,"10,11,12,14",0.674,266
"1,5,6,10",14,10,0.178,266
"0,2,5,6,10",22,10,0.777,267
"0,2,11,12",4,nan,0.759,267
"4,5,6,10",15,"4,6,10",0.532,267
"0,2,5,6,10",25,10,0.345,267
"0,2,5,6",14,nan,0.087,268
"0,5,6,10",22,10,0.297,268
"0,4",24,nan,0.733,268
"1,5,6,10",20,10,0.674,268
"0,4",12,nan,0.004,268
"4,5,6,10",22,"4,6,10",0.679,268
"0,1,2,4,5,6",23,nan,0.079,268
"0,1,2,5,6",13,nan,0.629,268
"0,2,5,6,10",13,10,0.733,269
"0,5,6,10",15,10,0.129,269
"0,11,12",24,"11,12",0.391,269
"0,2,5,6",14,nan,0.107,269
"4,5,6,7,8,9,10",7,10,0.074,269
"1,2,4,10",22,10,0.694,269
"1,4,5,6,13,14",12,"4,13,14",0.735,269
"1,4,5,6,13,14",1,"4,13,14",0.281,269
"0,2,5,6,10",25,10,0.35,270
"0,2,11,12",4,nan,0.372,270
"1,2,4,10",16,10,0.004,270
"2,5,6,10",22,10,0.658,270
"0,2,11,12",12,nan,0.092,270
"0,2,11,12",15,nan,0.705,270
"4,5,6,7,8,9,10",8,10,0.144,271
"0,2,5,6",24,nan,0.659,271
"1,2,4,10",20,10,0.121,271
"4,5,6,10",15,"4,6,10",0.183,271
"0,2,5,6,10",6,10,0.079,271
"0,10,11,12,14",13,"10,11,12,14",0.681,272
"0,1,2,5,6",22,nan,0.056,272
"0,11,12",11,"11,12",0.442,272
"0,11,12",1,"11,12",0.317,272
"0,10,11,12,14",23,"10,11,12,14",0.461,272
"0,2,5,6",1,nan,0.265,273
"1,2,4,10",6,10,0.65,273
"0,10,11,12,14",11,"10,11,12,14",0.004,273
"4,5,6,7,8,9,10",4,10,0.294,273
"0,5,6,8",15,8,0.119,273
"1,4,5",15,nan,0.754,274
"0,1,2,4,5,6",2,nan,0.143,274
"4,5,6,10",4,"4,6,10",0.02,274
"0,1,2,4,5,6",24,nan,0.3,274
"0,11,12",17,"11,12",0.772,274
"2,5,6,10",20,10,0.719,276
"1,4,5,6,13,14",8,"4,13,14",0.456,279
"0,2,11,12",1,nan,0.595,282
"0,5,6,8",14,8,0.087,285
"1,4,5",22,nan,0.168,285
"1,2,4,10",8,10,0.736,286
"0,2,5,6,10",23,10,0.766,286
"0,1,2,5,6",24,nan,0.509,286
"1,4,5,6,13,14",15,"4,13,14",0.6,286
"0,11,12",16,"11,12",0.615,286
"0,10,11,12,14",25,"10,11,12,14",0.774,287
"0,1,2,5,6",20,nan,0.296,287
"1,4,5,6,13,14",19,"4,13,14",0.733,287
"0,4",2,nan,0.163,287
"0,1,2,4,5,6",20,nan,0.482,287
"0,1,2,5,6",8,nan,0.099,287
"1,4,5",7,nan,0.722,287
"0,1,2,4,5,6",18,nan,0.747,288
"0,5,6,10",22,10,0.466,288
"0,10,11,12,14",16,"10,11,12,14",0.752,288
"1,5,6,10",8,10,0.296,288
"1,2,4,10",25,10,0.124,288
"4,5,6,10",13,"4,6,10",0.418,288
"1,5,6,10",10,10,0.465,288
"1,2,4,10",19,10,0.623,289
"1,4,5,6,13,14",4,"4,13,14",0.39,289
"1,4,5,6,13,14",23,"4,13,14",0.505,289
"1,4,5",25,nan,0.685,289
"4,5,6,10",1,"4,6,10",0.508,289
"1,4,5",11,nan,0.548,289
"1,2,4,10",14,10,0.596,289
"0,2,5,6",8,nan,0.293,289
"0,1,2,5,6",18,nan,0.796,289
"4,5,6,7,8,9,10",4,10,0.157,290
"0,11,12",13,"11,12",0.422,290
"0,1,2,5,6",11,nan,0.597,290
"0,2,11,12",6,nan,0.633,290
"0,2,5,6,10",24,10,0.792,290
"0,2,5,6",23,nan,0.746,290
"1,5,6,10",10,10,0.78,291
"0,5,6,8",7,8,0.445,291
"0,1,2,5,6",24,nan,0.195,291
"0,2,5,6,10",4,10,0.444,291
"0,5,6,8",14,8,0.79,291
"1,2,4,10",24,10,0.712,291
"0,2,11,12",6,nan,0.111,291
"1,5,6,10",21,10,0.667,291
"0,1,2,4,5,6",2,nan,0.29,292
"0,11,12",5,"11,12",0.511,292
"1,5,6,10",21,10,0.687,292
"0,10,11,12,14",16,"10,11,12,14",0.497,293
"0,5,6,10",1,10,0.388,293
"1,2,4,10",21,10,0.283,293
"0,5,6,8",10,8,0.027,293
"0,4",12,nan,0.193,293
"0,1,2,5,6",21,nan,0.136,294
"1,2,4,10",1,10,0.197,294
"0,1,2,5,6",11,nan,0.231,294
"4,5,6,10",23,"4,6,10",0.737,295
"4,5,6,10",16,"4,6,10",0.349,296
"0,2,11,12",19,nan,0.706,297
"0,5,6,10",16,10,0.59,300
"0,2,5,6,10",12,10,0.201,302
"0,2,5,6",22,nan,0.033,303
"0,11,12",14,"11,12",0.363,305
"0,10,11,12,14",21,"10,11,12,14",0.509,305
"1,5,6,10",8,10,0.516,306
"2,5,6,10",22,10,0.597,306
"1,2,4,10",13,10,0.207,307
"2,5,6,10",19,10,0.512,307
"0,11,12",15,"11,12",0.284,307
"0,11,12",21,"11,12",0.576,307
"1,5,6,10",1,10,0.677,307
"2,5,6,10",2,10,0.654,308
"0,10,11,12,14",22,"10,11,12,14",0.673,308
"1,2,4,10",7,10,0.093,308
"0,2,5,6",14,nan,0.189,308
"0,11,12",4,"11,12",0.238,308
"4,5,6,7,8,9,10",14,10,0.289,309
"1,2,4,10",15,10,0.633,309
"0,10,11,12,14",1,"10,11,12,14",0.333,309
"0,2,11,12",7,nan,0.332,309
"1,4,5,6,13,14",2,"4,13,14",0.526,309
"1,5,6,10",5,10,0.796,309
"0,11,12",2,"11,12",0.369,309
"4,5,6,7,8,9,10",20,10,0.11,309
"0,4",9,nan,0.532,309
"1,4,5,6,13,14",4,"4,13,14",0.608,309
"0,11,12",7,"11,12",0.443,309
"0,1,2,4,5,6",6,nan,0.301,309
"0,11,12",16,"11,12",0.783,309
"1,4,5,6,13,14",18,"4,13,14",0.561,310
"2,5,6,10",8,10,0.781,310
"1,4,5",23,nan,0.538,310
"1,5,6,10",14,10,0.395,310
"0,5,6,8",19,8,0.726,310
"2,5,6,10",8,10,0.023,310
"1,4,5,6,13,14",21,"4,13,14",0.468,310
"4,5,6,10",18,"4,6,10",0.085,311
"0,4",18,nan,0.622,311
"1,2,4,10",16,10,0.283,311
"1,4,5,6,13,14",9,"4,13,14",0.401,311
"1,4,5,6,13,14",20,"4,13,14",0.652,311
"0,4",12,nan,0.437,311
"1,2,4,10",17,10,0.526,311
"0,10,11,12,14",5,"10,11,12,14",0.14,312
"0,1,2,5,6",14,nan,0.331,312
"0,2,5,6,10",23,10,0.053,312
"0,2,5,6,10",20,10,0.252,312
"0,5,6,8",25,8,0.543,312
"0,5,6,8",2,8,0.422,312
"4,5,6,7,8,9,10",13,10,0.418,312
"0,1,2,5,6",22,nan,0.715,312
"1,4,5,6,13,14",7,"4,13,14",0.036,312
"0,11,12",7,"11,12",0.445,313
"0,2,5,6,10",15,10,0.781,313
"1,2,4,10",22,10,0.036,313
"2,5,6,10",17,10,0.388,313
"1,5,6,10",24,10,0.527,313
"0,4",19,nan,0.334,314
"0,2,11,12",6,nan,0.069,314
"0,1,2,4,5,6",1,nan,0.344,314
"0,5,6,8",8,8,0.522,325
"1,4,5,6,13,14",19,"4,13,14",0.554,326
"1,4,5",21,nan,0.2,326
"1,4,5",7,nan,0.75,326
"0,10,11,12,14",5,"10,11,12,14",0.578,326
"1,2,4,10",3,10,0.423,326
"0,1,2,4,5,6",21,nan,0.45,326
"1,4,5",11,nan,0.28,327
"0,1,2,4,5,6",8,nan,0.601,327
"0,5,6,8",19,8,0.762,327
"1,4,5,6,13,14",16,"4,13,14",0.382,328
"0,2,5,6",25,nan,0.165,328
"0,2,5,6",4,nan,0.734,328
"1,4,5,6,13,14",17,"4,13,14",0.224,328
"2,5,6,10",24,10,0.117,328
"1,2,4,10",5,10,0.441,328
"0,1,2,4,5,6",19,nan,0.537,328
"1,2,4,10",3,10,0.404,329
"0,11,12",10,"11,12",0.192,329
"1,4,5,6,13,14",16,"4,13,14",0.645,329
"2,5,6,10",12,10,0.745,329
"1,2,4,10",10,10,0.748,329
"1,4,5",7,nan,0.505,330
"4,5,6,10",3,"4,6,10",0.323,330
"0,2,5,6",25,nan,0.206,330
"0,1,2,4,5,6",19,nan,0.521,331
"0,2,5,6",23,nan,0.088,331
"0,5,6,10",5,10,0.478,331
"0,4",21,nan,0.388,331
"1,4,5,6,13,14",18,"4,13,14",0.267,331
"4,5,6,7,8,9,10",4,10,0.687,331
"1,5,6,10",2,10,0.591,331
"0,4",1,nan,0.677,331
"4,5,6,10",24,"4,6,10",0.172,331
"0,5,6,10",4,10,0.751,331
"0,10,11,12,14",21,"10,11,12,14",0.172,331
"0,4",23,nan,0.559,331
"1,4,5",24,nan,0.163,331
"1,4,5,6,13,14",20,"4,13,14",0.479,332
"0,11,12",11,"11,12",0.261,332
"0,2,11,12",19,nan,0.376,332
"1,4,5,6,13,14",6,"4,13,14",0.044,332
"1,5,6,10",9,10,0.775,332
"0,2,11,12",4,nan,0.588,332
"1,4,5,6,13,14",20,"4,13,14",0.197,332
"0,2,11,12",13,nan,0.069,332
"0,5,6,8",11,8,0.121,333
"1,2,4,10",1,10,0.175,333
"4,5,6,7,8,9,10",13,10,0.668,333
"0,4",21,nan,0.422,333
"0,5,6,8",21,8,0.46,333
"0,1,2,5,6",15,nan,0.006,333
"1,5,6,10",16,10,0.336,333
"0,2,5,6,10",6,10,0.327,334
"0,1,2,5,6",22,nan,0.312,334
"0,2,5,6,10",9,10,0.088,334
"0,5,6,10",5,10,0.133,334
"0,2,5,6,10",11,10,0.714,337
"4,5,6,10",24,"4,6,10",0.675,337
"0,5,6,10",8,10,0.149,341
"0,1,2,5,6",14,nan,0.414,343
"0,1,2,5,6",4,nan,0.476,343
"1,4,5,6,13,14",2,"4,13,14",0.423,344
"2,5,6,10",11,10,0.068,345
"0,10,11,12,14",1,"10,11,12,14",0.358,345
"2,5,6,10",10,10,0.076,346
"0,2,11,12",2,nan,0.296,346
"2,5,6,10",4,10,0.127,347
"1,4,5,6,13,14",12,"4,13,14",0.017,347
"0,2,5,6",20,nan,0.292,347
"1,4,5",25,nan,0.42,347
"0,5,6,10",23,10,0.023,347
"0,2,5,6,10",21,10,0.476,347
"2,5,6,10",18,10,0.496,347
"4,5,6,7,8,9,10",10,10,0.343,347
"0,11,12",16,"11,12",0.571,348
"0,4",5,nan,0.103,348
"1,4,5,6,13,14",7,"4,13,14",0.56,348
"0,1,2,5,6",3,nan,0.029,348
"0,11,12",23,"11,12",0.464,348
"0,2,5,6",1,nan,0.015,348
"0,1,2,4,5,6",12,nan,0.593,348
"0,4",18,nan,0.774,348
"0,1,2,4,5,6",21,nan,0.123,349
"1,4,5,6,13,14",9,"4,13,14",0.622,349
"0,2,11,12",1,nan,0.186,349
"4,5,6,7,8,9,10",25,10,0.479,349
"1,5,6,10",14,10,0.18,349
"2,5,6,10",15,10,0.407,349
"0,2,5,6",19,nan,0.325,350
"0,2,5,6,10",4,10,0.025,350
"1,5,6,10",21,10,0.033,350
"0,11,12",21,"11,12",0.086,350
"1,4,5",23,nan,0.671,350
"4,5,6,7,8,9,10",12,10,0.136,350
"1,2,4,10",3,10,0.238,351
"0,2,11,12",22,nan,0.028,351
"4,5,6,10",7,"4,6,10",0.726,351
"0,5,6,8",18,8,0.618,351
"1,4,5",17,nan,0.03,351
"0,2,5,6",5,nan,0.283,351
"0,11,12",25,"11,12",0.515,351
"0,11,12",18,"11,12",0.381,352
"1,2,4,10",17,10,0.59,352
"4,5,6,10",13,"4,6,10",0.361,352
"1,4,5,6,13,14",2,"4,13,14",0.446,352
"2,5,6,10",18,10,0.384,352
"4,5,6,10",18,"4,6,10",0.245,352
"0,2,5,6",22,nan,0.061,352
"0,11,12",14,"11,12",0.647,353
"0,5,6,8",3,8,0.435,353
"0,5,6,8",9,8,0.08,353
"0,2,11,12",1,nan,0.125,353
"0,2,5,6",24,nan,0.363,353
"4,5,6,10",25,"4,6,10",0.142,353
"0,2,5,6,10",18,10,0.036,353
"1,5,6,10",18,10,0.47,356
"0,11,12",18,"11,12",0.295,357
"0,2,5,6",5,nan,0.087,357
"4,5,6,10",20,"4,6,10",0.253,359
"1,5,6,10",22,10,0.021,362
"0,5,6,10",22,10,0.716,363
"0,4",1,nan,0.645,364
"4,5,6,10",4,"4,6,10",0.436,364
"4,5,6,7,8,9,10",24,10,0.096,366
"0,11,12",9,"11,12",0.152,366
"0,2,5,6",16,nan,0.165,366
"2,5,6,10",24,10,0.13,366
"4,5,6,10",21,"4,6,10",0.653,366
"0,2,11,12",13,nan,0.181,367
"0,2,5,6,10",8,10,0.131,367
"1,2,4,10",12,10,0.504,367
"1,5,6,10",10,10,0.524,367
"0,11,12",5,"11,12",0.622,367
"1,4,5",6,nan,0.306,367
"1,5,6,10",10,10,0.335,367
"1,2,4,10",15,10,0.394,368
"1,4,5,6,13,14",7,"4,13,14",0.241,368
"1,4,5,6,13,14",14,"4,13,14",0.606,368
"0,2,5,6",7,nan,0.459,368
"0,2,5,6",5,nan,0.736,368
"0,5,6,10",8,10,0.418,368
"0,2,11,12",15,nan,0.022,368
"0,1,2,5,6",6,nan,0.592,369
"1,4,5",10,nan,0.153,369
"4,5,6,10",9,"4,6,10",0.666,369
"1,4,5",3,nan,0.361,369
"0,1,2,5,6",25,nan,0.263,369
"4,5,6,10",6,"4,6,10",0.271,369
"0,2,5,6,10",11,10,0.486,369
"0,4",22,nan,0.044,369
"1,2,4,10",17,10,0.076,369
"0,10,11,12,14",22,"10,11,12,14",0.748,369
"2,5,6,10",17,10,0.402,370
"0,5,6,8",22,8,0.352,370
"0,1,2,5,6",11,nan,0.036,370
"0,1,2,4,5,6",17,nan,0.516,370
"1,5,6,10",19,10,0.523,370
"0,1,2,4,5,6",23,nan,0.028,370
"4,5,6,10",21,"4,6,10",0.176,370
"0,2,5,6,10",16,10,0.584,371
"1,4,5",5,nan,0.506,371
"0,1,2,5,6",5,nan,0.637,371
"1,4,5,6,13,14",7,"4,13,14",0.345,371
"4,5,6,7,8,9,10",15,10,0.061,371
"0,5,6,10",22,10,0.41,372
"0,11,12",17,"11,12",0.181,372
"1,4,5,6,13,14",7,"4,13,14",0.529,372
"1,5,6,10",19,10,0.506,372
"0,5,6,10",10,10,0.454,372
"2,5,6,10",8,10,0.058,373
"0,11,12",17,"11,12",0.111,374
"4,5,6,10",24,"4,6,10",0.678,374
"0,4",4,nan,0.76,374
"1,4,5,6,13,14",17,"4,13,14",0.06,374
"0,2,5,6",11,nan,0.382,375
"0,10,11,12,14",8,"10,11,12,14",0.232,375
"0,10,11,12,14",10,"10,11,12,14",0.41,376
"0,1,2,5,6",8,nan,0.067,378
"0,2,11,12",1,nan,0.22,378
"4,5,6,7,8,9,10",9,10,0.544,385
"0,5,6,8",7,8,0.298,385
"1,4,5,6,13,14",2,"4,13,14",0.168,386
"0,4",13,nan,0.074,386
"0,1,2,4,5,6",22,nan,0.063,386
"0,2,5,6",16,nan,0.008,386
"0,2,11,12",18,nan,0.567,386
"0,1,2,4,5,6",22,nan,0.728,386
"0,1,2,5,6",2,nan,0.057,387
"1,4,5",4,nan,0.517,387
"0,1,2,5,6",4,nan,0.741,387
"1,5,6,10",17,10,0.711,387
"4,5,6,7,8,9,10",1,10,0.26,387
"0,11,12",8,"11,12",0.418,388
"0,1,2,4,5,6",22,nan,0.322,388
"0,2,5,6",10,nan,0.002,388
"0,2,11,12",24,nan,0.594,388
"0,11,12",22,"11,12",0.536,388
"4,5,6,7,8,9,10",10,10,0.646,388
"0,4",10,nan,0.78,388
"2,5,6,10",4,10,0.7,388
"0,4",11,nan,0.026,388
"0,10,11,12,14",11,"10,11,12,14",0.601,389
"0,10,11,12,14",20,"10,11,12,14",0.717,389
"0,11,12",18,"11,12",0.001,389
"0,4",25,nan,0.765,389
"1,5,6,10",6,10,0.65,389
"1,5,6,10",16,10,0.317,389
"0,2,5,6,10",10,10,0.692,389
"0,10,11,12,14",19,"10,11,12,14",0.674,390
"1,2,4,10",11,10,0.6,390
"1,4,5,6,13,14",2,"4,13,14",0.094,390
"4,5,6,7,8,9,10",19,10,0.218,390
"2,5,6,10",16,10,0.178,390
"0,2,11,12",19,nan,0.34,390
"0,5,6,10",23,10,0.197,391
"0,5,6,8",11,8,0.221,391
"0,2,11,12",20,nan,0.501,391
"0,11,12",24,"11,12",0.031,391
"1,5,6,10",17,10,0.24,391
"0,1,2,5,6",13,nan,0.412,391
"1,5,6,10",14,10,0.592,392
"4,5,6,10",19,"4,6,10",0.096,392
"0,1,2,5,6",16,nan,0.334,392
"1,4,5,6,13,14",2,"4,13,14",0.643,392
"1,4,5",19,nan,0.602,392
"1,4,5,6,13,14",13,"4,13,14",0.625,392
"0,2,5,6",10,nan,0.726,392
"1,4,5,6,13,14",14,"4,13,14",0.595,393
"4,5,6,10",4,"4,6,10",0.306,393
"1,4,5,6,13,14",22,"4,13,14",0.79,393
"0,4",17,nan,0.302,393
"0,2,11,12",17,nan,0.22,393
"1,5,6,10",10,10,0.563,393
"0,11,12",7,"11,12",0.376,394
"1,4,5",13,nan,0.588,395
"0,4",9,nan,0.301,395
"0,10,11,12,14",3,"10,11,12,14",0.391,395
"0,5,6,10",13,10,0.174,395
"1,4,5",15,nan,0.165,401
"0,1,2,4,5,6",12,nan,0.621,403
"0,2,11,12",7,nan,0.397,404
"0,1,2,5,6",6,nan,0.432,405
"0,1,2,5,6",15,nan,0.328,405
"1,5,6,10",19,10,0.017,406
"0,5,6,8",17,8,0.15,406
"0,1,2,4,5,6",6,nan,0.695,407
"0,1,2,4,5,6",17,nan,0.416,407
"4,5,6,10",20,"4,6,10",0.74,407
"0,11,12",15,"11,12",0.206,407
"0,5,6,10",7,10,0.748,407
"4,5,6,10",23,"4,6,10",0.232,407
"1,5,6,10",1,10,0.679,408
"0,2,11,12",25,nan,0.035,408
"0,11,12",10,"11,12",0.329,408
"0,4",12,nan,0.241,408
"0,5,6,10",7,10,0.525,408
"0,4",13,nan,0.293,408
"4,5,6,7,8,9,10",13,10,0.055,409
"2,5,6,10",7,10,0.651,409
"0,10,11,12,14",16,"10,11,12,14",0.35,409
"4,5,6,10",8,"4,6,10",0.474,409
"1,4,5,6,13,14",12,"4,13,14",0.334,409
"1,2,4,10",17,10,0.638,409
"0,1,2,4,5,6",23,nan,0.062,409
"4,5,6,10",1,"4,6,10",0.314,409
"1,2,4,10",13,10,0.565,410
"4,5,6,7,8,9,10",6,10,0.475,410
"0,5,6,10",18,10,0.248,410
"1,2,4,10",3,10,0.247,410
"4,5,6,10",2,"4,6,10",0.067,410
"0,2,5,6,10",7,10,0.625,410
"0,2,11,12",20,nan,0.095,410
"0,11,12",18,"11,12",0.178,410
"0,2,5,6",1,nan,0.538,410
"0,2,5,6",25,nan,0.306,411
"0,11,12",21,"11,12",0.737,411
"0,4",13,nan,0.272,411
"0,5,6,10",15,10,0.738,411
"0,2,11,12",11,nan,0.595,411
"4,5,6,7,8,9,10",7,10,0.087,411
"1,4,5",1,nan,0.01,411
"0,1,2,4,5,6",15,nan,0.397,411
"4,5,6,7,8,9,10",23,10,0.654,412
"0,1,2,5,6",11,nan,0.631,412
"1,4,5",13,nan,0.742,412
"0,2,5,6,10",20,10,0.579,412
"0,4",5,nan,0.696,412
"0,5,6,10",2,10,0.533,412
"0,11,12",9,"11,12",0.26,413
"0,5,6,10",20,10,0.754,413
"2,5,6,10",4,10,0.043,413
"2,5,6,10",8,10,0.721,413
"4,5,6,10",7,"4,6,10",0.55,413
"0,4",14,nan,0.335,414
"0,2,11,12",24,nan,0.229,414
"1,2,4,10",12,10,0.517,414
"0,11,12",5,"11,12",0.423,414
"1,5,6,10",10,10,0.693,416
"1,5,6,10",5,10,0.239,416
"0,1,2,5,6",19,nan,0.186,424
"0,11,12",20,"11,12",0.644,425
"0,4",6,nan,0.522,425
"1,2,4,10",15,10,0.424,425
"0,5,6,8",20,8,0.433,425
"0,5,6,10",10,10,0.432,426
"0,1,2,4,5,6",5,nan,0.105,426
"0,2,5,6,10",8,10,0.799,426
"0,1,2,5,6",3,nan,0.61,426
"1,4,5",12,nan,0.221,426
"0,4",22,nan,0.495,426
"2,5,6,10",16,10,0.167,426
"0,5,6,10",14,10,0.792,427
"0,10,11,12,14",21,"10,11,12,14",0.529,427
"0,1,2,5,6",21,nan,0.466,427
"1,5,6,10",22,10,0.12,428
"0,5,6,8",2,8,0.511,428
"1,4,5",10,nan,0.598,428
"0,4",11,nan,0.536,428
"4,5,6,10",19,"4,6,10",0.379,428
"1,2,4,10",5,10,0.073,429
"0,11,12",17,"11,12",0.61,429
"0,1,2,4,5,6",5,nan,0.426,429
"1,4,5,6,13,14",23,"4,13,14",0.175,429
"0,10,11,12,14",14,"10,11,12,14",0.742,429
"1,2,4,10",13,10,0.429,430
"4,5,6,10",5,"4,6,10",0.637,430
"1,4,5,6,13,14",19,"4,13,14",0.699,430
"1,5,6,10",23,10,0.684,430
"1,5,6,10",2,10,0.666,431
"0,10,11,12,14",18,"10,11,12,14",0.149,431
"0,2,11,12",19,nan,0.159,431
"1,5,6,10",9,10,0.162,431
"0,1,2,5,6",14,nan,0.175,431
"0,1,2,4,5,6",9,nan,0.188,431
"0,1,2,4,5,6",2,nan,0.161,431
"2,5,6,10",19,10,0.287,431
"1,2,4,10",7,10,0.346,431
"0,1,2,4,5,6",13,nan,0.211,432
"0,5,6,10",18,10,0.798,432
"1,4,5",4,nan,0.796,432
"1,4,5,6,13,14",23,"4,13,14",0.069,432
"1,4,5,6,13,14",2,"4,13,14",0.752,432
"4,5,6,10",25,"4,6,10",0.708,432
"1,2,4,10",13,10,0.283,432
"1,4,5,6,13,14",1,"4,13,14",0.749,432
"1,5,6,10",11,10,0.114,432
"0,1,2,5,6",21,nan,0.738,433
"0,2,11,12",3,nan,0.543,433
"0,1,2,4,5,6",7,nan,0.378,433
"0,2,11,12",2,nan,0.235,433
"1,2,4,10",13,10,0.675,434
"0,1,2,4,5,6",21,nan,0.779,434
"0,2,5,6",4,nan,0.155,434
"1,5,6,10",8,10,0.031,434
"4,5,6,7,8,9,10",6,10,0.448,434
"4,5,6,7,8,9,10",15,10,0.117,434
"0,4",8,nan,0.142,435
"1,4,5",8,nan,0.313,435
"0,10,11,12,14",7,"10,11,12,14",0.518,436
"1,2,4,10",13,10,0.247,443
"0,2,5,6",9,nan,0.406,443
"0,2,11,12",18,nan,0.333,444
"0,1,2,5,6",22,nan,0.006,444
"1,4,5,6,13,14",5,"4,13,14",0.402,444
"1,4,5",9,nan,0.546,444
"0,10,11,12,14",20,"10,11,12,14",0.11,445
"0,4",1,nan,0.795,445
"0,2,5,6",4,nan,0.282,445
"0,2,11,12",6,nan,0.209,446
"0,1,2,5,6",10,nan,0.411,446
"4,5,6,10",22,"4,6,10",0.054,446
"2,5,6,10",8,10,0.444,446
"0,2,5,6,10",7,10,0.11,446
"0,1,2,5,6",5,nan,0.745,446
"0,2,5,6,10",23,10,0.566,446
"0,11,12",9,"11,12",0.269,447
"0,2,5,6,10",9,10,0.509,447
"0,1,2,4,5,6",5,nan,0.317,447
"0,1,2,4,5,6",2,nan,0.446,447
"0,5,6,8",4,8,0.056,447
"0,10,11,12,14",18,"10,11,12,14",0.141,448
"4,5,6,10",2,"4,6,10",0.54,448
"4,5,6,7,8,9,10",1,10,0.012,448
"1,4,5,6,13,14",11,"4,13,14",0.482,448
"4,5,6,10",18,"4,6,10",0.755,448
"1,4,5",12,nan,0.459,448
"0,1,2,5,6",22,nan,0.098,449
"4,5,6,7,8,9,10",13,10,0.499,449
"0,2,5,6",24,nan,0.168,449
"1,4,5",20,nan,0.252,449
"1,2,4,10",21,10,0.485,449
"0,5,6,10",11,10,0.501,449
"0,10,11,12,14",19,"10,11,12,14",0.765,449
"0,2,5,6,10",13,10,0.161,449
"0,2,5,6",8,nan,0.308,449
"1,4,5",13,nan,0.466,450
"1,4,5",24,nan,0.069,450
"0,11,12",16,"11,12",0.585,450
"0,10,11,12,14",2,"10,11,12,14",0.211,450
"1,5,6,10",8,10,0.566,450
"0,2,5,6",10,nan,0.421,450
"2,5,6,10",25,10,0.748,450
"1,4,5",8,nan,0.401,450
"2,5,6,10",25,10,0.225,451
"0,2,5,6",20,nan,0.019,451
"0,11,12",18,"11,12",0.534,451
"2,5,6,10",17,10,0.592,451
"0,11,12",7,"11,12",0.333,451
"0,5,6,10",19,10,0.644,451
"1,2,4,10",12,10,0.606,452
"0,2,5,6",11,nan,0.633,453
"1,5,6,10",1,10,0.088,453
"0,5,6,10",22,10,0.679,454
"0,2,5,6",13,nan,0.592,454
"1,4,5",23,nan,0.059,454
"0,2,5,6,10",10,10,0.794,455
"0,2,5,6",2,nan,0.7,455
"0,5,6,10",11,10,0.178,456
"0,2,5,6",16,nan,0.089,459
"0,1,2,5,6",25,nan,0.426,463
"0,10,11,12,14",1,"10,11,12,14",0.158,464
"0,11,12",19,"11,12",0.788,465
"4,5,6,7,8,9,10",4,10,0.7,465
"1,4,5,6,13,14",5,"4,13,14",0.61,465
"0,1,2,4,5,6",11,nan,0.139,466
"0,4",16,nan,0.459,466
"0,2,5,6,10",18,10,0.068,466
"4,5,6,7,8,9,10",5,10,0.173,466
"0,2,5,6",8,nan,0.768,466
"0,5,6,10",9,10,0.394,466
"1,2,4,10",3,10,0.778,467
"1,2,4,10",17,10,0.545,467
"1,4,5",23,nan,0.016,467
"4,5,6,7,8,9,10",2,10,0.468,467
"2,5,6,10",16,10,0.256,468
"1,5,6,10",8,10,0.615,468
"0,2,5,6",18,nan,0.0,468
"0,5,6,10",23,10,0.686,468
"2,5,6,10",12,10,0.562,468
"0,4",25,nan,0.448,468
"2,5,6,10",22,10,0.283,468
"0,2,5,6",2,nan,0.365,468
"0,10,11,12,14",24,"10,11,12,14",0.087,469
"0,5,6,10",18,10,0.35,469
"0,10,11,12,14",2,"10,11,12,14",0.244,469
"0,5,6,8",2,8,0.124,469
"1,5,6,10",10,10,0.293,469
"0,10,11,12,14",24,"10,11,12,14",0.099,469
"2,5,6,10",25,10,0.765,469
"0,2,5,6,10",2,10,0.568,469
"0,1,2,4,5,6",2,nan,0.123,469
"1,4,5",11,nan,0.251,469
"0,2,5,6,10",19,10,0.273,470
"2,5,6,10",15,10,0.481,470
"0,2,11,12",5,nan,0.798,470
"0,1,2,5,6",19,nan,0.009,470
"0,1,2,4,5,6",16,nan,0.535,470
"0,10,11,12,14",23,"10,11,12,14",0.453,471
"4,5,6,10",10,"4,6,10",0.603,471
"4,5,6,7,8,9,10",10,10,0.327,471
"0,4",11,nan,0.301,471
"1,4,5,6,13,14",23,"4,13,14",0.596,471
"1,4,5,6,13,14",10,"4,13,14",0.285,471
"1,4,5,6,13,14",1,"4,13,14",0.524,472
"1,5,6,10",21,10,0.138,472
"0,11,12",3,"11,12",0.57,472
"0,11,12",17,"11,12",0.797,472
"1,2,4,10",25,10,0.668,472
"1,2,4,10",6,10,0.142,472
"0,1,2,4,5,6",9,nan,0.757,472
"0,1,2,4,5,6",22,nan,0.572,473
"2,5,6,10",25,10,0.654,473
"0,5,6,10",15,10,0.683,473
"1,2,4,10",15,10,0.435,473
"0,2,11,12",24,nan,0.15,474
"1,5,6,10",8,10,0.213,474
"0,2,5,6",8,nan,0.014,474
"0,1,2,5,6",25,nan,0.269,474
"0,2,5,6",23,nan,0.701,476
"1,4,5",6,nan,0.421,485
"0,1,2,4,5,6",25,nan,0.233,485
"0,5,6,8",14,8,0.462,486
"4,5,6,7,8,9,10",4,10,0.646,486
"1,2,4,10",20,10,0.428,486
"0,2,5,6",14,nan,0.033,486
"0,1,2,5,6",25,nan,0.389,486
"0,11,12",8,"11,12",0.787,487
"0,10,11,12,14",24,"10,11,12,14",0.212,487
"2,5,6,10",13,10,0.287,487
"0,5,6,10",10,10,0.737,488
"0,5,6,8",12,8,0.753,488
"1,5,6,10",9,10,0.707,488
"0,2,11,12",1,nan,0.241,488
"0,11,12",7,"11,12",0.456,489
"0,1,2,4,5,6",5,nan,0.138,489
"0,10,11,12,14",2,"10,11,12,14",0.489,489
"4,5,6,7,8,9,10",3,10,0.756,489
"4,5,6,10",1,"4,6,10",0.229,489
"0,2,5,6,10",3,10,0.443,489
"1,5,6,10",21,10,0.581,489
"0,2,5,6",5,nan,0.632,490
"0,5,6,8",14,8,0.403,490
"2,5,6,10",9,10,0.688,490
"0,11,12",17,"11,12",0.189,490
"2,5,6,10",10,10,0.067,490
"0,2,11,12",19,nan,0.615,490
"4,5,6,7,8,9,10",12,10,0.035,490
"4,5,6,7,8,9,10",7,10,0.145,490
"0,1,2,4,5,6",18,nan,0.245,490
"0,2,11,12",19,nan,0.734,490
"0,1,2,4,5,6",13,nan,0.36,491
"1,4,5",23,nan,0.377,491
"0,4",19,nan,0.291,491
"0,2,5,6,10",12,10,0.104,491
"2,5,6,10",9,10,0.718,491
"0,11,12",20,"11,12",0.086,492
"0,5,6,10",13,10,0.433,492
"2,5,6,10",6,10,0.287,492
"0,5,6,8",24,8,0.039,492
"0,1,2,4,5,6",12,nan,0.083,492
"2,5,6,10",4,10,0.277,493
"0,2,11,12",14,nan,0.191,493
"1,2,4,10",1,10,0.225,493
"1,4,5",2,nan,0.35,493
"1,5,6,10",16,10,0.532,493
"0,11,12",9,"11,12",0.683,493
"1,2,4,10",23,10,0.344,493
"0,4",15,nan,0.548,493
"1,4,5,6,13,14",7,"4,13,14",0.141,493
"4,5,6,7,8,9,10",8,10,0.45,494
"0,2,5,6",15,nan,0.792,494
"0,2,5,6",16,nan,0.632,494
"0,1,2,5,6",16,nan,0.241,494
"0,2,5,6,10",12,10,0.282,495
"0,4",15,nan,0.101,495
"1,2,4,10",22,10,0.462,495
"0,5,6,10",18,10,0.456,496
"1,5,6,10",9,10,0.634,496
"0,5,6,8",2,8,0.511,497
"0,5,6,8",1,8,0.277,504
"0,1,2,4,5,6",15,nan,0.369,504
"4,5,6,7,8,9,10",21,10,0.001,505
"0,1,2,5,6",1,nan,0.656,505
"0,2,11,12",13,nan,0.454,506
"0,5,6,8",23,8,0.369,506
"1,2,4,10",21,10,0.431,506
"1,2,4,10",11,10,0.213,507
"4,5,6,10",15,"4,6,10",0.69,507
"1,5,6,10",16,10,0.63,507
"0,10,11,12,14",14,"10,11,12,14",0.789,508
"0,4",5,nan,0.319,508
"4,5,6,10",18,"4,6,10",0.144,508
"0,5,6,8",22,8,0.256,508
"0,2,5,6",9,nan,0.013,508
"0,1,2,4,5,6",10,nan,0.334,508
"0,5,6,10",19,10,0.562,509
"0,5,6,10",2,10,0.632,509
"2,5,6,10",15,10,0.225,509
"0,5,6,10",8,10,0.429,509
"1,5,6,10",19,10,0.315,509
"2,5,6,10",21,10,0.069,509
"1,2,4,10",20,10,0.627,509
"0,4",4,nan,0.104,509
"0,1,2,5,6",17,nan,0.162,509
"1,4,5,6,13,14",8,"4,13,14",0.23,509
"0,1,2,5,6",11,nan,0.419,509
"1,4,5,6,13,14",12,"4,13,14",0.236,510
"0,4",22,nan,0.172,510
"1,5,6,10",12,10,0.169,510
"1,4,5",5,nan,0.677,510
"1,4,5",23,nan,0.123,510
"0,5,6,8",13,8,0.299,511
"2,5,6,10",17,10,0.715,511
"0,2,11,12",25,nan,0.159,511
"0,5,6,8",18,8,0.503,511
"0,2,11,12",9,nan,0.046,511
"0,5,6,10",14,10,0.084,511
"0,2,5,6,10",16,10,0.667,511
"1,4,5,6,13,14",20,"4,13,14",0.345,511
"1,5,6,10",10,10,0.333,511
"1,2,4,10",11,10,0.745,512
"4,5,6,10",20,"4,6,10",0.546,512
"0,4",18,nan,0.191,512
"1,5,6,10",11,10,0.409,512
"2,5,6,10",3,10,0.33,512
"0,1,2,4,5,6",23,nan,0.102,512
"0,1,2,4,5,6",9,nan,0.275,513
"0,2,5,6",3,nan,0.405,513
"0,10,11,12,14",16,"10,11,12,14",0.695,513
"0,11,12",22,"11,12",0.59,513
"0,1,2,4,5,6",10,nan,0.616,513
"1,4,5,6,13,14",8,"4,13,14",0.177,513
"0,11,12",13,"11,12",0.574,514
"4,5,6,7,8,9,10",7,10,0.74,514
"1,5,6,10",22,10,0.158,514
"1,4,5,6,13,14",9,"4,13,14",0.545,514
"0,2,11,12",3,nan,0.706,516
"1,5,6,10",3,10,0.339,517
"0,10,11,12,14",22,"10,11,12,14",0.222,518
"0,4",10,nan,0.228,524
"4,5,6,10",23,"4,6,10",0.705,525
"0,1,2,5,6",8,nan,0.755,525
"1,2,4,10",21,10,0.164,525
"4,5,6,10",4,"4,6,10",0.153,526
"0,1,2,5,6",10,nan,0.641,526
"0,1,2,4,5,6",13,nan,0.57,526
"0,10,11,12,14",25,"10,11,12,14",0.31,526
"0,10,11,12,14",7,"10,11,12,14",0.622,526
"0,5,6,8",13,8,0.449,527
"0,5,6,10",25,10,0.389,527
"0,1,2,5,6",9,nan,0.001,527
"1,4,5",20,nan,0.479,527
"1,4,5",11,nan,0.11,527
"4,5,6,10",15,"4,6,10",0.718,527
"1,2,4,10",21,10,0.518,527
"0,10,11,12,14",10,"10,11,12,14",0.369,528
"0,4",21,nan,0.647,528
"0,10,11,12,14",7,"10,11,12,14",0.35,528
"0,1,2,4,5,6",2,nan,0.171,529
"4,5,6,7,8,9,10",20,10,0.448,529
"0,1,2,4,5,6",17,nan,0.609,529
"1,2,4,10",19,10,0.02,529
"0,5,6,8",23,8,0.795,529
"1,4,5",22,nan,0.446,529
"4,5,6,10",16,"4,6,10",0.395,529
"4,5,6,7,8,9,10",22,10,0.015,529
"0,5,6,8",17,8,0.062,530
"1,4,5,6,13,14",17,"4,13,14",0.739,530
"1,2,4,10",9,10,0.131,530
"1,4,5,6,13,14",12,"4,13,14",0.291,531
"0,5,6,8",8,8,0.656,531
"0,2,5,6,10",13,10,0.513,531
"0,5,6,10",14,10,0.046,531
"1,4,5",23,nan,0.163,531
"1,2,4,10",23,10,0.372,531
"0,11,12",10,"11,12",0.66,532
"1,5,6,10",15,10,0.388,532
"0,1,2,5,6",15,nan,0.639,532
"0,1,2,5,6",16,nan,0.366,532
"0,5,6,10",15,10,0.323,532
"0,1,2,5,6",20,nan,0.672,532
"0,4",12,nan,0.373,532
"0,11,12",7,"11,12",0.487,532
"0,4",9,nan,0.483,533
"0,2,5,6,10",17,10,0.168,533
"0,5,6,8",13,8,0.336,533
"0,1,2,4,5,6",5,nan,0.161,533
"0,4",10,nan,0.042,533
"1,4,5,6,13,14",16,"4,13,14",0.749,534
"1,5,6,10",7,10,0.475,534
"1,4,5,6,13,14",10,"4,13,14",0.028,535
"4,5,6,7,8,9,10",4,10,0.487,535
"0,2,11,12",19,nan,0.433,536
"1,2,4,10",13,10,0.64,536
"2,5,6,10",3,10,0.794,536
"0,4",24,nan,0.011,537
"4,5,6,10",16,"4,6,10",0.327,538
"0,1,2,4,5,6",10,nan,0.724,538
"0,5,6,8",8,8,0.602,542
"0,1,2,4,5,6",2,nan,0.487,543
"0,5,6,10",23,10,0.13,544
"4,5,6,10",13,"4,6,10",0.38,545
"0,5,6,10",22,10,0.325,545
"1,5,6,10",6,10,0.216,545
"0,5,6,8",16,8,0.106,545
"1,4,5",20,nan,0.796,545
"1,4,5",1,nan,0.168,546
"0,2,5,6,10",21,10,0.449,546
"0,10,11,12,14",7,"10,11,12,14",0.096,546
"0,11,12",14,"11,12",0.153,546
"1,4,5",18,nan,0.413,547
"0,2,5,6",21,nan,0.379,547
"1,5,6,10",12,10,0.39,547
"0,2,11,12",21,nan,0.793,547
"1,5,6,10",2,10,0.024,547
"0,4",4,nan,0.046,548
"0,10,11,12,14",12,"10,11,12,14",0.457,548
"1,4,5,6,13,14",14,"4,13,14",0.661,548
"0,5,6,10",19,10,0.172,548
"0,1,2,5,6",25,nan,0.321,548
"0,2,11,12",2,nan,0.203,548
"0,10,11,12,14",21,"10,11,12,14",0.667,548
"1,4,5,6,13,14",6,"4,13,14",0.205,549
"1,5,6,10",21,10,0.247,549
"1,5,6,10",11,10,0.659,549
"2,5,6,10",17,10,0.292,549
"0,5,6,8",3,8,0.172,549
"0,2,11,12",15,nan,0.446,549
"1,2,4,10",8,10,0.065,549
"0,2,5,6,10",23,10,0.794,549
"2,5,6,10",7,10,0.518,549
"1,5,6,10",17,10,0.084,549
"1,2,4,10",23,10,0.645,549
"0,10,11,12,14",11,"10,11,12,14",0.036,549
"0,2,5,6",13,nan,0.796,550
"2,5,6,10",10,10,0.101,550
"0,10,11,12,14",20,"10,11,12,14",0.548,550
"4,5,6,7,8,9,10",9,10,0.282,550
"1,2,4,10",3,10,0.414,551
"4,5,6,10",12,"4,6,10",0.452,551
"0,2,5,6",12,nan,0.229,551
"1,2,4,10",22,10,0.709,551
"0,2,5,6,10",1,10,0.002,551
"0,10,11,12,14",8,"10,11,12,14",0.553,551
"0,2,5,6",17,nan,0.22,552
"0,10,11,12,14",19,"10,11,12,14",0.296,552
"4,5,6,10",21,"4,6,10",0.789,553
"0,5,6,10",3,10,0.656,553
"1,5,6,10",8,10,0.41,553
"0,2,5,6,10",2,10,0.4,553
"2,5,6,10",4,10,0.532,553
"0,2,5,6,10",21,10,0.329,554
"0,4",9,nan,0.455,554
"2,5,6,10",16,10,0.175,554
"0,2,5,6,10",9,10,0.515,554
"2,5,6,10",13,10,0.75,555
"0,5,6,10",17,10,0.279,556
"0,2,5,6",10,nan,0.476,557
"0,2,11,12",13,nan,0.469,557
"1,2,4,10",8,10,0.314,565
"4,5,6,10",25,"4,6,10",0.731,565
"0,4",1,nan,0.709,565
"4,5,6,10",23,"4,6,10",0.668,565
"0,1,2,4,5,6",12,nan,0.131,566
"0,2,5,6",2,nan,0.059,566
"0,4",24,nan,0.086,566
"4,5,6,7,8,9,10",24,10,0.793,566
"2,5,6,10",10,10,0.568,567
"0,4",12,nan,0.717,568
"1,4,5,6,13,14",7,"4,13,14",0.066,568
"1,4,5,6,13,14",17,"4,13,14",0.289,568
"0,1,2,5,6",1,nan,0.584,568
"1,5,6,10",13,10,0.377,568
"0,1,2,4,5,6",14,nan,0.04,568
"0,11,12",24,"11,12",0.582,568
"2,5,6,10",20,10,0.603,568
"0,10,11,12,14",16,"10,11,12,14",0.302,569
"0,2,11,12",13,nan,0.705,569
"0,11,12",7,"11,12",0.056,569
"1,4,5",23,nan,0.672,569
"4,5,6,7,8,9,10",13,10,0.247,569
"2,5,6,10",6,10,0.562,569
"4,5,6,7,8,9,10",7,10,0.484,570
"1,5,6,10",20,10,0.601,570
"0,1,2,4,5,6",5,nan,0.32,570
"0,5,6,10",6,10,0.291,570
"1,5,6,10",13,10,0.669,570
"2,5,6,10",20,10,0.536,570
"1,4,5,6,13,14",3,"4,13,14",0.453,570
"0,11,12",16,"11,12",0.569,570
"0,5,6,10",7,10,0.62,570
"0,10,11,12,14",3,"10,11,12,14",0.287,571
"1,2,4,10",7,10,0.651,571
"1,4,5,6,13,14",12,"4,13,14",0.186,571
"0,2,11,12",21,nan,0.675,571
"0,1,2,4,5,6",11,nan,0.107,571
"4,5,6,7,8,9,10",15,10,0.513,572
"0,2,5,6",10,nan,0.61,572
"1,4,5,6,13,14",3,"4,13,14",0.547,572
"0,1,2,4,5,6",1,nan,0.727,572
"1,2,4,10",24,10,0.296,572
"0,5,6,10",24,10,0.454,572
"0,2,5,6",7,nan,0.134,572
"1,4,5",5,nan,0.299,573
"0,10,11,12,14",23,"10,11,12,14",0.148,573
"0,2,5,6",20,nan,0.248,574
"2,5,6,10",7,10,0.516,574
"0,2,5,6",21,nan,0.546,574
"0,2,11,12",15,nan,0.373,575
"0,5,6,8",10,8,0.01,575
"0,4",14,nan,0.632,575
"4,5,6,7,8,9,10",15,10,0.057,575
"0,2,5,6,10",16,10,0.758,575
"1,4,5,6,13,14",19,"4,13,14",0.013,575
"0,1,2,5,6",6,nan,0.705,575
"0,5,6,10",3,10,0.509,576
"0,5,6,8",2,8,0.035,576
"0,5,6,8",11,8,0.166,579
"0,10,11,12,14",3,"10,11,12,14",0.505,582
"0,10,11,12,14",6,"10,11,12,14",0.759,583
"0,5,6,10",3,10,0.107,585
"0,2,5,6",4,nan,0.185,585
"0,1,2,5,6",22,nan,0.794,586
"1,2,4,10",10,10,0.332,586
"1,2,4,10",24,10,0.375,587
"0,10,11,12,14",4,"10,11,12,14",0.518,587
"1,4,5,6,13,14",25,"4,13,14",0.782,587
"0,2,5,6,10",4,10,0.591,587
"0,2,5,6,10",4,10,0.445,587
"1,4,5,6,13,14",25,"4,13,14",0.401,587
"0,10,11,12,14",12,"10,11,12,14",0.521,587
"0,11,12",23,"11,12",0.132,587
"1,2,4,10",20,10,0.0,587
"0,2,5,6",17,nan,0.01,587
"4,5,6,7,8,9,10",8,10,0.027,588
"1,2,4,10",22,10,0.322,588
"0,2,5,6",22,nan,0.181,588
"1,5,6,10",14,10,0.096,588
"1,5,6,10",6,10,0.794,588
"0,11,12",14,"11,12",0.705,589
"0,4",21,nan,0.36,589
"0,10,11,12,14",2,"10,11,12,14",0.462,589
"0,5,6,8",3,8,0.173,589
"0,2,5,6",4,nan,0.402,589
"0,2,5,6",10,nan,0.66,590
"4,5,6,10",16,"4,6,10",0.089,590
"0,2,11,12",22,nan,0.386,590
"0,11,12",7,"11,12",0.153,590
"4,5,6,7,8,9,10",8,10,0.511,590
"0,2,11,12",14,nan,0.608,590
"0,11,12",5,"11,12",0.209,590
"0,4",19,nan,0.014,590
"4,5,6,7,8,9,10",3,10,0.181,590
"0,2,5,6,10",23,10,0.426,590
"2,5,6,10",1,10,0.407,590
"0,1,2,5,6",2,nan,0.447,590
"0,5,6,10",1,10,0.398,590
"0,11,12",17,"11,12",0.212,591
"0,1,2,5,6",4,nan,0.006,591
"0,4",16,nan,0.634,591
"0,5,6,10",25,10,0.367,591
"0,2,5,6,10",15,10,0.009,591
"0,2,11,12",11,nan,0.671,591
"1,2,4,10",2,10,0.584,591
"0,11,12",14,"11,12",0.477,592
"1,5,6,10",8,10,0.446,592
"4,5,6,10",15,"4,6,10",0.022,592
"0,4",3,nan,0.326,592
"1,4,5,6,13,14",19,"4,13,14",0.144,592
"0,2,5,6,10",20,10,0.086,592
"0,5,6,10",13,10,0.277,592
"0,2,11,12",24,nan,0.624,592
"4,5,6,10",21,"4,6,10",0.213,593
"0,5,6,10",2,10,0.155,593
"0,2,5,6,10",23,10,0.36,593
"0,11,12",17,"11,12",0.078,594
"0,11,12",20,"11,12",0.223,594
"0,4",17,nan,0.527,594
"0,1,2,4,5,6",11,nan,0.269,595
"0,2,5,6",10,nan,0.701,602
"2,5,6,10",23,10,0.07,604
"0,10,11,12,14",19,"10,11,12,14",0.167,605
"0,10,11,12,14",1,"10,11,12,14",0.199,606
"2,5,6,10",24,10,0.494,606
"0,2,5,6,10",16,10,0.009,607
"0,5,6,10",12,10,0.46,607
"0,1,2,4,5,6",16,nan,0.447,607
"4,5,6,10",7,"4,6,10",0.739,607
"0,1,2,4,5,6",19,nan,0.313,607
"0,10,11,12,14",19,"10,11,12,14",0.125,608
"0,2,11,12",16,nan,0.487,608
"1,4,5,6,13,14",18,"4,13,14",0.369,608
"0,5,6,10",19,10,0.386,608
"0,5,6,8",11,8,0.785,608
"1,4,5",10,nan,0.508,608
"0,1,2,4,5,6",24,nan,0.465,608
"0,11,12",1,"11,12",0.712,609
"0,5,6,10",4,10,0.266,609
"0,2,5,6",24,nan,0.765,609
"0,1,2,4,5,6",4,nan,0.692,609
"4,5,6,7,8,9,10",15,10,0.688,609
"4,5,6,7,8,9,10",1,10,0.255,609
"1,4,5",18,nan,0.483,609
"4,5,6,7,8,9,10",8,10,0.531,609
"0,5,6,8",15,8,0.63,609
"0,1,2,5,6",4,nan,0.723,610
"1,4,5,6,13,14",24,"4,13,14",0.468,610
"1,5,6,10",23,10,0.593,610
"1,4,5,6,13,14",18,"4,13,14",0.471,610
"0,4",25,nan,0.385,610
"0,2,5,6,10",17,10,0.662,611
"0,4",6,nan,0.432,611
"0,1,2,4,5,6",18,nan,0.565,611
"0,10,11,12,14",13,"10,11,12,14",0.423,611
"0,2,5,6",25,nan,0.722,611
"0,2,5,6",20,nan,0.108,611
"0,5,6,10",11,10,0.241,611
"1,4,5,6,13,14",16,"4,13,14",0.008,611
"1,4,5",18,nan,0.561,611
"0,4",9,nan,0.378,611
"1,2,4,10",17,10,0.627,611
"0,5,6,10",17,10,0.538,611
"4,5,6,7,8,9,10",14,10,0.743,611
"1,2,4,10",4,10,0.065,611
"0,11,12",19,"11,12",0.057,612
"0,2,5,6,10",17,10,0.495,613
"0,2,5,6,10",12,10,0.233,613
"2,5,6,10",18,10,0.223,613
"0,11,12",1,"11,12",0.129,614
"0,1,2,4,5,6",13,nan,0.484,614
"1,2,4,10",23,10,0.615,614
"2,5,6,10",13,10,0.507,615
"4,5,6,10",17,"4,6,10",0.303,615
"0,2,11,12",6,nan,0.659,615
"0,4",12,nan,0.77,616
"0,5,6,8",18,8,0.772,616
"1,4,5,6,13,14",23,"4,13,14",0.664,617
"1,4,5,6,13,14",14,"4,13,14",0.728,617
"2,5,6,10",3,10,0.464,618
"1,5,6,10",13,10,0.256,621
"0,1,2,5,6",22,nan,0.73,623
"4,5,6,10",20,"4,6,10",0.329,625
"0,2,11,12",8,nan,0.496,625
"0,5,6,10",3,10,0.219,625
"0,11,12",1,"11,12",0.777,626
"1,4,5,6,13,14",20,"4,13,14",0.146,626
"1,4,5",10,nan,0.36,626
"0,5,6,8",11,8,0.305,627
"0,1,2,4,5,6",21,nan,0.159,627
"1,5,6,10",6,10,0.558,627
"4,5,6,10",24,"4,6,10",0.552,627
"0,1,2,5,6",19,nan,0.416,627
"0,4",18,nan,0.257,627
"0,11,12",7,"11,12",0.305,627
"0,1,2,5,6",18,nan,0.732,627
"1,4,5",12,nan,0.232,627
"0,1,2,4,5,6",19,nan,0.606,628
"1,2,4,10",5,10,0.737,628
"0,10,11,12,14",8,"10,11,12,14",0.558,628
"0,2,11,12",25,nan,0.495,628
"0,2,5,6,10",9,10,0.263,628
"0,2,11,12",17,nan,0.045,628
"0,10,11,12,14",13,"10,11,12,14",0.678,628
"0,1,2,4,5,6",20,nan,0.004,629
"0,4",3,nan,0.001,629
"0,5,6,10",10,10,0.265,629
"0,2,5,6",17,nan,0.517,629
"1,4,5,6,13,14",16,"4,13,14",0.257,629
"0,11,12",17,"11,12",0.064,630
"0,2,5,6,10",21,10,0.395,630
"0,1,2,5,6",10,nan,0.375,631
"0,1,2,4,5,6",11,nan,0.248,631
"0,1,2,5,6",1,nan,0.084,631
"1,4,5,6,13,14",6,"4,13,14",0.183,631
"0,2,5,6",9,nan,0.044,631
"0,5,6,10",25,10,0.133,631
"0,1,2,4,5,6",16,nan,0.311,631
"1,4,5",20,nan,0.529,631
"1,4,5,6,13,14",5,"4,13,14",0.129,631
"0,10,11,12,14",1,"10,11,12,14",0.251,631
"0,2,5,6",4,nan,0.035,631
"0,11,12",15,"11,12",0.086,632
"0,2,5,6",25,nan,0.678,632
"4,5,6,7,8,9,10",15,10,0.413,632
"0,5,6,8",15,8,0.516,632
"1,4,5,6,13,14",11,"4,13,14",0.24,632
"0,2,5,6,10",15,10,0.033,633
"1,2,4,10",24,10,0.631,633
"1,4,5,6,13,14",25,"4,13,14",0.707,634
"0,5,6,8",11,8,0.45,634
"0,2,5,6",22,nan,0.602,634
"0,5,6,8",23,8,0.517,634
"0,10,11,12,14",23,"10,11,12,14",0.658,634
"0,5,6,8",11,8,0.626,634
"0,10,11,12,14",6,"10,11,12,14",0.63,634
"1,5,6,10",23,10,0.479,635
"4,5,6,10",13,"4,6,10",0.269,636
"0,5,6,8",15,8,0.297,636
"1,4,5,6,13,14",7,"4,13,14",0.349,637
"0,10,11,12,14",14,"10,11,12,14",0.633,643
"0,2,5,6,10",5,10,0.484,645
"0,1,2,5,6",22,nan,0.624,645
"0,2,5,6",13,nan,0.374,645
"0,2,5,6",18,nan,0.559,645
"0,2,5,6",5,nan,0.101,645
"1,2,4,10",23,10,0.081,646
"0,5,6,10",6,10,0.311,646
"0,11,12",11,"11,12",0.337,646
"0,2,5,6,10",11,10,0.007,646
"0,2,11,12",24,nan,0.094,647
"0,5,6,8",24,8,0.105,647
"4,5,6,7,8,9,10",19,10,0.051,647
"0,2,5,6",9,nan,0.43,647
"4,5,6,7,8,9,10",18,10,0.329,647
"0,1,2,4,5,6",14,nan,0.792,647
"0,11,12",9,"11,12",0.53,647
"0,1,2,4,5,6",17,nan,0.186,648
"0,1,2,5,6",13,nan,0.468,648
"1,4,5",24,nan,0.288,648
"0,2,11,12",9,nan,0.352,648
"0,4",9,nan,0.047,648
"0,1,2,4,5,6",2,nan,0.745,649
"0,4",25,nan,0.557,649
"2,5,6,10",19,10,0.099,649
"0,1,2,5,6",22,nan,0.238,649
"0,5,6,10",13,10,0.105,649
"0,2,5,6,10",10,10,0.32,649
"0,2,11,12",4,nan,0.501,649
"0,2,11,12",22,nan,0.353,650
"0,10,11,12,14",24,"10,11,12,14",0.749,650
"1,2,4,10",15,10,0.045,650
"0,5,6,10",5,10,0.442,650
"0,2,11,12",4,nan,0.397,650
"0,5,6,10",21,10,0.162,651
"0,1,2,5,6",6,nan,0.454,651
"1,4,5",12,nan,0.158,651
"0,5,6,10",21,10,0.4,651
"0,1,2,4,5,6",22,nan,0.28,651
"1,4,5",15,nan,0.625,651
"0,2,5,6",25,nan,0.079,651
"1,4,5",17,nan,0.692,652
"0,2,11,12",20,nan,0.622,652
"0,2,5,6",2,nan,0.49,652
"1,2,4,10",8,10,0.796,652
"1,5,6,10",12,10,0.657,653
"0,5,6,10",14,10,0.303,653
"0,10,11,12,14",24,"10,11,12,14",0.305,653
"0,10,11,12,14",23,"10,11,12,14",0.716,653
"0,2,5,6,10",23,10,0.099,653
"0,5,6,10",12,10,0.703,654
"1,4,5,6,13,14",19,"4,13,14",0.741,654
"0,4",18,nan,0.325,654
"0,1,2,4,5,6",15,nan,0.327,654
"0,2,5,6,10",10,10,0.236,654
"0,2,11,12",18,nan,0.028,654
"0,1,2,5,6",3,nan,0.372,654
"0,2,5,6,10",21,10,0.425,655
"0,10,11,12,14",1,"10,11,12,14",0.206,655
"0,11,12",23,"11,12",0.063,655
"1,4,5",1,nan,0.52,663
"0,10,11,12,14",9,"10,11,12,14",0.238,664
"0,2,5,6",20,nan,0.362,665
"2,5,6,10",19,10,0.036,666
"4,5,6,10",15,"4,6,10",0.424,666
"0,5,6,8",20,8,0.692,667
"0,1,2,4,5,6",6,nan,0.682,667
"4,5,6,7,8,9,10",22,10,0.58,667
"0,2,11,12",17,nan,0.692,668
"0,5,6,10",20,10,0.402,668
"4,5,6,10",21,"4,6,10",0.351,668
"0,4",4,nan,0.376,668
"1,4,5",4,nan,0.439,668
"0,1,2,4,5,6",25,nan,0.055,668
"0,5,6,10",25,10,0.778,668
"1,4,5,6,13,14",21,"4,13,14",0.702,668
"0,1,2,4,5,6",5,nan,0.182,668
"0,2,5,6",8,nan,0.739,668
"0,2,11,12",14,nan,0.244,669
"0,10,11,12,14",6,"10,11,12,14",0.511,669
"0,11,12",14,"11,12",0.033,669
"0,2,5,6",21,nan,0.23,669
"2,5,6,10",7,10,0.096,669
"1,2,4,10",15,10,0.36,669
"4,5,6,10",20,"4,6,10",0.732,670
"0,2,5,6",5,nan,0.205,670
"0,5,6,8",25,8,0.448,670
"4,5,6,7,8,9,10",2,10,0.586,670
"4,5,6,7,8,9,10",25,10,0.497,670
"0,5,6,10",3,10,0.372,670
"0,2,5,6",19,nan,0.74,670
"0,4",12,nan,0.697,671
"0,2,11,12",5,nan,0.711,671
"4,5,6,7,8,9,10",15,10,0.58,671
"1,2,4,10",12,10,0.38,671
"0,2,11,12",16,nan,0.673,672
"4,5,6,7,8,9,10",17,10,0.54,672
"1,4,5",13,nan,0.506,672
"0,1,2,4,5,6",18,nan,0.7,672
"0,2,11,12",10,nan,0.222,672
"4,5,6,10",1,"4,6,10",0.361,672
"1,5,6,10",2,10,0.496,673
"0,1,2,5,6",1,nan,0.237,673
"0,2,11,12",8,nan,0.621,673
"0,5,6,10",5,10,0.04,673
"0,2,5,6,10",22,10,0.009,673
"0,2,5,6",2,nan,0.366,673
"1,5,6,10",8,10,0.109,674
"0,2,5,6",25,nan,0.453,674
"0,10,11,12,14",19,"10,11,12,14",0.438,674
"0,5,6,8",14,8,0.472,674
"0,2,5,6,10",9,10,0.498,674
"0,10,11,12,14",5,"10,11,12,14",0.597,675
"4,5,6,7,8,9,10",22,10,0.716,675
"0,5,6,8",3,8,0.371,675
"0,11,12",12,"11,12",0.111,675
"1,4,5,6,13,14",6,"4,13,14",0.63,675
"0,2,5,6,10",22,10,0.559,675
"1,4,5",22,nan,0.797,676
"1,5,6,10",23,10,0.555,679
"0,1,2,5,6",25,nan,0.107,682
"0,1,2,5,6",25,nan,0.277,685
"1,5,6,10",14,10,0.062,686
"0,1,2,4,5,6",22,nan,0.138,686
"4,5,6,7,8,9,10",7,10,0.263,686
"1,5,6,10",19,10,0.723,687
"4,5,6,7,8,9,10",2,10,0.687,687
"4,5,6,10",23,"4,6,10",0.304,688
"4,5,6,7,8,9,10",19,10,0.632,688
"1,5,6,10",15,10,0.088,688
"0,1,2,5,6",16,nan,0.305,688
"1,5,6,10",13,10,0.604,688
"0,5,6,10",20,10,0.797,688
"0,11,12",25,"11,12",0.008,688
"0,2,5,6,10",21,10,0.127,688
"0,5,6,10",15,10,0.069,688
"1,2,4,10",4,10,0.512,688
"1,2,4,10",1,10,0.5,688
"0,2,5,6",12,nan,0.762,689
"0,4",11,nan,0.694,689
"1,5,6,10",11,10,0.373,689
"0,5,6,8",13,8,0.434,689
"0,4",5,nan,0.594,689
"0,5,6,8",17,8,0.756,689
"4,5,6,10",8,"4,6,10",0.226,689
"1,4,5",1,nan,0.476,690
"0,10,11,12,14",11,"10,11,12,14",0.686,690
"0,5,6,8",25,8,0.209,690
"4,5,6,7,8,9,10",7,10,0.737,690
"1,5,6,10",12,10,0.023,690
"0,2,11,12",23,nan,0.658,690
"0,2,5,6,10",21,10,0.328,690
"4,5,6,10",9,"4,6,10",0.105,690
"0,5,6,10",14,10,0.737,690
"0,2,11,12",16,nan,0.461,691
"4,5,6,10",20,"4,6,10",0.125,691
"1,2,4,10",16,10,0.497,691
"1,5,6,10",11,10,0.024,691
"0,1,2,4,5,6",18,nan,0.337,691
"0,1,2,5,6",12,nan,0.704,692
"0,2,5,6",17,nan,0.013,692
"1,5,6,10",4,10,0.44,692
"4,5,6,10",10,"4,6,10",0.292,692
"0,11,12",3,"11,12",0.303,692
"0,2,5,6",18,nan,0.055,692
"0,2,5,6",17,nan,0.437,692
"4,5,6,10",21,"4,6,10",0.589,692
"0,4",18,nan,0.606,693
"4,5,6,10",16,"4,6,10",0.536,693
"0,1,2,4,5,6",9,nan,0.455,693
"0,1,2,4,5,6",19,nan,0.653,693
"0,5,6,8",16,8,0.607,694
"0,2,5,6",18,nan,0.227,694
"0,2,11,12",7,nan,0.647,694
"0,5,6,10",22,10,0.124,694
"0,1,2,5,6",13,nan,0.29,694
"0,1,2,5,6",16,nan,0.327,695
"2,5,6,10",13,10,0.315,696
"0,5,6,10",17,10,0.191,696
"2,5,6,10",4,10,0.439,696
"0,1,2,4,5,6",22,nan,0.788,705
"1,2,4,10",3,10,0.538,705
"0,1,2,4,5,6",13,nan,0.184,705
"1,4,5,6,13,14",24,"4,13,14",0.214,706
"0,4",21,nan,0.688,706
"0,2,5,6,10",18,10,0.737,706
"0,5,6,10",8,10,0.671,706
"0,2,5,6",17,nan,0.468,706
"4,5,6,7,8,9,10",18,10,0.465,706
"0,2,5,6,10",7,10,0.403,707
"0,5,6,8",10,8,0.432,707
"4,5,6,7,8,9,10",8,10,0.292,707
"0,2,5,6",3,nan,0.071,707
"0,1,2,4,5,6",25,nan,0.616,707
"0,5,6,8",25,8,0.557,707
"4,5,6,7,8,9,10",13,10,0.639,707
"0,1,2,5,6",21,nan,0.127,708
"0,5,6,8",5,8,0.086,708
"0,5,6,10",21,10,0.249,708
"0,4",9,nan,0.344,708
"2,5,6,10",2,10,0.003,708
"0,11,12",20,"11,12",0.22,708
"1,4,5,6,13,14",1,"4,13,14",0.396,708
"0,1,2,5,6",22,nan,0.173,708
"1,5,6,10",1,10,0.348,708
"0,4",22,nan,0.661,709
"1,4,5",18,nan,0.468,709
"1,5,6,10",5,10,0.786,709
"1,4,5",12,nan,0.57,709
"2,5,6,10",21,10,0.518,709
"0,5,6,8",21,8,0.092,709
"0,2,11,12",11,nan,0.335,709
"4,5,6,10",10,"4,6,10",0.771,709
"0,4",23,nan,0.646,710
"0,4",9,nan,0.091,710
"1,5,6,10",2,10,0.461,710
"0,2,11,12",2,nan,0.139,710
"0,10,11,12,14",2,"10,11,12,14",0.398,710
"4,5,6,10",21,"4,6,10",0.565,710
"0,2,5,6,10",20,10,0.57,710
"1,4,5",3,nan,0.129,710
"0,5,6,8",19,8,0.244,711
"0,2,5,6,10",14,10,0.276,711
"0,2,11,12",9,nan,0.299,712
"0,2,5,6,10",16,10,0.652,712
"4,5,6,7,8,9,10",11,10,0.608,712
"4,5,6,7,8,9,10",8,10,0.033,712
"2,5,6,10",10,10,0.128,712
"0,5,6,10",20,10,0.058,712
"1,4,5,6,13,14",18,"4,13,14",0.248,712
"0,2,5,6",16,nan,0.332,713
"2,5,6,10",6,10,0.575,713
"0,1,2,5,6",22,nan,0.567,713
"2,5,6,10",2,10,0.694,713
"0,2,5,6",5,nan,0.104,713
"0,2,5,6,10",6,10,0.795,714
"4,5,6,10",17,"4,6,10",0.061,714
"0,2,11,12",21,nan,0.579,715
"0,2,11,12",18,nan,0.07,715
"0,1,2,4,5,6",5,nan,0.666,716
"0,2,5,6,10",6,10,0.495,723
"0,5,6,8",1,8,0.472,725
"1,5,6,10",1,10,0.286,725
"2,5,6,10",3,10,0.504,725
"0,4",22,nan,0.337,726
"0,4",14,nan,0.772,726
"0,2,11,12",3,nan,0.592,726
"1,5,6,10",16,10,0.344,727
"4,5,6,10",24,"4,6,10",0.243,727
"4,5,6,7,8,9,10",14,10,0.604,727
"0,10,11,12,14",19,"10,11,12,14",0.34,727
"0,5,6,10",24,10,0.417,727
"0,4",14,nan,0.109,727
"1,4,5",9,nan,0.023,728
"0,10,11,12,14",6,"10,11,12,14",0.688,728
"0,1,2,4,5,6",23,nan,0.389,728
"4,5,6,7,8,9,10",1,10,0.325,728
"0,2,11,12",7,nan,0.294,728
"0,11,12",9,"11,12",0.315,729
"0,1,2,4,5,6",15,nan,0.707,729
"4,5,6,7,8,9,10",5,10,0.461,729
"2,5,6,10",18,10,0.275,729
"0,10,11,12,14",1,"10,11,12,14",0.724,729
"0,5,6,10",12,10,0.727,729
"1,5,6,10",20,10,0.406,730
"0,2,5,6,10",8,10,0.74,730
"0,1,2,5,6",22,nan,0.709,730
"0,1,2,4,5,6",9,nan,0.058,730
"1,5,6,10",2,10,0.52,730
"0,10,11,12,14",13,"10,11,12,14",0.148,730
"1,4,5",7,nan,0.016,730
"0,4",9,nan,0.297,730
"0,1,2,5,6",5,nan,0.445,730
"4,5,6,7,8,9,10",23,10,0.771,730
"4,5,6,7,8,9,10",22,10,0.702,731
"0,5,6,10",19,10,0.183,731
"4,5,6,10",2,"4,6,10",0.186,731
"1,2,4,10",18,10,0.424,731
"4,5,6,10",22,"4,6,10",0.403,731
"1,4,5",5,nan,0.16,731
"0,5,6,10",4,10,0.649,731
"4,5,6,10",8,"4,6,10",0.137,731
"0,2,11,12",24,nan,0.106,731
"0,2,5,6,10",10,10,0.764,731
"4,5,6,10",16,"4,6,10",0.561,731
"0,1,2,5,6",4,nan,0.594,731
"0,1,2,4,5,6",15,nan,0.247,732
"0,5,6,8",9,8,0.588,732
"2,5,6,10",4,10,0.04,732
"0,1,2,4,5,6",3,nan,0.593,733
"2,5,6,10",6,10,0.575,733
"0,2,5,6,10",22,10,0.711,734
"1,5,6,10",4,10,0.73,734
"0,2,5,6",5,nan,0.117,734
"0,11,12",11,"11,12",0.598,734
"0,2,11,12",22,nan,0.029,735
"1,5,6,10",15,10,0.298,737
"1,2,4,10",21,10,0.483,737
"0,1,2,4,5,6",6,nan,0.637,737
"1,4,5,6,13,14",5,"4,13,14",0.615,739
"2,5,6,10",2,10,0.065,744
"1,4,5,6,13,14",14,"4,13,14",0.298,744
"0,10,11,12,14",3,"10,11,12,14",0.512,745
"4,5,6,10",24,"4,6,10",0.127,745
"0,2,5,6,10",25,10,0.394,746
"0,2,11,12",6,nan,0.464,746
"0,1,2,5,6",21,nan,0.631,747
"0,11,12",15,"11,12",0.582,747
"0,2,5,6,10",23,10,0.127,747
"1,5,6,10",8,10,0.239,747
"0,2,11,12",10,nan,0.47,747
"0,1,2,5,6",18,nan,0.524,747
"1,5,6,10",9,10,0.772,748
"0,2,11,12",2,nan,0.517,748
"0,2,11,12",22,nan,0.252,748
"0,2,5,6,10",5,10,0.131,748
"0,11,12",11,"11,12",0.075,748
"0,5,6,10",3,10,0.554,748
"4,5,6,10",13,"4,6,10",0.564,748
"0,2,5,6,10",15,10,0.574,748
"0,2,5,6",13,nan,0.178,748
"1,4,5",5,nan,0.05,748
"0,1,2,5,6",10,nan,0.267,749
"2,5,6,10",12,10,0.388,749
"1,2,4,10",4,10,0.468,749
"0,1,2,4,5,6",14,nan,0.396,749
"2,5,6,10",25,10,0.489,749
"1,4,5,6,13,14",20,"4,13,14",0.451,749
"0,4",23,nan,0.517,750
"1,5,6,10",2,10,0.137,750
"0,2,5,6",11,nan,0.716,750
"0,5,6,10",13,10,0.69,750
"4,5,6,10",1,"4,6,10",0.45,750
"2,5,6,10",21,10,0.177,750
"1,4,5",17,nan,0.242,750
"0,5,6,10",8,10,0.481,750
"0,10,11,12,14",8,"10,11,12,14",0.793,751
"0,4",25,nan,0.549,751
"1,4,5",19,nan,0.151,751
"0,2,5,6,10",10,10,0.65,751
"0,2,11,12",5,nan,0.587,751
"1,2,4,10",10,10,0.299,751
"0,4",19,nan,0.798,751
"0,4",20,nan,0.354,751
"0,11,12",22,"11,12",0.493,752
"0,2,11,12",10,nan,0.168,752
"4,5,6,7,8,9,10",20,10,0.456,752
"1,4,5,6,13,14",3,"4,13,14",0.436,752
"1,5,6,10",24,10,0.37,752
"0,11,12",9,"11,12",0.619,752
"0,5,6,10",20,10,0.001,753
"4,5,6,10",8,"4,6,10",0.166,753
"0,2,5,6,10",13,10,0.736,753
"1,4,5,6,13,14",23,"4,13,14",0.058,753
"1,4,5",16,nan,0.537,753
"0,5,6,10",10,10,0.471,754
"0,4",4,nan,0.28,754
"0,2,5,6",12,nan,0.091,754
"0,11,12",6,"11,12",0.16,755
"2,5,6,10",21,10,0.554,755
"1,2,4,10",8,10,0.18,764
"1,4,5",13,nan,0.517,764
"0,2,5,6,10",1,10,0.617,765
"1,4,5,6,13,14",9,"4,13,14",0.468,765
"1,4,5",16,nan,0.618,766
"0,5,6,10",7,10,0.205,766
"0,2,11,12",12,nan,0.647,766
"2,5,6,10",23,10,0.597,767
"0,2,11,12",14,nan,0.156,767
"1,5,6,10",19,10,0.211,767
"0,2,11,12",15,nan,0.626,767
"0,11,12",20,"11,12",0.643,767
"1,4,5",1,nan,0.12,767
"0,10,11,12,14",15,"10,11,12,14",0.568,767
"2,5,6,10",13,10,0.455,767
"0,1,2,4,5,6",6,nan,0.689,767
"0,11,12",23,"11,12",0.214,768
"0,10,11,12,14",6,"10,11,12,14",0.529,768
"4,5,6,7,8,9,10",14,10,0.351,768
"0,5,6,10",22,10,0.486,768
"4,5,6,7,8,9,10",5,10,0.6,768
"0,11,12",6,"11,12",0.246,768
"0,1,2,4,5,6",12,nan,0.086,769
"0,10,11,12,14",16,"10,11,12,14",0.046,769
"1,5,6,10",19,10,0.034,769
"1,4,5",12,nan,0.7,769
"2,5,6,10",18,10,0.175,769
"0,11,12",11,"11,12",0.093,769
"2,5,6,10",18,10,0.212,769
"0,1,2,5,6",25,nan,0.676,769
"4,5,6,7,8,9,10",25,10,0.472,769
"0,5,6,10",6,10,0.226,770
"1,5,6,10",14,10,0.262,770
"0,4",5,nan,0.034,770
"0,1,2,4,5,6",4,nan,0.756,770
"0,1,2,4,5,6",8,nan,0.794,770
"0,4",20,nan,0.17,770
"4,5,6,7,8,9,10",12,10,0.398,770
"1,4,5,6,13,14",6,"4,13,14",0.71,771
"1,4,5,6,13,14",20,"4,13,14",0.739,771
"0,1,2,5,6",17,nan,0.242,771
"0,1,2,5,6",1,nan,0.44,771
"0,1,2,4,5,6",20,nan,0.323,771
"0,5,6,10",6,10,0.237,771
"0,5,6,8",23,8,0.491,771
"2,5,6,10",19,10,0.765,772
"0,1,2,4,5,6",25,nan,0.648,772
"0,2,11,12",11,nan,0.417,772
"0,10,11,12,14",18,"10,11,12,14",0.029,773
"0,5,6,10",18,10,0.312,774
"0,2,11,12",10,nan,0.43,774
"1,4,5",10,nan,0.788,774
"0,11,12",22,"11,12",0.652,774
"0,4",16,nan,0.509,774
"0,1,2,5,6",5,nan,0.651,774
"0,2,11,12",1,nan,0.759,775
"1,5,6,10",23,10,0.731,775
"1,5,6,10",4,10,0.104,776
"1,4,5,6,13,14",15,"4,13,14",0.193,776
"0,4",13,nan,0.061,777
"0,1,2,5,6",5,nan,0.08,782
"1,4,5",22,nan,0.1,784
"4,5,6,7,8,9,10",15,10,0.346,784
"0,10,11,12,14",15,"10,11,12,14",0.102,785
"0,1,2,5,6",22,nan,0.121,785
"1,4,5,6,13,14",16,"4,13,14",0.622,786
"1,2,4,10",1,10,0.223,786
"1,4,5",4,nan,0.047,786
"4,5,6,7,8,9,10",13,10,0.475,786
"1,4,5,6,13,14",20,"4,13,14",0.101,787
"0,11,12",4,"11,12",0.583,788
"1,4,5",8,nan,0.283,788
"2,5,6,10",6,10,0.273,788
"0,1,2,4,5,6",5,nan,0.013,788
"0,5,6,10",13,10,0.014,788
"0,11,12",1,"11,12",0.203,789
"0,5,6,10",13,10,0.537,789
"0,4",15,nan,0.394,789
"0,10,11,12,14",25,"10,11,12,14",0.728,789
"0,10,11,12,14",6,"10,11,12,14",0.1,789
"4,5,6,7,8,9,10",8,10,0.323,789
"0,1,2,5,6",12,nan,0.087,789
"0,2,5,6,10",1,10,0.015,789
"4,5,6,10",18,"4,6,10",0.445,790
"0,2,11,12",3,nan,0.789,790
"0,5,6,8",17,8,0.226,790
"2,5,6,10",25,10,0.373,790
"2,5,6,10",25,10,0.676,790
"0,2,11,12",12,nan,0.437,790
"1,4,5,6,13,14",17,"4,13,14",0.418,790
"0,11,12",6,"11,12",0.788,790
"1,2,4,10",4,10,0.31,790
"0,1,2,5,6",24,nan,0.638,790
"4,5,6,10",8,"4,6,10",0.512,790
"1,5,6,10",3,10,0.503,791
"0,2,11,12",24,nan,0.04,791
"0,10,11,12,14",7,"10,11,12,14",0.25,791
"2,5,6,10",6,10,0.383,791
"2,5,6,10",3,10,0.736,791
"1,2,4,10",23,10,0.49,791
"0,4",10,nan,0.085,792
"2,5,6,10",13,10,0.588,792
"1,5,6,10",4,10,0.472,792
"0,10,11,12,14",11,"10,11,12,14",0.199,792
"0,5,6,8",5,8,0.748,792
"0,2,5,6",6,nan,0.776,792
"0,10,11,12,14",16,"10,11,12,14",0.037,792
"2,5,6,10",9,10,0.471,792
"4,5,6,7,8,9,10",24,10,0.234,793
"0,5,6,8",7,8,0.034,793
"4,5,6,10",8,"4,6,10",0.598,793
"0,4",3,nan,0.145,794
"0,5,6,10",4,10,0.342,794
"1,2,4,10",24,10,0.127,795
"1,4,5",23,nan,0.466,795
"1,4,5",18,nan,0.264,795
"1,4,5,6,13,14",3,"4,13,14",0.338,796
"0,11,12",6,"11,12",0.402,796
"0,11,12",20,"11,12",0.327,798
"0,1,2,5,6",1,nan,0.132,799
