"0,5",15,nan,0.625,3
"0,1,8",11,8,0.061,4
1,6,nan,0.607,5
"0,1",1,nan,0.497,5
"0,1,4",3,4,0.139,5
"0,1,4,7",12,4,0.746,5
"0,2",24,2,0.73,6
"0,1,4",21,4,0.449,6
"0,1,4",21,4,0.159,6
"0,1,4,7",7,4,0.414,7
"0,1,3,4",23,"0,1",0.265,7
"0,1,4",21,4,0.194,7
"0,1,8",10,8,0.304,7
"0,1,4",4,4,0.326,8
"0,2",17,2,0.116,8
"0,1,3,4",9,"0,1",0.606,8
"0,1,4",9,4,0.768,8
"0,1,8",1,8,0.53,8
1,24,nan,0.566,9
"0,2",4,2,0.13,9
"0,1,8",15,8,0.02,9
"0,5",10,nan,0.748,9
"0,1,4",24,4,0.134,9
"0,4",25,nan,0.554,9
1,15,nan,0.544,9
"0,1,4",1,4,0.712,10
"0,4,5",3,4,0.303,10
"0,4",16,nan,0.719,10
"0,2",4,2,0.124,10
"0,1,4",3,4,0.79,10
"0,1",25,nan,0.586,10
"0,1,4",20,4,0.034,10
"0,4",13,nan,0.351,10
"0,1,4,7",23,4,0.132,11
"0,1,3,4",19,"0,1",0.082,11
"0,4",23,nan,0.569,11
"0,1,4",18,4,0.701,11
"0,1,8",23,8,0.141,11
1,23,nan,0.219,12
"0,1,4",20,4,0.109,12
"0,1,4",7,4,0.229,12
"0,4",14,nan,0.456,12
"0,4",15,nan,0.424,12
"0,1,3,4",5,"0,1",0.789,13
"0,4",15,nan,0.42,13
"0,1,8",20,8,0.087,13
"0,5",16,nan,0.379,13
"0,4",2,nan,0.639,13
1,4,nan,0.126,13
"0,1,4",24,4,0.318,13
"0,1,4",16,4,0.605,13
"0,1,4",16,4,0.609,14
"0,5",5,nan,0.233,14
"0,5",22,nan,0.542,14
"0,1,8",16,8,0.146,15
"0,1,4",1,4,0.645,15
"0,1,3,4",24,"0,1",0.457,16
1,7,nan,0.038,16
1,18,nan,0.167,16
"0,4,5",21,4,0.26,16
"0,1,8",10,8,0.574,22
"0,1,4",23,4,0.673,25
"0,4,5",5,4,0.66,25
"0,4,5",15,4,0.403,25
"0,1,4",20,4,0.051,26
"0,1,4,7",2,4,0.074,26
"0,1,4",5,4,0.543,26
1,17,nan,0.434,26
"0,1,8",19,8,0.05,27
"0,1",20,nan,0.02,27
"0,4",25,nan,0.348,27
"0,1,4,7",5,4,0.391,27
"0,2",6,2,0.637,28
"0,1,4",21,4,0.773,28
1,14,nan,0.629,28
"0,1",12,nan,0.048,29
"0,1",9,nan,0.336,29
"0,1,8",19,8,0.424,29
"0,1,4",25,4,0.214,29
"0,2",5,2,0.044,29
"0,4,5",11,4,0.541,29
"0,1",17,nan,0.6,29
"0,1",10,nan,0.757,29
"0,5",9,nan,0.528,29
"0,4",4,nan,0.296,29
"0,1",16,nan,0.064,30
"0,1,3,4",12,"0,1",0.403,30
"0,1,4",4,4,0.174,30
"0,5",18,nan,0.666,30
"0,1",12,nan,0.115,30
"0,1,8",7,8,0.497,30
"0,1,3,4",5,"0,1",0.069,30
1,17,nan,0.136,30
"0,4,5",16,4,0.243,30
"0,5",7,nan,0.207,30
"0,1,8",13,8,0.205,31
"0,1,4",4,4,0.432,31
"0,1",4,nan,0.125,31
1,11,nan,0.746,31
"0,2",11,2,0.68,31
"0,1,4",16,4,0.128,31
"0,2",7,2,0.432,31
"0,4",21,nan,0.704,31
"0,1,4",6,4,0.634,31
"0,1",11,nan,0.745,32
"0,1,3,4",5,"0,1",0.729,32
"0,5",18,nan,0.183,32
"0,1",5,nan,0.246,33
"0,2",13,2,0.775,33
"0,1,3,4",18,"0,1",0.264,33
"0,1,4",5,4,0.412,33
"0,1,3,4",9,"0,1",0.208,33
"0,1",17,nan,0.329,34
1,16,nan,0.783,34
"0,1,4,7",1,4,0.424,34
"0,5",12,nan,0.733,34
"0,1,4,7",20,4,0.137,35
"0,2",2,2,0.062,35
"0,1,4,7",7,4,0.729,36
"0,1,3,4",19,"0,1",0.065,37
"0,1",4,nan,0.061,45
"0,1,4",21,4,0.796,46
"0,1,4,7",13,4,0.402,46
"0,1,3,4",15,"0,1",0.712,46
"0,1,4",2,4,0.192,47
"0,1,4,7",23,4,0.159,47
"0,1,4,7",19,4,0.32,47
"0,1,8",3,8,0.743,47
1,15,nan,0.185,47
"0,1,8",16,8,0.056,48
"0,2",11,2,0.284,48
"0,5",15,nan,0.422,48
"0,1,3,4",16,"0,1",0.018,48
"0,5",21,nan,0.133,48
"0,1,4,7",13,4,0.76,48
"0,1,4",3,4,0.057,49
"0,4,5",10,4,0.018,49
"0,1",12,nan,0.304,49
"0,1",19,nan,0.53,49
"0,2",22,2,0.2,49
"0,1,4,7",24,4,0.658,49
"0,5",22,nan,0.333,49
"0,1,3,4",23,"0,1",0.788,49
1,15,nan,0.137,49
"0,1,4",12,4,0.434,49
1,2,nan,0.155,50
"0,1,8",1,8,0.177,50
"0,5",22,nan,0.004,50
1,25,nan,0.204,50
"0,4",23,nan,0.614,50
"0,1,8",4,8,0.063,50
"0,4,5",12,4,0.228,50
"0,1",15,nan,0.05,50
"0,4,5",20,4,0.421,51
"0,1,4,7",11,4,0.308,51
"0,1,3,4",25,"0,1",0.459,51
"0,1,4",9,4,0.055,51
"0,1,8",18,8,0.625,51
"0,4,5",4,4,0.377,51
"0,5",22,nan,0.523,51
"0,5",6,nan,0.564,51
"0,5",14,nan,0.661,52
"0,1,4",23,4,0.371,52
"0,5",22,nan,0.522,52
"0,1,4",22,4,0.205,52
1,16,nan,0.051,52
"0,1,4",23,4,0.254,52
"0,1,4,7",12,4,0.275,52
1,16,nan,0.18,53
"0,5",25,nan,0.048,53
"0,1,4",15,4,0.191,54
"0,1,4",11,4,0.299,54
"0,1,8",20,8,0.517,54
"0,5",18,nan,0.613,54
"0,1",13,nan,0.205,54
"0,1,4",12,4,0.192,54
"0,1,4,7",20,4,0.657,55
"0,1,4",22,4,0.218,56
"0,1,4",21,4,0.26,56
"0,1,4",1,4,0.072,56
"0,4,5",23,4,0.52,63
"0,4",6,nan,0.334,64
1,11,nan,0.351,65
"0,1,4",12,4,0.732,65
1,20,nan,0.784,65
"0,1,4",11,4,0.296,66
"0,1,4",8,4,0.169,66
"0,1,4,7",9,4,0.141,66
"0,5",17,nan,0.765,66
"0,1,8",1,8,0.459,66
"0,1",19,nan,0.479,66
"0,1,4,7",16,4,0.247,66
1,6,nan,0.187,67
"0,5",9,nan,0.437,67
"0,1,4,7",24,4,0.024,67
"0,1,8",4,8,0.521,67
"0,1,4",12,4,0.328,67
"0,4",22,nan,0.491,68
1,20,nan,0.539,68
"0,1,3,4",24,"0,1",0.518,68
"0,1,3,4",13,"0,1",0.344,68
"0,1,3,4",22,"0,1",0.581,69
"0,4,5",21,4,0.793,69
"0,1,8",25,8,0.767,69
"0,1,4,7",7,4,0.027,69
"0,1,4,7",11,4,0.679,69
1,11,nan,0.568,69
"0,5",17,nan,0.608,69
"0,1,4",18,4,0.559,69
1,7,nan,0.78,69
"0,1,4",7,4,0.176,69
"0,1,4",4,4,0.35,69
"0,1,4",14,4,0.197,69
"0,1,4",19,4,0.375,70
"0,4",17,nan,0.586,71
"0,4,5",23,4,0.608,71
"0,4,5",4,4,0.222,71
"0,1,4,7",14,4,0.796,71
"0,2",23,2,0.609,71
"0,1,8",10,8,0.619,71
"0,1,3,4",1,"0,1",0.174,71
"0,1,4",10,4,0.584,72
"0,5",16,nan,0.012,72
"0,1,8",7,8,0.04,72
"0,2",24,2,0.677,72
"0,1,3,4",10,"0,1",0.501,72
"0,4,5",9,4,0.178,73
"0,4,5",17,4,0.083,73
"0,2",25,2,0.621,73
"0,2",17,2,0.683,73
"0,5",14,nan,0.089,73
"0,5",4,nan,0.152,73
"0,5",23,nan,0.212,74
"0,5",12,nan,0.062,74
"0,1,4",19,4,0.734,74
"0,1,4,7",10,4,0.643,74
"0,4",20,nan,0.484,74
"0,4",25,nan,0.711,75
"0,5",16,nan,0.247,75
"0,1,8",2,8,0.086,75
"0,1,4",24,4,0.164,84
"0,1,4,7",6,4,0.034,85
"0,2",7,2,0.466,85
"0,1,4,7",18,4,0.765,86
"0,1,4",18,4,0.138,86
"0,1,8",11,8,0.381,86
"0,1,4",24,4,0.298,86
"0,1,4",7,4,0.41,87
"0,1,4",9,4,0.488,87
"0,1,4",15,4,0.269,87
"0,1",5,nan,0.261,87
1,2,nan,0.187,87
"0,2",22,2,0.052,87
"0,1,4",13,4,0.356,87
"0,5",22,nan,0.333,87
"0,2",5,2,0.769,88
"0,1,4",10,4,0.267,88
"0,4",24,nan,0.552,88
"0,4",8,nan,0.464,88
"0,1",17,nan,0.429,88
"0,1",19,nan,0.149,88
"0,1,4,7",2,4,0.311,89
"0,4",14,nan,0.188,89
"0,4,5",10,4,0.131,89
"0,1,4",10,4,0.215,89
"0,5",6,nan,0.022,89
"0,1,4",11,4,0.775,89
"0,1,8",24,8,0.095,89
"0,1,4",17,4,0.164,89
1,8,nan,0.106,90
"0,1",8,nan,0.563,90
"0,1,4",24,4,0.698,90
"0,4",25,nan,0.271,90
"0,1,8",25,8,0.358,90
"0,1",22,nan,0.01,90
"0,2",20,2,0.259,90
"0,5",13,nan,0.183,90
"0,2",20,2,0.044,90
"0,1,4",22,4,0.6,90
"0,2",8,2,0.59,90
"0,1,4",2,4,0.471,91
"0,1,4,7",6,4,0.725,91
"0,2",22,2,0.137,91
"0,1,4",2,4,0.531,91
"0,1,4",24,4,0.042,92
"0,2",20,2,0.128,92
"0,4",20,nan,0.672,92
"0,1,4",8,4,0.773,92
"0,4",10,nan,0.731,92
"0,1,4",15,4,0.555,92
1,18,nan,0.204,93
"0,1,3,4",3,"0,1",0.443,93
1,22,nan,0.007,93
"0,1,8",6,8,0.168,93
"0,5",17,nan,0.523,94
"0,4",20,nan,0.573,95
"0,1,8",19,8,0.112,95
"0,4",9,nan,0.613,97
"0,5",11,nan,0.678,98
"0,1,3,4",6,"0,1",0.097,101
"0,1,3,4",3,"0,1",0.446,104
"0,4,5",23,4,0.72,104
"0,1,3,4",25,"0,1",0.601,105
"0,1,3,4",14,"0,1",0.739,105
"0,1,3,4",15,"0,1",0.34,107
"0,2",19,2,0.207,107
1,22,nan,0.744,107
"0,1,8",22,8,0.678,107
"0,1,4",4,4,0.743,107
"0,4,5",3,4,0.731,107
"0,4",5,nan,0.457,107
"0,1,4,7",20,4,0.392,107
"0,5",7,nan,0.243,108
"0,2",22,2,0.224,108
"0,1",8,nan,0.34,108
"0,1,8",24,8,0.673,108
"0,4,5",20,4,0.421,108
"0,5",14,nan,0.51,108
"0,1,4",10,4,0.657,108
"0,4",22,nan,0.694,108
"0,1,3,4",25,"0,1",0.439,108
"0,1,4",23,4,0.608,108
"0,4",25,nan,0.513,109
"0,1,4",13,4,0.551,109
"0,4",23,nan,0.583,109
"0,1,3,4",8,"0,1",0.063,109
"0,1,8",15,8,0.581,109
1,2,nan,0.745,109
1,18,nan,0.416,109
1,15,nan,0.604,110
"0,4",16,nan,0.046,110
"0,5",15,nan,0.634,110
"0,1,3,4",7,"0,1",0.735,110
"0,1,4",9,4,0.543,110
"0,1,4",2,4,0.189,110
"0,1,4,7",10,4,0.795,110
"0,5",4,nan,0.394,110
"0,1,4",13,4,0.128,110
"0,5",9,nan,0.182,111
"0,1,4,7",23,4,0.6,111
"0,4,5",8,4,0.255,111
"0,4",2,nan,0.257,111
"0,1",14,nan,0.051,111
"0,4",5,nan,0.226,111
"0,4,5",13,4,0.386,112
"0,5",10,nan,0.275,112
"0,1,4",25,4,0.624,112
"0,1,3,4",21,"0,1",0.584,112
"0,1,4",24,4,0.126,112
"0,1,4",12,4,0.139,112
"0,1,3,4",24,"0,1",0.153,112
"0,1,4",21,4,0.359,113
"0,1",21,nan,0.749,113
"0,1",24,nan,0.796,113
"0,1,4",15,4,0.757,113
"0,1,8",2,8,0.266,114
"0,5",14,nan,0.33,114
1,24,nan,0.387,114
"0,1,3,4",21,"0,1",0.492,115
"0,1,4,7",21,4,0.408,115
"0,1,8",21,8,0.711,124
"0,2",16,2,0.366,125
"0,4,5",10,4,0.57,126
"0,4,5",13,4,0.044,126
"0,1,4",2,4,0.151,126
"0,4",13,nan,0.009,126
"0,1,4",8,4,0.669,127
"0,5",11,nan,0.063,127
"0,4",13,nan,0.422,127
"0,1,4",3,4,0.35,127
"0,1,4",1,4,0.66,127
"0,1,3,4",16,"0,1",0.769,127
"0,2",17,2,0.669,127
"0,4,5",10,4,0.053,127
"0,5",10,nan,0.129,127
"0,1,8",12,8,0.765,127
"0,1,3,4",4,"0,1",0.728,128
"0,1,4",15,4,0.302,128
"0,4,5",4,4,0.77,128
"0,1,4,7",7,4,0.419,128
"0,1,4",15,4,0.649,129
"0,1,4",24,4,0.496,129
"0,1,4,7",14,4,0.796,129
"0,1,4",22,4,0.613,129
"0,4,5",21,4,0.056,129
"0,5",6,nan,0.113,129
1,3,nan,0.253,129
"0,5",25,nan,0.475,129
"0,1,4",23,4,0.691,129
"0,1,3,4",5,"0,1",0.607,130
"0,4",3,nan,0.337,130
"0,1,3,4",6,"0,1",0.034,130
"0,5",19,nan,0.048,130
"0,4,5",23,4,0.176,130
1,21,nan,0.522,130
"0,1",15,nan,0.551,130
"0,1,3,4",23,"0,1",0.743,130
"0,1",13,nan,0.056,130
"0,1",1,nan,0.111,131
"0,2",4,2,0.336,131
"0,1,4,7",5,4,0.439,131
"0,1,3,4",6,"0,1",0.337,131
"0,4",16,nan,0.656,131
"0,1,8",4,8,0.442,132
1,2,nan,0.453,132
"0,2",8,2,0.342,132
"0,1,3,4",11,"0,1",0.612,132
"0,1,4",4,4,0.336,132
"0,5",11,nan,0.121,133
"0,1,4",20,4,0.063,133
"0,2",5,2,0.275,133
"0,1",12,nan,0.576,133
"0,1,3,4",21,"0,1",0.452,134
"0,1,4",5,4,0.029,134
"0,1,4",20,4,0.676,135
"0,2",10,2,0.414,135
"0,4,5",4,4,0.062,135
"0,1",3,nan,0.286,135
"0,1,8",9,8,0.061,138
"0,2",9,2,0.387,139
"0,4",7,nan,0.055,144
"0,1,4",19,4,0.555,145
"0,1",1,nan,0.111,146
"0,1",16,nan,0.034,146
"0,1,3,4",20,"0,1",0.104,146
"0,5",14,nan,0.463,146
"0,1,4",6,4,0.484,146
"0,1,4",18,4,0.701,146
"0,1,4,7",25,4,0.049,146
"0,1,3,4",22,"0,1",0.416,147
"0,1,4",10,4,0.263,147
"0,1,4",18,4,0.793,147
"0,4",23,nan,0.338,147
"0,4",20,nan,0.129,147
"0,1,4",12,4,0.394,147
"0,1,4",10,4,0.568,148
"0,1,4",23,4,0.589,148
1,17,nan,0.083,148
"0,1,8",24,8,0.2,148
"0,1,4,7",12,4,0.657,148
"0,4",12,nan,0.542,148
"0,1,4,7",10,4,0.199,148
1,1,nan,0.351,148
"0,1,4",15,4,0.799,148
1,18,nan,0.672,149
"0,5",4,nan,0.091,149
"0,1,4",3,4,0.381,149
"0,4",22,nan,0.519,149
"0,1,4,7",4,4,0.112,149
1,5,nan,0.322,149
"0,1,4",9,4,0.54,150
"0,4",6,nan,0.325,150
"0,2",8,2,0.56,150
"0,4",23,nan,0.398,150
"0,4",10,nan,0.321,150
1,21,nan,0.195,150
"0,1,4",24,4,0.302,150
"0,5",5,nan,0.661,150
"0,4",6,nan,0.032,150
"0,1,4",25,4,0.003,150
"0,2",18,2,0.062,150
"0,1,8",21,8,0.238,151
"0,1,4",20,4,0.145,151
"0,4,5",11,4,0.086,151
"0,1,4",10,4,0.653,151
"0,4,5",2,4,0.258,151
"0,1,3,4",1,"0,1",0.6,151
"0,2",9,2,0.223,152
"0,5",14,nan,0.737,152
"0,1,3,4",1,"0,1",0.481,152
"0,4,5",18,4,0.683,152
"0,4",20,nan,0.451,153
"0,1,8",14,8,0.58,153
"0,1,4,7",25,4,0.399,153
"0,1",2,nan,0.601,154
1,10,nan,0.561,154
"0,4,5",24,4,0.484,154
"0,1,4",6,4,0.352,154
1,21,nan,0.112,155
"0,5",13,nan,0.47,157
"0,1,4,7",5,4,0.272,161
"0,1,4",17,4,0.47,162
"0,1",15,nan,0.078,163
"0,1,4",19,4,0.657,164
"0,4,5",1,4,0.348,164
"0,1,4",17,4,0.796,166
"0,5",22,nan,0.379,166
"0,1,4",15,4,0.5,166
"0,1,4",24,4,0.316,167
"0,1",24,nan,0.555,167
1,6,nan,0.183,167
"0,4",24,nan,0.788,167
"0,5",19,nan,0.63,168
"0,4",12,nan,0.64,168
"0,1,4",13,4,0.488,168
"0,5",17,nan,0.598,168
"0,1,4",19,4,0.739,168
"0,1",18,nan,0.072,169
"0,4,5",6,4,0.276,169
"0,1,4,7",3,4,0.331,169
"0,2",20,2,0.329,169
"0,1,4",25,4,0.753,169
"0,4,5",18,4,0.435,170
"0,1,4",18,4,0.321,170
"0,2",2,2,0.334,170
"0,1,4",15,4,0.357,170
"0,4,5",20,4,0.432,170
"0,1,3,4",17,"0,1",0.298,170
"0,4",19,nan,0.366,170
1,7,nan,0.566,170
"0,1,4",20,4,0.008,170
"0,1,8",10,8,0.632,171
"0,2",13,2,0.792,171
"0,1,8",1,8,0.581,171
"0,1,4",15,4,0.419,171
"0,1,4",12,4,0.744,171
"0,2",17,2,0.379,172
"0,5",22,nan,0.487,172
"0,1,8",1,8,0.723,172
"0,1",2,nan,0.778,172
"0,4",21,nan,0.268,172
1,11,nan,0.554,173
"0,1,4,7",11,4,0.429,173
"0,1,4",1,4,0.143,173
"0,1,4",6,4,0.213,174
"0,5",11,nan,0.342,174
"0,4,5",16,4,0.514,174
"0,1,8",1,8,0.642,174
"0,1,4",2,4,0.192,174
1,18,nan,0.048,174
"0,1",16,nan,0.254,174
"0,5",1,nan,0.187,175
"0,1,4,7",20,4,0.41,175
"0,1,4,7",2,4,0.163,175
"0,1,8",25,8,0.008,175
"0,4",14,nan,0.771,176
"0,1,4",19,4,0.199,176
"0,1,4",4,4,0.474,177
"0,1,3,4",3,"0,1",0.444,177
"0,2",7,2,0.117,179
"0,4,5",9,4,0.686,184
"0,1,4",15,4,0.093,185
"0,1,8",10,8,0.733,185
"0,1,8",10,8,0.289,186
"0,1,4",10,4,0.262,186
"0,2",16,2,0.519,186
"0,1",12,nan,0.122,186
"0,2",25,2,0.472,187
"0,5",5,nan,0.111,187
"0,1,4,7",2,4,0.348,187
"0,1,4,7",13,4,0.755,187
"0,1,4,7",22,4,0.587,187
"0,1,4",7,4,0.402,187
1,9,nan,0.111,188
"0,1,4",3,4,0.629,188
"0,2",1,2,0.468,188
"0,1,3,4",25,"0,1",0.768,188
"0,1,4",19,4,0.443,188
"0,1,4,7",21,4,0.472,188
"0,4",6,nan,0.695,189
"0,1,4",18,4,0.037,189
"0,4",8,nan,0.359,189
"0,1,4,7",1,4,0.046,189
"0,4,5",20,4,0.536,189
"0,1,4,7",24,4,0.373,189
"0,1,4",12,4,0.502,190
1,4,nan,0.605,190
"0,1,4",2,4,0.174,190
"0,1,4",9,4,0.023,190
"0,1,8",4,8,0.744,190
"0,4,5",15,4,0.737,190
"0,1,4,7",21,4,0.491,190
"0,2",5,2,0.095,190
"0,1,3,4",15,"0,1",0.163,191
"0,1,4",25,4,0.281,191
"0,1,4",14,4,0.113,191
"0,4,5",19,4,0.683,191
"0,1,8",19,8,0.495,191
"0,1,4",15,4,0.7,191
1,25,nan,0.732,191
"0,1,4",10,4,0.152,192
"0,1,4",3,4,0.508,192
"0,1,4",4,4,0.434,192
"0,1,3,4",19,"0,1",0.071,192
"0,1,4",12,4,0.669,192
"0,1,4",13,4,0.711,192
"0,1",22,nan,0.181,192
"0,4,5",16,4,0.518,192
"0,1,4",11,4,0.742,192
1,23,nan,0.214,192
"0,4",19,nan,0.686,192
"0,4,5",1,4,0.25,192
"0,2",23,2,0.38,192
1,15,nan,0.164,193
"0,2",4,2,0.119,193
1,20,nan,0.099,193
"0,1,8",18,8,0.389,193
"0,1,4,7",12,4,0.625,194
"0,1,8",20,8,0.279,194
"0,1,4",21,4,0.135,195
"0,1,4",2,4,0.317,205
"0,2",1,2,0.672,205
"0,1,4",7,4,0.153,205
1,3,nan,0.531,205
"0,1,4,7",7,4,0.117,206
"0,4",11,nan,0.378,206
"0,1,4,7",21,4,0.411,206
"0,4",18,nan,0.519,206
"0,1,4,7",21,4,0.418,206
"0,1,4,7",22,4,0.719,207
"0,5",24,nan,0.409,207
"0,4,5",13,4,0.02,207
1,19,nan,0.544,207
"0,4,5",8,4,0.174,207
"0,4",17,nan,0.229,208
"0,1,3,4",8,"0,1",0.213,208
"0,4",13,nan,0.049,208
"0,1,4",3,4,0.589,208
"0,5",10,nan,0.303,208
"0,4,5",23,4,0.597,208
"0,1,4",24,4,0.739,208
"0,1,4",2,4,0.199,208
1,3,nan,0.276,208
"0,2",23,2,0.118,208
"0,1,4",10,4,0.376,209
"0,1,4",16,4,0.491,209
"0,1,8",25,8,0.001,209
"0,1,8",14,8,0.609,209
"0,1,4",21,4,0.492,209
"0,4,5",5,4,0.174,209
"0,2",22,2,0.408,209
"0,5",12,nan,0.491,210
"0,1,4",7,4,0.78,210
1,11,nan,0.42,210
1,24,nan,0.736,210
"0,1",17,nan,0.036,210
"0,5",6,nan,0.707,210
1,11,nan,0.186,210
"0,1,4",5,4,0.282,210
"0,1,4,7",15,4,0.235,210
"0,4,5",1,4,0.628,211
"0,1,8",18,8,0.131,211
1,7,nan,0.377,211
"0,1,4",11,4,0.766,211
"0,5",11,nan,0.028,211
"0,1",24,nan,0.59,211
1,14,nan,0.262,211
"0,1",12,nan,0.742,212
"0,1,4",5,4,0.374,212
"0,2",19,2,0.268,212
"0,2",16,2,0.35,212
"0,1,4",20,4,0.755,212
"0,1",14,nan,0.159,212
"0,1,4",21,4,0.041,212
"0,1,3,4",12,"0,1",0.004,213
"0,1,4",20,4,0.552,213
"0,1",17,nan,0.619,213
"0,5",14,nan,0.429,214
"0,1,4",22,4,0.427,216
"0,1,4",5,4,0.116,218
"0,1,8",2,8,0.021,224
"0,1,8",3,8,0.088,224
"0,1,8",21,8,0.023,225
"0,4,5",12,4,0.119,225
"0,2",11,2,0.248,225
"0,1,3,4",16,"0,1",0.019,226
"0,2",23,2,0.03,226
"0,2",17,2,0.442,226
"0,4,5",10,4,0.349,226
"0,1,8",6,8,0.384,226
"0,1,3,4",13,"0,1",0.532,226
"0,1,4",9,4,0.779,227
1,21,nan,0.353,227
"0,4",10,nan,0.301,227
"0,4,5",2,4,0.673,227
"0,1",23,nan,0.323,227
"0,1",25,nan,0.233,227
"0,4,5",4,4,0.442,227
"0,1,8",10,8,0.125,227
1,5,nan,0.7,227
"0,4,5",15,4,0.689,228
"0,2",11,2,0.541,228
"0,4,5",19,4,0.643,228
"0,1,3,4",10,"0,1",0.705,228
"0,2",10,2,0.524,228
"0,2",2,2,0.024,228
"0,1,4",15,4,0.248,229
"0,1,4",21,4,0.034,229
"0,1,4",13,4,0.05,229
"0,1,4,7",16,4,0.691,229
"0,1,8",14,8,0.652,229
"0,1",17,nan,0.641,229
"0,1,4,7",17,4,0.454,230
"0,4,5",7,4,0.687,230
"0,1,4,7",19,4,0.379,230
"0,1,4",1,4,0.152,230
"0,1,4",24,4,0.632,230
"0,1,4",18,4,0.313,230
"0,1,4",18,4,0.501,231
"0,1",13,nan,0.148,231
"0,1,4",20,4,0.608,231
"0,4",3,nan,0.175,231
"0,5",5,nan,0.627,231
"0,1,3,4",3,"0,1",0.257,232
"0,1,4",2,4,0.718,232
"0,2",12,2,0.127,232
"0,1,8",17,8,0.092,232
"0,1,8",12,8,0.697,232
1,25,nan,0.394,232
"0,1,4",9,4,0.517,232
"0,1,4",18,4,0.269,232
"0,1,4",22,4,0.14,232
"0,1,3,4",23,"0,1",0.22,232
"0,4,5",21,4,0.764,233
"0,1,3,4",1,"0,1",0.675,235
"0,4,5",18,4,0.773,235
"0,5",17,nan,0.099,235
"0,1,8",8,8,0.593,236
1,4,nan,0.784,236
"0,4",5,nan,0.571,240
"0,1",7,nan,0.483,245
"0,2",3,2,0.677,245
"0,2",1,2,0.126,246
"0,1,3,4",16,"0,1",0.401,246
"0,1,4,7",11,4,0.727,246
"0,1,3,4",17,"0,1",0.331,246
"0,2",25,2,0.112,246
1,18,nan,0.282,247
"0,2",2,2,0.358,247
"0,1,4,7",25,4,0.323,247
"0,1,4",23,4,0.323,247
"0,4",4,nan,0.438,247
"0,4",21,nan,0.303,247
"0,1,4",25,4,0.025,247
"0,2",6,2,0.647,247
1,3,nan,0.223,248
1,5,nan,0.155,248
"0,2",9,2,0.265,248
"0,4,5",4,4,0.413,248
"0,1",14,nan,0.599,248
"0,1,4",14,4,0.253,248
"0,1,3,4",17,"0,1",0.145,248
"0,1,4",23,4,0.149,248
"0,2",25,2,0.74,249
"0,1,4",6,4,0.045,249
"0,1,4",18,4,0.245,249
"0,2",8,2,0.321,249
"0,1,8",9,8,0.672,249
"0,1",18,nan,0.633,249
"0,4",6,nan,0.643,249
"0,4",13,nan,0.679,250
"0,1,8",18,8,0.622,250
"0,1",25,nan,0.326,250
"0,1",1,nan,0.769,250
"0,5",19,nan,0.091,251
"0,1,4",24,4,0.235,251
"0,2",9,2,0.789,252
"0,5",12,nan,0.542,252
"0,2",2,2,0.504,252
"0,2",5,2,0.146,252
"0,1,4",13,4,0.221,252
"0,5",19,nan,0.185,253
"0,4",11,nan,0.677,253
"0,1,3,4",20,"0,1",0.142,253
"0,4,5",15,4,0.316,253
"0,4",21,nan,0.044,253
"0,4",8,nan,0.31,253
"0,1,4",14,4,0.511,253
"0,5",8,nan,0.396,254
"0,4",22,nan,0.333,254
"0,1,4",8,4,0.598,254
"0,1,3,4",20,"0,1",0.221,254
"0,1,4,7",18,4,0.503,255
"0,1,3,4",15,"0,1",0.287,255
"0,1,4,7",12,4,0.34,255
"0,1,8",22,8,0.066,256
"0,2",16,2,0.659,256
"0,1,4",16,4,0.704,256
"0,1,4",24,4,0.745,257
"0,1",8,nan,0.476,257
"0,1,4",4,4,0.175,265
"0,1",14,nan,0.372,265
"0,1,4",14,4,0.743,266
"0,2",1,2,0.057,266
"0,4,5",10,4,0.431,266
1,22,nan,0.358,266
"0,1,4",1,4,0.788,266
"0,4",5,nan,0.272,267
"0,1,4",18,4,0.27,267
"0,1,4",4,4,0.089,267
"0,1",4,nan,0.71,267
"0,1",11,nan,0.266,267
"0,1,4",12,4,0.398,267
"0,1,4",16,4,0.26,267
"0,4,5",24,4,0.684,267
"0,1,4",9,4,0.215,268
"0,1,4",12,4,0.775,268
"0,1,3,4",3,"0,1",0.126,268
"0,1,4",15,4,0.455,268
"0,1,4",24,4,0.386,268
"0,1,4",22,4,0.75,268
"0,1,3,4",25,"0,1",0.343,268
"0,2",16,2,0.557,269
"0,1,4",3,4,0.234,269
"0,1,8",24,8,0.385,269
"0,1,4",24,4,0.174,269
1,5,nan,0.755,269
1,10,nan,0.453,269
"0,5",3,nan,0.245,269
1,24,nan,0.412,269
"0,1,4",17,4,0.499,269
"0,1,4",10,4,0.674,269
"0,1,4",1,4,0.676,270
"0,4,5",19,4,0.577,270
"0,1,3,4",5,"0,1",0.74,270
1,11,nan,0.23,270
"0,1,8",20,8,0.063,270
"0,4,5",9,4,0.598,271
"0,1,4",12,4,0.72,271
"0,4,5",3,4,0.503,271
"0,4",12,nan,0.05,272
"0,4",6,nan,0.6,272
"0,1,3,4",19,"0,1",0.558,272
"0,4,5",19,4,0.725,272
1,12,nan,0.647,272
"0,2",11,2,0.059,272
"0,1,4,7",5,4,0.074,272
"0,2",13,2,0.464,272
"0,1",24,nan,0.212,272
"0,5",21,nan,0.41,272
"0,5",19,nan,0.367,272
"0,5",10,nan,0.254,273
"0,4,5",12,4,0.332,273
"0,1,4",24,4,0.486,273
"0,1,3,4",15,"0,1",0.008,273
"0,5",11,nan,0.096,273
"0,1,8",5,8,0.621,273
"0,1,4",1,4,0.21,274
1,23,nan,0.102,276
"0,1,8",5,8,0.033,277
"0,5",11,nan,0.155,283
"0,4",8,nan,0.599,285
"0,1",25,nan,0.163,285
"0,1,4",7,4,0.241,285
"0,1",18,nan,0.21,286
"0,1,4,7",11,4,0.358,286
"0,4",11,nan,0.387,286
"0,1",10,nan,0.015,286
"0,1,4,7",9,4,0.597,287
"0,1,8",23,8,0.149,287
"0,1,4",16,4,0.377,287
1,9,nan,0.152,287
"0,1,4",2,4,0.785,288
"0,1,4",6,4,0.771,288
"0,2",14,2,0.224,288
"0,1,4",3,4,0.6,288
"0,4",19,nan,0.189,288
"0,1",19,nan,0.048,288
"0,1,8",24,8,0.088,289
"0,4,5",11,4,0.395,289
"0,1,3,4",20,"0,1",0.395,289
"0,2",24,2,0.688,289
"0,1,4,7",20,4,0.333,289
1,2,nan,0.785,289
"0,4,5",19,4,0.681,289
"0,1,4,7",19,4,0.069,289
"0,4,5",12,4,0.497,289
"0,1,4,7",16,4,0.023,289
1,8,nan,0.127,289
"0,5",18,nan,0.186,289
"0,1,8",16,8,0.252,290
"0,1,4",18,4,0.505,290
"0,1,4,7",12,4,0.467,290
1,4,nan,0.379,290
"0,1,4,7",22,4,0.002,290
"0,4",23,nan,0.42,290
1,2,nan,0.402,290
"0,4",11,nan,0.588,290
"0,1,4",20,4,0.097,290
"0,1",25,nan,0.243,290
"0,1,4",2,4,0.484,291
"0,1,4",13,4,0.421,291
"0,4",19,nan,0.568,292
"0,1,4",15,4,0.216,292
"0,4,5",1,4,0.749,292
"0,4,5",15,4,0.04,292
"0,4",9,nan,0.337,292
"0,4",24,nan,0.499,293
"0,1,4",9,4,0.592,293
"0,1,8",8,8,0.741,293
"0,2",16,2,0.003,293
1,7,nan,0.017,293
"0,1,4,7",18,4,0.133,294
"0,1,3,4",10,"0,1",0.691,294
"0,1,4",10,4,0.201,294
"0,1,4",17,4,0.342,294
"0,1,3,4",16,"0,1",0.713,294
"0,1,8",19,8,0.335,296
"0,1,4",3,4,0.413,297
"0,1,4",2,4,0.43,297
1,8,nan,0.349,303
"0,1,3,4",22,"0,1",0.72,303
"0,1,4",3,4,0.029,305
1,15,nan,0.656,305
"0,1,4",5,4,0.199,306
"0,1,4,7",14,4,0.322,306
"0,4",10,nan,0.213,306
"0,1,4",17,4,0.454,307
"0,1,4",21,4,0.58,307
1,2,nan,0.541,307
"0,2",21,2,0.333,307
"0,5",11,nan,0.533,307
"0,4",16,nan,0.657,307
1,20,nan,0.565,307
"0,4,5",12,4,0.384,307
"0,1,4,7",14,4,0.614,308
"0,1,4,7",17,4,0.214,308
1,7,nan,0.055,308
"0,1,4,7",17,4,0.356,308
"0,1,4",22,4,0.737,308
"0,4,5",22,4,0.381,308
"0,1,3,4",15,"0,1",0.134,309
"0,1,4",20,4,0.582,309
"0,4",1,nan,0.662,309
"0,1,4",18,4,0.437,309
"0,1,8",20,8,0.31,309
"0,1,4",13,4,0.472,309
"0,2",23,2,0.026,309
1,19,nan,0.67,309
1,10,nan,0.684,309
"0,4",25,nan,0.355,310
"0,1,8",13,8,0.774,310
"0,1,4",4,4,0.652,310
"0,1,4",13,4,0.043,310
"0,1,4",15,4,0.735,310
"0,1",15,nan,0.065,310
"0,4,5",21,4,0.413,310
"0,5",21,nan,0.726,310
"0,5",4,nan,0.472,311
1,14,nan,0.717,311
"0,1,8",24,8,0.545,311
"0,1,4,7",20,4,0.746,311
"0,1,4",2,4,0.258,311
"0,4,5",22,4,0.699,312
"0,4,5",16,4,0.442,312
1,20,nan,0.153,312
"0,1,4",4,4,0.184,313
"0,1,8",6,8,0.253,313
"0,5",9,nan,0.376,313
"0,4,5",12,4,0.277,313
"0,4",12,nan,0.351,314
"0,1,4,7",4,4,0.348,314
"0,1",13,nan,0.224,314
"0,1",11,nan,0.08,314
"0,2",19,2,0.327,315
"0,4",17,nan,0.43,315
1,25,nan,0.077,315
"0,4,5",18,4,0.437,316
"0,1,4",8,4,0.606,321
"0,4,5",12,4,0.024,321
"0,1,4",7,4,0.062,323
"0,4",12,nan,0.237,326
"0,1,4",14,4,0.287,326
"0,1,4",21,4,0.509,326
"0,2",15,2,0.196,326
"0,1,3,4",17,"0,1",0.079,326
"0,2",3,2,0.577,327
"0,1,4,7",13,4,0.069,328
1,17,nan,0.049,328
"0,1,4",23,4,0.558,328
"0,5",20,nan,0.356,328
"0,1,4",13,4,0.775,328
"0,1,3,4",5,"0,1",0.702,328
"0,1,4",15,4,0.673,328
"0,1,3,4",12,"0,1",0.455,329
"0,1,8",24,8,0.713,329
"0,1,8",22,8,0.038,329
"0,4",6,nan,0.798,329
"0,1,4",1,4,0.019,329
"0,2",24,2,0.308,329
"0,1,4",16,4,0.788,329
"0,2",4,2,0.239,330
"0,1,4",12,4,0.278,330
"0,1,8",7,8,0.762,330
"0,1,3,4",20,"0,1",0.364,330
"0,1,8",14,8,0.324,330
"0,1,8",12,8,0.169,330
"0,5",22,nan,0.242,330
1,7,nan,0.621,330
"0,4,5",4,4,0.434,330
"0,4",8,nan,0.515,330
"0,1,8",24,8,0.772,331
"0,1",13,nan,0.319,331
"0,5",18,nan,0.313,331
"0,1,4",9,4,0.185,332
"0,5",16,nan,0.065,332
"0,1,4,7",19,4,0.015,332
"0,4",9,nan,0.241,332
"0,2",10,2,0.543,332
"0,1,4,7",1,4,0.014,332
"0,1,3,4",18,"0,1",0.521,333
"0,1",4,nan,0.137,333
"0,4,5",14,4,0.721,333
"0,1,8",4,8,0.442,333
"0,4,5",5,4,0.478,333
"0,1,4",24,4,0.635,333
"0,1,8",20,8,0.471,333
"0,5",4,nan,0.132,334
"0,1,4,7",16,4,0.018,334
"0,1,4",16,4,0.765,334
"0,5",14,nan,0.445,334
"0,1,3,4",24,"0,1",0.616,335
"0,1,4",21,4,0.148,336
"0,4,5",22,4,0.477,336
"0,1,3,4",7,"0,1",0.748,336
"0,5",5,nan,0.005,336
"0,1,3,4",6,"0,1",0.212,337
"0,1",9,nan,0.432,337
1,21,nan,0.554,337
"0,1,8",10,8,0.113,337
"0,1,4,7",22,4,0.052,344
"0,1,8",20,8,0.302,345
"0,1,4,7",24,4,0.243,345
"0,1,3,4",7,"0,1",0.504,346
"0,1,4,7",7,4,0.706,346
"0,1,4",23,4,0.309,347
"0,1,8",8,8,0.547,347
"0,2",2,2,0.441,348
"0,4",21,nan,0.588,348
"0,1,4,7",4,4,0.309,348
"0,1,4",13,4,0.757,348
"0,1,4",19,4,0.654,348
"0,1",14,nan,0.474,348
"0,1,8",2,8,0.177,348
"0,1,4",15,4,0.227,348
"0,2",23,2,0.194,349
"0,1,4,7",11,4,0.616,349
"0,2",20,2,0.109,349
"0,4",22,nan,0.798,349
1,22,nan,0.527,349
"0,1,4,7",22,4,0.687,349
"0,4",6,nan,0.073,350
"0,4",2,nan,0.365,350
"0,1",16,nan,0.538,350
"0,1,4",7,4,0.186,350
"0,1,4",12,4,0.38,350
1,13,nan,0.583,350
"0,4,5",3,4,0.58,350
"0,4",19,nan,0.426,350
"0,1",7,nan,0.01,350
"0,2",9,2,0.67,350
"0,1,3,4",20,"0,1",0.275,351
1,21,nan,0.24,351
"0,1,3,4",22,"0,1",0.598,351
"0,1,4",9,4,0.619,351
"0,1,4",19,4,0.21,351
"0,5",1,nan,0.055,351
"0,1,8",21,8,0.516,351
"0,4,5",2,4,0.536,351
"0,2",10,2,0.531,351
"0,1,3,4",12,"0,1",0.246,351
"0,1,8",23,8,0.031,351
"0,1,4",19,4,0.78,351
1,4,nan,0.291,351
"0,4",16,nan,0.061,351
1,13,nan,0.093,352
1,9,nan,0.065,352
1,2,nan,0.782,352
"0,2",15,2,0.374,352
"0,1,8",21,8,0.15,353
1,8,nan,0.414,353
"0,1",9,nan,0.723,353
1,22,nan,0.513,354
"0,1,4",11,4,0.271,354
"0,1,3,4",15,"0,1",0.041,355
"0,5",24,nan,0.411,355
"0,1",19,nan,0.474,356
"0,1,4",16,4,0.136,356
"0,1,3,4",11,"0,1",0.444,357
"0,4,5",18,4,0.01,357
"0,4",11,nan,0.244,364
"0,1,4",2,4,0.703,364
"0,1",7,nan,0.593,365
"0,1,4",19,4,0.223,365
"0,1",11,nan,0.288,365
"0,4,5",4,4,0.708,365
"0,1,4,7",2,4,0.383,365
"0,1,8",2,8,0.284,366
"0,1,4",23,4,0.469,366
1,6,nan,0.458,367
"0,1",23,nan,0.362,367
"0,2",24,2,0.382,367
"0,1,8",20,8,0.46,368
"0,5",12,nan,0.796,368
"0,4",15,nan,0.337,368
"0,1,4",12,4,0.049,368
"0,4,5",7,4,0.633,368
"0,5",17,nan,0.252,368
"0,1,8",5,8,0.777,369
"0,2",19,2,0.43,369
"0,1,4",11,4,0.634,369
"0,1,3,4",4,"0,1",0.724,369
"0,2",13,2,0.168,369
"0,4",4,nan,0.295,369
1,5,nan,0.756,369
"0,1,8",20,8,0.593,369
"0,4,5",24,4,0.399,369
"0,4,5",16,4,0.044,370
"0,1",18,nan,0.667,370
"0,1,4",14,4,0.307,370
"0,1",7,nan,0.543,370
"0,5",13,nan,0.762,370
"0,4,5",11,4,0.406,370
"0,4,5",7,4,0.736,370
"0,5",22,nan,0.456,370
1,5,nan,0.247,371
1,21,nan,0.44,371
1,19,nan,0.31,371
"0,1,3,4",9,"0,1",0.541,371
"0,1,8",4,8,0.069,371
"0,4,5",11,4,0.627,371
"0,1,3,4",5,"0,1",0.524,371
"0,1,4,7",19,4,0.631,371
"0,1,4,7",9,4,0.629,371
"0,1,4",22,4,0.452,371
"0,2",25,2,0.189,372
"0,1",13,nan,0.735,372
"0,1,4",18,4,0.129,372
"0,1,4",13,4,0.234,372
"0,1,3,4",9,"0,1",0.562,373
"0,1,4",14,4,0.343,373
"0,4,5",3,4,0.585,373
"0,5",22,nan,0.771,373
"0,4",23,nan,0.486,373
"0,4",19,nan,0.599,373
"0,4",21,nan,0.524,374
"0,1,8",19,8,0.286,374
"0,1,8",6,8,0.554,374
"0,1,4",23,4,0.73,375
"0,1,3,4",22,"0,1",0.165,376
"0,1,4",15,4,0.686,383
"0,1,4,7",10,4,0.48,383
"0,1",4,nan,0.027,384
"0,1,8",12,8,0.549,384
"0,1,3,4",4,"0,1",0.386,385
"0,2",18,2,0.122,386
"0,5",15,nan,0.088,386
"0,1,4",6,4,0.53,386
"0,1",18,nan,0.293,387
"0,1,4",15,4,0.456,387
"0,1,3,4",22,"0,1",0.487,387
"0,1,4",15,4,0.158,387
"0,4",17,nan,0.257,388
"0,4",3,nan,0.052,388
"0,1",7,nan,0.535,388
"0,1,4",12,4,0.552,388
"0,4",1,nan,0.133,388
"0,1,4",3,4,0.605,388
"0,5",4,nan,0.088,388
"0,1,4",5,4,0.421,388
"0,1,8",10,8,0.477,388
"0,1,4,7",14,4,0.655,388
"0,1,4",3,4,0.501,388
"0,1,4",22,4,0.44,388
"0,2",4,2,0.364,389
"0,1,3,4",12,"0,1",0.065,389
"0,1,4",19,4,0.065,389
"0,2",22,2,0.614,389
"0,4",10,nan,0.33,390
"0,1,4",21,4,0.572,390
"0,1,4",13,4,0.75,390
"0,1,3,4",9,"0,1",0.142,390
"0,2",25,2,0.493,390
"0,1,3,4",19,"0,1",0.055,390
"0,1,4,7",24,4,0.42,391
"0,1,4",18,4,0.66,391
1,3,nan,0.179,391
"0,2",11,2,0.166,391
"0,1,4,7",6,4,0.647,391
"0,4,5",14,4,0.11,391
1,8,nan,0.14,391
"0,4",2,nan,0.698,392
"0,4",11,nan,0.475,392
"0,1,3,4",22,"0,1",0.296,392
"0,1,3,4",12,"0,1",0.193,392
"0,4",15,nan,0.193,392
"0,1,4",3,4,0.094,392
"0,1,4,7",6,4,0.426,392
"0,4,5",16,4,0.074,392
"0,2",5,2,0.239,392
"0,1,8",15,8,0.347,392
"0,4",3,nan,0.706,393
"0,1,4",8,4,0.047,393
"0,1,4",4,4,0.609,393
"0,2",20,2,0.647,393
"0,2",8,2,0.785,394
"0,5",12,nan,0.615,394
"0,1,4",9,4,0.414,395
"0,1,4",9,4,0.002,395
"0,1,4",7,4,0.193,397
"0,1",10,nan,0.237,404
"0,1,4",18,4,0.337,404
"0,4,5",23,4,0.619,405
"0,1,4,7",2,4,0.122,406
"0,1,4",12,4,0.131,406
"0,1",24,nan,0.063,407
"0,1,4",14,4,0.223,407
"0,1",19,nan,0.079,407
"0,4",5,nan,0.014,407
1,22,nan,0.48,407
"0,1,4",5,4,0.244,408
"0,1,4",22,4,0.511,408
"0,1,4",13,4,0.596,408
"0,4,5",19,4,0.448,408
"0,1,4",3,4,0.548,408
1,1,nan,0.559,408
"0,1,3,4",4,"0,1",0.735,408
"0,1,4",15,4,0.497,409
"0,1,3,4",25,"0,1",0.376,409
"0,1,3,4",5,"0,1",0.624,409
1,8,nan,0.079,409
"0,1",11,nan,0.151,409
"0,5",8,nan,0.233,409
"0,1,3,4",8,"0,1",0.628,410
"0,1,3,4",19,"0,1",0.301,410
"0,2",11,2,0.518,411
"0,1,3,4",24,"0,1",0.596,411
"0,1,4,7",8,4,0.162,411
"0,2",25,2,0.319,411
"0,1,4",8,4,0.008,411
"0,5",20,nan,0.787,411
"0,1",8,nan,0.578,411
1,20,nan,0.458,411
"0,1,4",13,4,0.264,412
"0,1,3,4",21,"0,1",0.768,412
"0,1,8",19,8,0.186,412
"0,1,3,4",1,"0,1",0.018,412
"0,1,4,7",14,4,0.259,412
"0,1,4,7",10,4,0.391,412
"0,1,4",19,4,0.344,412
"0,4",14,nan,0.652,412
"0,2",2,2,0.697,412
"0,1,4,7",25,4,0.057,412
"0,1,4,7",1,4,0.157,412
"0,1,4",12,4,0.542,413
"0,1,4,7",5,4,0.744,413
"0,1,3,4",19,"0,1",0.224,413
"0,1,4",11,4,0.141,413
"0,5",21,nan,0.557,413
"0,1,3,4",7,"0,1",0.782,414
"0,1,3,4",1,"0,1",0.366,414
"0,5",20,nan,0.698,414
"0,2",25,2,0.729,415
1,19,nan,0.654,415
"0,1,4,7",12,4,0.294,415
1,10,nan,0.008,416
"0,1,8",13,8,0.343,416
"0,1,8",16,8,0.184,417
"0,1,4",25,4,0.151,417
"0,1,4",8,4,0.447,418
"0,5",6,nan,0.466,423
"0,5",25,nan,0.492,423
1,25,nan,0.773,424
"0,2",21,2,0.073,425
"0,1,3,4",22,"0,1",0.265,425
1,2,nan,0.341,426
"0,1,8",21,8,0.701,426
"0,1",15,nan,0.139,426
"0,1,4",24,4,0.365,427
"0,4,5",13,4,0.726,427
"0,4",2,nan,0.357,427
"0,1,3,4",18,"0,1",0.065,427
"0,1,4",2,4,0.385,428
"0,2",10,2,0.758,428
"0,5",10,nan,0.514,428
"0,2",25,2,0.798,428
"0,1,8",12,8,0.359,428
"0,1",2,nan,0.685,428
"0,2",4,2,0.5,428
"0,1,8",9,8,0.721,429
"0,5",22,nan,0.775,429
"0,1",18,nan,0.648,429
"0,1,4,7",20,4,0.378,429
"0,4",20,nan,0.467,429
"0,1,4",16,4,0.179,429
"0,1,4,7",5,4,0.445,429
"0,1,4",2,4,0.782,430
"0,1,4,7",18,4,0.314,430
"0,1",19,nan,0.656,430
"0,1,3,4",15,"0,1",0.394,430
"0,2",5,2,0.463,430
1,5,nan,0.233,430
"0,1,4,7",10,4,0.13,431
"0,4",1,nan,0.292,431
"0,2",5,2,0.474,431
"0,1,4,7",24,4,0.47,431
"0,4,5",17,4,0.298,431
"0,1,4",18,4,0.265,431
"0,1",9,nan,0.554,431
"0,1",25,nan,0.776,431
"0,1,4",20,4,0.183,431
"0,2",15,2,0.473,431
"0,1,3,4",8,"0,1",0.308,431
"0,1,4",23,4,0.09,431
"0,4,5",12,4,0.265,431
"0,4,5",4,4,0.267,431
1,25,nan,0.61,432
"0,1,8",13,8,0.06,432
"0,1,3,4",20,"0,1",0.101,432
"0,1,4,7",3,4,0.646,432
"0,5",4,nan,0.147,433
"0,1,4",15,4,0.133,433
1,24,nan,0.728,433
"0,1,4",7,4,0.678,433
"0,1",19,nan,0.557,434
"0,1",2,nan,0.544,435
"0,1,8",13,8,0.103,435
"0,1,8",11,8,0.637,437
"0,1,4",1,4,0.481,437
"0,2",22,2,0.205,440
"0,5",15,nan,0.771,443
"0,1,4,7",18,4,0.417,444
"0,1",11,nan,0.539,444
"0,1,8",3,8,0.59,445
"0,4",10,nan,0.278,445
1,8,nan,0.584,446
"0,2",21,2,0.404,446
"0,1,3,4",5,"0,1",0.24,447
"0,1,3,4",23,"0,1",0.435,447
"0,4",2,nan,0.75,447
"0,5",11,nan,0.721,447
"0,4",21,nan,0.329,448
"0,4,5",11,4,0.576,448
"0,4",11,nan,0.561,448
1,6,nan,0.651,448
"0,4,5",22,4,0.782,448
"0,1,8",12,8,0.095,448
"0,1,4",16,4,0.03,448
"0,5",3,nan,0.11,448
"0,1,4",19,4,0.262,448
"0,1,4",8,4,0.071,449
"0,1,4,7",17,4,0.043,449
"0,1,4,7",9,4,0.278,449
"0,1,8",20,8,0.091,449
"0,1,8",5,8,0.665,449
"0,1,8",12,8,0.793,449
"0,4",10,nan,0.797,449
"0,1,4",18,4,0.029,449
"0,1,3,4",1,"0,1",0.17,449
"0,4",20,nan,0.132,450
"0,1,8",24,8,0.183,450
"0,1,4",7,4,0.317,450
1,19,nan,0.072,450
"0,1,4,7",23,4,0.159,450
"0,1,3,4",7,"0,1",0.273,450
"0,1,4",5,4,0.686,450
"0,1,4",22,4,0.558,451
"0,5",23,nan,0.563,451
"0,4",22,nan,0.669,451
"0,1,3,4",16,"0,1",0.089,451
"0,2",7,2,0.133,452
"0,1,4",11,4,0.382,452
"0,1,4",20,4,0.185,452
"0,4",13,nan,0.326,452
"0,1",4,nan,0.159,452
"0,1,4,7",12,4,0.533,452
"0,1,4",25,4,0.585,452
"0,1,3,4",23,"0,1",0.156,453
"0,1,4",22,4,0.465,453
1,15,nan,0.731,453
"0,2",14,2,0.286,453
"0,1,4",25,4,0.213,453
"0,5",7,nan,0.078,453
"0,1,4,7",18,4,0.78,453
"0,2",16,2,0.315,454
"0,1,4",5,4,0.639,454
"0,1,4",12,4,0.258,454
"0,1,4",10,4,0.79,458
"0,1,3,4",17,"0,1",0.321,458
"0,1,4,7",11,4,0.398,458
"0,1",13,nan,0.694,462
1,1,nan,0.687,463
"0,5",3,nan,0.478,463
"0,4,5",18,4,0.091,465
"0,1",2,nan,0.324,465
1,17,nan,0.125,465
"0,5",6,nan,0.361,466
"0,1,4",25,4,0.785,466
"0,4,5",7,4,0.287,466
"0,5",16,nan,0.268,466
1,1,nan,0.413,466
"0,4,5",15,4,0.463,466
"0,2",21,2,0.113,467
"0,1,4",3,4,0.097,467
"0,4,5",5,4,0.043,467
"0,4",23,nan,0.567,468
1,1,nan,0.162,468
"0,1,8",19,8,0.147,468
"0,1,8",8,8,0.227,468
"0,1,3,4",20,"0,1",0.294,468
1,13,nan,0.384,468
"0,4,5",9,4,0.1,468
"0,1,4",16,4,0.226,469
"0,1,4",23,4,0.59,469
"0,1",16,nan,0.641,469
"0,4",6,nan,0.013,469
"0,1",3,nan,0.559,469
"0,1,4",14,4,0.633,470
"0,5",7,nan,0.342,470
"0,1,4",3,4,0.164,470
"0,5",3,nan,0.434,470
"0,1,3,4",2,"0,1",0.789,470
"0,4,5",10,4,0.738,470
1,25,nan,0.461,471
"0,2",16,2,0.455,471
"0,5",2,nan,0.602,471
"0,4,5",1,4,0.735,471
"0,4",1,nan,0.013,471
"0,1,3,4",3,"0,1",0.251,471
"0,2",25,2,0.387,471
1,13,nan,0.251,472
"0,1,3,4",5,"0,1",0.181,472
"0,4,5",10,4,0.768,472
"0,5",3,nan,0.234,472
"0,1,8",8,8,0.795,472
"0,5",25,nan,0.352,472
"0,1,3,4",13,"0,1",0.785,473
"0,1,3,4",24,"0,1",0.669,473
"0,1,4",18,4,0.15,473
"0,2",23,2,0.663,474
"0,1,4",17,4,0.758,474
"0,1,8",8,8,0.317,474
"0,4",8,nan,0.073,474
"0,1,4,7",8,4,0.341,475
"0,1,8",2,8,0.447,475
"0,1,4",9,4,0.512,475
"0,1,8",25,8,0.488,475
"0,2",10,2,0.146,475
"0,1",6,nan,0.137,476
"0,1",14,nan,0.609,477
"0,1,8",19,8,0.473,483
"0,1,4",19,4,0.099,484
"0,1",23,nan,0.46,485
"0,1,4",6,4,0.526,486
"0,1,4",23,4,0.114,486
"0,4",1,nan,0.393,486
"0,4,5",12,4,0.46,486
"0,4,5",20,4,0.019,486
"0,1,3,4",14,"0,1",0.007,486
"0,1,4",5,4,0.371,487
1,15,nan,0.731,487
"0,1,4",10,4,0.434,487
"0,1,4",16,4,0.787,487
1,6,nan,0.24,487
"0,1,4",18,4,0.679,487
"0,5",5,nan,0.32,488
"0,1,4",15,4,0.296,488
"0,1,8",12,8,0.077,488
"0,1,4,7",1,4,0.295,488
"0,4,5",9,4,0.257,488
"0,4,5",13,4,0.481,488
"0,1,3,4",8,"0,1",0.388,489
"0,1,4",2,4,0.189,489
"0,5",21,nan,0.069,489
"0,4",15,nan,0.329,489
"0,1,4",23,4,0.431,490
"0,1,3,4",6,"0,1",0.227,490
"0,1,4",3,4,0.306,490
"0,4,5",10,4,0.716,490
"0,1,8",10,8,0.137,490
"0,1",21,nan,0.094,490
"0,1,4",16,4,0.467,490
"0,4,5",25,4,0.472,491
"0,1,4",23,4,0.493,491
"0,1,8",3,8,0.104,491
"0,1,4",1,4,0.078,491
"0,1,4",21,4,0.653,491
"0,5",23,nan,0.273,491
"0,1,8",17,8,0.209,491
"0,1,4",25,4,0.751,491
"0,1",14,nan,0.028,491
"0,1,3,4",1,"0,1",0.278,491
"0,1,4",5,4,0.111,492
"0,1,8",19,8,0.137,492
"0,1,3,4",15,"0,1",0.253,492
"0,2",4,2,0.495,492
"0,1,4",19,4,0.518,492
"0,1,4",7,4,0.624,492
"0,1,3,4",9,"0,1",0.185,492
"0,1,4",16,4,0.323,493
"0,1,3,4",15,"0,1",0.226,493
"0,1",19,nan,0.476,493
"0,5",8,nan,0.749,493
"0,1,4",24,4,0.468,493
"0,4,5",12,4,0.382,493
1,16,nan,0.024,493
"0,1,3,4",6,"0,1",0.127,493
"0,1",17,nan,0.748,494
"0,1,8",21,8,0.248,494
"0,1,4",4,4,0.465,496
"0,1,4,7",12,4,0.767,503
1,16,nan,0.224,504
"0,1,8",15,8,0.604,504
"0,1,8",13,8,0.164,505
"0,1,4",25,4,0.501,506
1,9,nan,0.492,506
"0,1,4",24,4,0.491,506
"0,1",3,nan,0.089,506
"0,1,4",6,4,0.521,506
"0,1,4",22,4,0.12,506
"0,5",18,nan,0.356,506
1,24,nan,0.498,506
"0,5",4,nan,0.488,507
"0,4,5",21,4,0.489,507
"0,2",20,2,0.433,508
"0,1,3,4",6,"0,1",0.246,508
"0,2",8,2,0.512,508
"0,1,3,4",23,"0,1",0.336,508
1,24,nan,0.576,508
1,17,nan,0.166,508
"0,1",24,nan,0.614,509
1,2,nan,0.056,509
"0,1,3,4",1,"0,1",0.756,509
"0,1,3,4",11,"0,1",0.709,509
"0,5",2,nan,0.542,509
"0,1,4,7",4,4,0.313,510
"0,5",6,nan,0.645,510
"0,2",5,2,0.049,510
"0,1,4",18,4,0.47,510
1,9,nan,0.751,510
"0,1,8",19,8,0.597,510
"0,4",22,nan,0.73,510
"0,1,4",11,4,0.765,510
"0,1,3,4",17,"0,1",0.759,510
"0,1,4",1,4,0.738,511
"0,1,4",11,4,0.25,511
"0,1,3,4",22,"0,1",0.321,511
"0,1,4",9,4,0.173,511
"0,1,8",12,8,0.243,511
"0,2",20,2,0.636,511
"0,1,4,7",16,4,0.656,511
"0,1,4",24,4,0.008,511
"0,4,5",23,4,0.001,512
"0,1,4",4,4,0.79,512
"0,2",14,2,0.767,512
"0,1,8",20,8,0.015,512
1,25,nan,0.706,513
"0,1,4",25,4,0.577,513
"0,5",5,nan,0.243,513
"0,1,4",2,4,0.677,513
"0,1,4,7",13,4,0.664,513
"0,4",13,nan,0.498,515
"0,4,5",11,4,0.691,515
"0,1,4",12,4,0.726,515
"0,2",20,2,0.432,516
"0,1,4",4,4,0.472,516
1,13,nan,0.28,516
"0,1,4",8,4,0.457,517
"0,2",25,2,0.027,519
"0,1,4",1,4,0.799,520
"0,1,3,4",19,"0,1",0.407,522
1,7,nan,0.779,523
"0,5",14,nan,0.059,524
"0,1,8",22,8,0.533,526
1,11,nan,0.006,526
1,4,nan,0.222,526
"0,5",2,nan,0.348,526
"0,1,4",3,4,0.566,527
"0,1,4",4,4,0.39,527
"0,2",19,2,0.468,527
"0,4,5",7,4,0.11,527
"0,2",15,2,0.172,527
"0,1,3,4",23,"0,1",0.568,527
"0,1,4",24,4,0.653,527
"0,2",11,2,0.463,527
"0,4,5",25,4,0.279,527
"0,1,4,7",10,4,0.776,527
"0,1",6,nan,0.275,528
"0,1,3,4",9,"0,1",0.794,528
"0,1,4,7",7,4,0.364,528
"0,1,4,7",21,4,0.181,528
"0,1,4,7",19,4,0.557,529
"0,1,4,7",13,4,0.624,529
"0,1,8",9,8,0.675,529
1,14,nan,0.693,529
"0,2",10,2,0.584,529
1,16,nan,0.426,529
"0,4,5",18,4,0.068,530
"0,4",13,nan,0.573,530
"0,1,3,4",1,"0,1",0.282,530
1,23,nan,0.697,530
"0,1,4,7",8,4,0.356,530
"0,1,4",7,4,0.206,531
"0,1,3,4",2,"0,1",0.359,531
"0,1,4,7",21,4,0.428,531
"0,1,8",24,8,0.071,531
"0,1,4,7",21,4,0.062,531
"0,1,4",23,4,0.712,531
"0,2",11,2,0.117,531
"0,1,4",20,4,0.468,531
"0,1,4",12,4,0.324,531
"0,1,4,7",10,4,0.661,531
"0,1,4",10,4,0.552,532
"0,5",23,nan,0.658,532
"0,1,4,7",2,4,0.328,532
"0,5",22,nan,0.598,532
1,23,nan,0.433,532
"0,1,4",25,4,0.706,533
"0,1,4,7",9,4,0.398,533
"0,1,4",24,4,0.713,533
"0,1,8",11,8,0.083,533
"0,4,5",11,4,0.292,534
"0,4,5",10,4,0.225,535
"0,2",10,2,0.108,535
"0,1,4",25,4,0.094,535
"0,1",20,nan,0.677,536
"0,4,5",21,4,0.347,537
"0,1,4,7",15,4,0.064,537
"0,5",23,nan,0.135,538
"0,1,4",10,4,0.57,538
"0,1,4,7",1,4,0.043,544
"0,2",3,2,0.471,545
"0,2",17,2,0.774,545
"0,5",1,nan,0.312,545
"0,1,4,7",18,4,0.277,546
"0,1",22,nan,0.45,546
"0,1,4",14,4,0.64,546
"0,1,4",16,4,0.728,547
"0,2",23,2,0.642,547
"0,5",17,nan,0.116,547
"0,1,4",11,4,0.317,548
"0,1,3,4",12,"0,1",0.304,548
"0,1,8",23,8,0.715,548
"0,1",12,nan,0.595,548
"0,4,5",17,4,0.181,548
"0,1",4,nan,0.778,548
"0,5",7,nan,0.454,548
1,22,nan,0.126,549
"0,1",24,nan,0.321,549
"0,1,4,7",22,4,0.101,549
1,5,nan,0.304,549
"0,1,4,7",3,4,0.717,549
"0,1,4",1,4,0.53,549
"0,4",18,nan,0.218,549
"0,1,4,7",16,4,0.56,550
"0,4,5",18,4,0.437,550
"0,1,4,7",22,4,0.674,550
"0,1,4,7",9,4,0.148,550
"0,1,4",11,4,0.662,550
"0,4",22,nan,0.335,550
"0,1,3,4",2,"0,1",0.544,550
"0,1,4",16,4,0.407,550
"0,1,4",22,4,0.123,550
1,23,nan,0.065,551
1,5,nan,0.126,551
"0,1,8",6,8,0.338,551
"0,1,4",6,4,0.733,551
"0,1,4",3,4,0.629,551
"0,1",5,nan,0.724,551
1,2,nan,0.298,551
"0,1,4",19,4,0.625,551
"0,2",18,2,0.733,551
"0,1,4",10,4,0.056,552
"0,1,3,4",6,"0,1",0.653,552
"0,4,5",10,4,0.67,552
"0,1",8,nan,0.549,552
"0,4",3,nan,0.419,553
"0,1,4",21,4,0.325,553
"0,1,3,4",20,"0,1",0.458,553
"0,1,4,7",23,4,0.581,553
"0,5",1,nan,0.235,553
"0,1,4,7",3,4,0.338,554
"0,5",19,nan,0.53,555
"0,1,4",13,4,0.114,555
"0,1,4,7",10,4,0.745,555
"0,1,4,7",13,4,0.758,556
"0,4,5",21,4,0.545,556
"0,1,4",17,4,0.23,557
"0,2",10,2,0.381,558
"0,1,4,7",2,4,0.012,558
"0,1,4",23,4,0.045,563
"0,1",12,nan,0.129,563
"0,5",2,nan,0.591,566
1,9,nan,0.401,566
1,17,nan,0.076,567
"0,1",1,nan,0.039,567
"0,1",7,nan,0.557,567
"0,1,3,4",2,"0,1",0.589,568
"0,1,4,7",6,4,0.384,568
"0,1",22,nan,0.19,568
"0,1,4",19,4,0.316,568
"0,5",17,nan,0.04,568
"0,4",8,nan,0.221,568
"0,1,3,4",19,"0,1",0.017,569
"0,1",16,nan,0.322,569
"0,1,4",17,4,0.29,569
"0,1",10,nan,0.063,569
"0,1,4",6,4,0.301,569
"0,1,4,7",22,4,0.201,569
1,19,nan,0.488,569
"0,1,8",7,8,0.506,569
1,9,nan,0.338,570
1,3,nan,0.195,570
"0,1,4",10,4,0.236,570
"0,1,8",16,8,0.112,570
"0,1,4",20,4,0.772,570
"0,4,5",16,4,0.103,570
"0,2",1,2,0.122,570
"0,4",9,nan,0.109,570
"0,1,4",20,4,0.626,571
"0,1,3,4",23,"0,1",0.503,571
"0,4",7,nan,0.646,571
"0,1,4,7",22,4,0.635,571
"0,1,4",19,4,0.708,571
"0,1,4",2,4,0.704,571
"0,4,5",21,4,0.351,571
"0,2",20,2,0.53,572
"0,1,4,7",23,4,0.392,572
"0,1,4",7,4,0.722,572
"0,1,4",23,4,0.39,572
1,9,nan,0.584,572
"0,2",9,2,0.597,573
1,14,nan,0.365,573
1,3,nan,0.039,573
"0,2",7,2,0.299,574
"0,1",8,nan,0.515,574
1,4,nan,0.277,574
"0,2",8,2,0.055,574
"0,1",9,nan,0.022,574
1,3,nan,0.558,574
"0,1,4",8,4,0.203,574
"0,1,4",5,4,0.434,575
"0,1,3,4",1,"0,1",0.739,575
"0,4",2,nan,0.3,575
"0,1,4,7",4,4,0.767,575
"0,1,3,4",24,"0,1",0.471,576
"0,1,3,4",25,"0,1",0.157,577
"0,1,8",9,8,0.753,577
"0,4,5",8,4,0.297,578
"0,1,8",6,8,0.096,578
"0,1,3,4",17,"0,1",0.139,583
"0,1,4",9,4,0.541,584
"0,1,4",22,4,0.505,584
"0,1,4",7,4,0.094,585
"0,1,4",7,4,0.175,585
"0,2",24,2,0.582,585
"0,4",18,nan,0.075,585
1,13,nan,0.067,585
"0,1,4",22,4,0.257,587
"0,1,3,4",20,"0,1",0.367,587
"0,4",24,nan,0.301,587
"0,1,4",15,4,0.291,588
1,20,nan,0.086,588
"0,1,4",4,4,0.467,588
"0,5",2,nan,0.666,588
1,16,nan,0.516,588
"0,4",24,nan,0.695,588
"0,4,5",5,4,0.115,589
"0,1,4,7",14,4,0.413,589
1,6,nan,0.631,589
"0,1,4,7",2,4,0.153,589
"0,1,4",15,4,0.425,589
"0,1",7,nan,0.372,589
"0,1",11,nan,0.256,589
1,25,nan,0.183,589
"0,1,8",24,8,0.696,589
"0,4,5",12,4,0.675,589
"0,4,5",2,4,0.377,589
"0,1,4",14,4,0.373,590
"0,1,8",8,8,0.604,590
"0,1,4",20,4,0.513,590
"0,1,4",8,4,0.708,590
"0,1",6,nan,0.772,590
"0,4",17,nan,0.27,590
"0,4,5",21,4,0.622,591
"0,1,3,4",8,"0,1",0.01,591
"0,1,4",5,4,0.106,591
"0,1,3,4",16,"0,1",0.249,591
"0,1,4",9,4,0.612,591
"0,4,5",24,4,0.342,591
"0,1,3,4",25,"0,1",0.653,592
1,4,nan,0.521,592
"0,1,4,7",9,4,0.771,592
"0,1,4",4,4,0.395,592
"0,5",22,nan,0.253,592
1,5,nan,0.127,592
"0,4",4,nan,0.043,592
"0,1,3,4",25,"0,1",0.386,592
"0,1,4",10,4,0.615,592
"0,1",19,nan,0.061,592
1,20,nan,0.668,593
"0,2",21,2,0.012,593
"0,1,4",9,4,0.574,593
"0,1,4",1,4,0.64,593
"0,1,8",14,8,0.79,594
1,17,nan,0.225,594
"0,4,5",8,4,0.005,594
"0,1,4,7",23,4,0.416,594
"0,1,4",15,4,0.168,595
"0,2",2,2,0.102,595
"0,1,4,7",10,4,0.494,601
"0,1,4,7",4,4,0.023,605
"0,1,4,7",24,4,0.632,605
1,24,nan,0.191,605
"0,1,3,4",18,"0,1",0.767,605
"0,1,4,7",11,4,0.43,606
"0,1,3,4",24,"0,1",0.468,606
"0,2",11,2,0.421,606
"0,1,4,7",2,4,0.625,607
"0,1,4",2,4,0.349,607
1,23,nan,0.76,607
"0,1,8",24,8,0.628,607
"0,1,4",7,4,0.441,607
"0,1,3,4",15,"0,1",0.292,607
"0,1,4",13,4,0.151,607
"0,5",1,nan,0.541,608
"0,1,4",10,4,0.498,608
"0,1,4",17,4,0.021,608
"0,1,4",20,4,0.285,608
"0,1,4",1,4,0.773,609
"0,2",24,2,0.443,609
"0,4",5,nan,0.157,609
"0,1,4",9,4,0.139,609
"0,4,5",19,4,0.133,609
"0,5",23,nan,0.664,609
"0,4,5",1,4,0.393,610
"0,5",1,nan,0.557,610
"0,1,4",16,4,0.22,610
"0,5",8,nan,0.677,610
"0,2",11,2,0.305,610
"0,1,4,7",19,4,0.308,610
"0,1,4",20,4,0.047,610
"0,2",24,2,0.324,610
"0,4,5",19,4,0.214,610
"0,1,4,7",3,4,0.205,610
"0,1,8",2,8,0.341,611
"0,1,4",10,4,0.674,611
"0,4,5",10,4,0.6,611
"0,4,5",6,4,0.142,611
1,7,nan,0.684,611
1,12,nan,0.204,612
"0,5",5,nan,0.5,612
"0,2",22,2,0.781,612
1,6,nan,0.028,612
"0,1,4",11,4,0.232,612
"0,4,5",8,4,0.551,613
"0,4,5",24,4,0.365,613
"0,1",16,nan,0.603,613
"0,4",4,nan,0.409,614
"0,2",25,2,0.749,614
"0,4,5",24,4,0.686,614
"0,1,4",11,4,0.793,614
"0,1,4",8,4,0.253,614
"0,2",10,2,0.249,614
"0,5",2,nan,0.651,615
"0,4,5",15,4,0.564,615
"0,1,4",18,4,0.058,615
1,22,nan,0.748,615
"0,1,8",19,8,0.672,616
"0,4",4,nan,0.331,617
"0,2",19,2,0.186,622
"0,2",4,2,0.516,622
"0,5",7,nan,0.258,625
"0,1,4",20,4,0.458,626
"0,1,4,7",9,4,0.21,627
"0,1,8",24,8,0.309,627
"0,1,4",21,4,0.663,627
"0,1,3,4",20,"0,1",0.127,627
"0,1,4,7",2,4,0.691,627
"0,2",5,2,0.029,627
"0,1,3,4",12,"0,1",0.782,628
"0,1,4,7",3,4,0.641,628
1,15,nan,0.798,628
"0,1",15,nan,0.727,628
"0,1,4",4,4,0.14,628
"0,1,4",19,4,0.467,628
"0,1,8",14,8,0.217,628
"0,1,4,7",4,4,0.14,628
"0,1,3,4",7,"0,1",0.435,629
"0,2",10,2,0.699,629
"0,4,5",14,4,0.105,629
"0,1,4",11,4,0.393,629
"0,1,4",17,4,0.184,629
"0,1,4",14,4,0.366,629
"0,1,8",15,8,0.154,629
"0,1",20,nan,0.126,630
"0,1,4,7",13,4,0.709,630
"0,1,3,4",11,"0,1",0.283,630
"0,4",15,nan,0.671,630
"0,1,8",12,8,0.043,630
"0,1,4",5,4,0.725,631
"0,1,4,7",20,4,0.632,631
"0,1",25,nan,0.286,631
"0,1",8,nan,0.589,631
"0,5",16,nan,0.27,631
"0,5",16,nan,0.182,631
"0,1,8",19,8,0.449,631
"0,4",13,nan,0.325,631
"0,4,5",17,4,0.768,631
"0,2",10,2,0.609,631
"0,1",4,nan,0.408,632
"0,4",24,nan,0.312,632
"0,5",11,nan,0.397,632
"0,5",6,nan,0.547,632
"0,1,8",10,8,0.466,632
"0,1,4",18,4,0.654,632
"0,1,8",24,8,0.487,633
1,20,nan,0.117,633
"0,1,4",10,4,0.546,633
"0,4",15,nan,0.317,633
"0,1,4,7",1,4,0.707,634
"0,1,3,4",24,"0,1",0.288,634
"0,1",21,nan,0.755,634
"0,1",21,nan,0.007,634
"0,1,4",1,4,0.636,635
"0,5",15,nan,0.12,635
"0,1,3,4",7,"0,1",0.324,635
"0,2",18,2,0.689,636
"0,4,5",2,4,0.176,636
"0,1,3,4",1,"0,1",0.445,638
"0,1,4,7",21,4,0.058,644
"0,2",15,2,0.56,645
"0,4",23,nan,0.275,645
"0,1,4,7",15,4,0.444,646
"0,1,4",25,4,0.192,646
"0,4,5",23,4,0.681,646
"0,4",8,nan,0.378,646
"0,4,5",3,4,0.6,646
"0,4,5",17,4,0.461,647
"0,1",25,nan,0.645,647
"0,1,3,4",5,"0,1",0.336,647
1,13,nan,0.368,647
1,2,nan,0.763,647
"0,1",25,nan,0.504,648
1,6,nan,0.708,648
"0,1,3,4",6,"0,1",0.537,648
"0,1,3,4",21,"0,1",0.718,648
"0,1,4",17,4,0.616,648
"0,1,4",6,4,0.575,648
"0,1,4",8,4,0.077,648
"0,4",2,nan,0.183,648
"0,4",9,nan,0.723,649
"0,1,3,4",3,"0,1",0.352,649
"0,1,4,7",13,4,0.269,649
1,11,nan,0.774,649
"0,1",24,nan,0.129,649
"0,4",8,nan,0.147,649
"0,5",5,nan,0.278,649
"0,1,4,7",18,4,0.421,649
"0,1,4",15,4,0.068,650
"0,4",23,nan,0.403,650
"0,1,4",25,4,0.654,650
"0,4,5",16,4,0.463,650
"0,4,5",25,4,0.558,650
"0,1",8,nan,0.362,651
"0,5",16,nan,0.065,651
"0,1,4",4,4,0.211,651
"0,1",8,nan,0.696,651
"0,1,4",20,4,0.329,651
"0,2",1,2,0.509,651
"0,1,4",21,4,0.145,652
"0,1,4",24,4,0.595,652
"0,1,4",8,4,0.071,652
"0,4",25,nan,0.741,652
"0,1,4",18,4,0.617,653
"0,1",23,nan,0.108,653
"0,4,5",1,4,0.085,653
"0,4,5",24,4,0.706,653
"0,4",11,nan,0.7,653
"0,1,4",8,4,0.389,653
"0,1,4",7,4,0.019,654
"0,1,4",17,4,0.779,654
"0,1,4",20,4,0.553,654
1,16,nan,0.762,654
"0,1,8",25,8,0.724,656
"0,1,4",21,4,0.134,656
"0,1,3,4",16,"0,1",0.073,656
"0,1,4,7",23,4,0.05,657
"0,1,8",24,8,0.172,657
1,21,nan,0.757,661
1,7,nan,0.254,663
"0,1,8",9,8,0.363,665
"0,5",20,nan,0.404,665
"0,1,3,4",25,"0,1",0.119,666
"0,1,4",23,4,0.793,666
"0,1,4",1,4,0.788,666
"0,1,8",1,8,0.214,666
"0,1,4",23,4,0.075,666
"0,2",14,2,0.178,666
"0,1",6,nan,0.195,667
"0,1,8",22,8,0.023,667
"0,1",18,nan,0.375,667
"0,1",8,nan,0.702,667
"0,1,4",17,4,0.727,667
"0,4",20,nan,0.533,667
"0,4",11,nan,0.069,668
"0,1,4",3,4,0.64,668
"0,2",3,2,0.713,668
"0,1,4",13,4,0.456,668
"0,4",4,nan,0.041,668
"0,2",4,2,0.699,668
"0,1,8",7,8,0.534,668
"0,1,3,4",7,"0,1",0.533,668
"0,1,4",2,4,0.78,668
"0,2",13,2,0.327,669
"0,1,3,4",6,"0,1",0.386,669
"0,4,5",5,4,0.674,669
1,7,nan,0.206,669
"0,1,4",1,4,0.672,669
"0,4",12,nan,0.554,669
"0,4",13,nan,0.591,669
"0,1,4,7",3,4,0.252,670
"0,1,4",2,4,0.275,670
"0,1,4",3,4,0.074,670
1,23,nan,0.499,670
1,17,nan,0.264,671
"0,4,5",7,4,0.198,671
1,15,nan,0.694,671
"0,1",2,nan,0.498,671
"0,4",3,nan,0.397,672
"0,1,3,4",19,"0,1",0.729,672
"0,1",14,nan,0.09,672
"0,4",4,nan,0.796,672
"0,4",17,nan,0.019,672
1,2,nan,0.265,673
1,14,nan,0.4,673
"0,1",22,nan,0.474,673
"0,4",16,nan,0.55,673
"0,4",16,nan,0.759,673
"0,1,8",14,8,0.652,673
"0,1,4",17,4,0.109,674
"0,1,4",4,4,0.168,674
"0,1",5,nan,0.371,674
"0,1,4",8,4,0.66,674
"0,1,4",2,4,0.536,675
"0,4,5",5,4,0.375,675
"0,1,4",20,4,0.282,676
"0,1,4",4,4,0.62,677
"0,1,4",25,4,0.253,677
"0,1,8",18,8,0.103,678
"0,1,3,4",5,"0,1",0.332,683
"0,2",17,2,0.175,686
"0,1,4",7,4,0.065,686
"0,4,5",10,4,0.58,686
"0,1,4,7",17,4,0.772,686
"0,1,4",7,4,0.196,686
1,7,nan,0.356,686
"0,1,4,7",8,4,0.284,686
"0,1,4",18,4,0.776,687
"0,2",19,2,0.657,687
"0,4",8,nan,0.549,687
"0,2",23,2,0.393,687
"0,1",2,nan,0.338,687
"0,1,8",16,8,0.626,688
"0,5",17,nan,0.579,688
"0,1,8",9,8,0.722,688
"0,5",25,nan,0.379,688
"0,1,8",7,8,0.772,688
"0,4,5",10,4,0.396,688
"0,1,4",24,4,0.52,689
"0,1,4",12,4,0.221,689
"0,2",11,2,0.624,689
"0,2",6,2,0.394,689
"0,4",10,nan,0.478,689
"0,1,4",15,4,0.568,689
"0,1,4",18,4,0.217,689
"0,4,5",18,4,0.247,689
"0,2",2,2,0.77,689
"0,1,4",8,4,0.071,689
"0,1,3,4",12,"0,1",0.05,690
"0,1,8",17,8,0.016,690
"0,4",20,nan,0.335,690
1,18,nan,0.256,690
"0,1",14,nan,0.209,690
"0,4,5",11,4,0.338,690
"0,4,5",6,4,0.02,690
"0,1,4,7",25,4,0.572,691
"0,2",16,2,0.629,691
"0,1,3,4",9,"0,1",0.365,691
"0,4",6,nan,0.755,691
"0,4,5",8,4,0.636,691
"0,1",19,nan,0.068,691
"0,1,4",8,4,0.531,691
1,15,nan,0.093,691
"0,1,4",25,4,0.394,692
"0,5",21,nan,0.168,692
"0,4,5",9,4,0.084,693
"0,1,3,4",22,"0,1",0.539,693
"0,1,4",10,4,0.334,693
"0,1,8",10,8,0.765,693
"0,4,5",7,4,0.085,693
"0,1,3,4",7,"0,1",0.537,694
"0,1,4",20,4,0.52,694
"0,1",8,nan,0.34,694
"0,2",5,2,0.596,694
"0,1",15,nan,0.675,694
"0,4,5",14,4,0.173,695
"0,1,4",5,4,0.632,695
"0,1,4,7",24,4,0.225,698
"0,2",7,2,0.602,699
