"32,29,31,30,33,40",59,33,0.114,4
"32,29,31,30,33,40",51,"32,31",0.028,7
"32,29,31,30,33,40",62,,0.068,7
"30,32,33,31,34,35",61,30,0.002,7
"30,32,33,31,34,35",52,,0.005,8
"30,32,33,31,34,35",60,,0.023,8
"32,28,33,30,31,35",5,,0.11,8
"33,26,27,28,23,30",20,27,0.172,9
"33,26,27,28,23,30",3,"28,23",0.197,9
"32,28,33,30,31,35",16,33,0.162,9
"33,26,27,28,23,30",8,,0.039,9
"33,26,27,28,23,30",9,,0.051,10
"33,26,27,28,23,30",2,23,0.155,11
"31,32,34,36",11,,0.048,11
"31,32,34,36",10,"34,36",0.024,11
"31,32,34,36",3,"36,31",0.067,12
"36,35,37,34",13,34,0.152,12
"36,35,37,34",6,,0.084,13
"26,23",10,,0.078,14
"36,35,37,34",7,"37,34",0.167,14
"36,33,35,37,34",15,37,0.146,14
"36,35,37,34",13,35,0.188,14
"36,35,37,34",5,"36,37",0.028,14
"36,33,35,37,34",11,,0.184,16
"36,33,35,37,34",7,,0.181,16
"36,37,35,34,39",16,"37,36",0.132,25
"36,37,35,34,39",19,,0.117,25
"36,37,35,34,39",18,,0.061,26
"36,37,35,34,39",16,,0.114,27
"36,37,35,34,39",15,"35,36",0.148,27
"31,29,32,33,36,38",19,"36,38",0.187,28
"31,29,32,33,36,38",9,"32,29",0.057,28
"31,29,32,26,35,33",11,,0.144,29
"36,35,38,37,34",9,,0.102,29
"36,35,38,37,34",18,"38,37",0.05,29
"35,37,36",11,"35,37",0.122,30
"35,37,36",13,,0.083,30
"35,37,36",2,,0.015,30
"35,37,36",16,35,0.075,30
"28,32,34,31,30,24",11,24,0.121,30
"28,32,34,31,30,24",3,24,0.087,31
"29,32,36,30,35",9,,0.146,31
"29,32,36,30,35",8,,0.163,31
"29,32,36,30,35",1,"36,32",0.179,32
"31,27,28,26,34,33",17,,0.072,33
"29,32,36,30,35",13,,0.022,33
"29,32,36,30,35",17,"35,29",0.092,33
"31,27,28,26,34,33",8,28,0.149,35
"23,26,27,31,29,24",14,29,0.022,35
"23,26,27,31,29,24",11,24,0.094,40
"23,26,27,31,29,24",14,27,0.125,46
"23,35,26,27",1,"27,35",0.096,47
"23,35,26,27",14,"27,23",0.157,47
"23,35,26,27",13,27,0.028,47
"23,26,27,31,29,24",12,,0.081,47
"23,26,27,31,29,24",20,27,0.112,47
"23,35,26,27",19,23,0.004,47
"30,25,28,39,29",7,28,0.094,48
"30,25,28,39,29",4,39,0.071,49
"30,31,27,33,35,32",14,,0.149,49
"30,31,27,33,35,32",15,31,0.177,49
"30,31,27,33,35,32",14,"27,35",0.188,50
"30,31,27,33,35,32",14,"35,30",0.178,50
"34,31,29,32,35,37",2,,0.013,50
"34,31,29,32,35,37",10,37,0.12,51
"34,31,29,32,35,37",4,,0.018,51
"34,31,29,32,35,37",14,"31,37",0.078,51
"27,24,25,29,28,33",11,,0.069,52
"27,24,25,29,28,33",18,"27,25",0.049,52
"27,24,25,29,28,33",14,33,0.112,52
"27,24,25,29,28,33",11,,0.072,53
"27,24,25,29,28,33",18,"33,29",0.185,56
"37,38,39,35,36",1,38,0.068,57
"37,38,39,35,36",12,,0.078,57
"37,38,39,35,36",16,37,0.093,57
"37,38,39,35,36",3,"36,35",0.05,62
"28,26,23,30,29,32",18,"29,30",0.132,62
"28,26,23,30,29,32",12,30,0.013,67
"28,26,23,30,29,32",10,32,0.113,67
"28,26,23,30,29,32",18,"30,28",0.115,68
"28,26,23,30,29,32",7,,0.133,68
"28,27,40,29,32,23",8,"23,29",0.139,68
"28,30,32,23,29,27",9,,0.148,69
"30,27,33,35,32,34",5,"33,30",0.071,70
"35,36,38,37,39,34",3,37,0.012,70
"30,27,33,35,32,34",14,32,0.082,70
"36,37,38,35,39,34",8,34,0.047,71
"25,28",9,"28,25",0.1,71
"36,37,38,35,39,34",6,36,0.021,71
"25,28",2,,0.052,71
"36,37,38,35,39,34",4,"37,38",0.158,71
"36,37,38,35,39,34",17,,0.131,71
"36,37,38,35,39,34",1,"35,37",0.009,71
"25,28",9,,0.022,72
"25,28",5,25,0.106,73
"37,36,35,39",3,"35,37",0.117,74
"37,36,35,39",2,35,0.091,74
"40,33,35,29,32,37",16,"29,32",0.081,74
"40,33,35,29,32,37",20,"40,29",0.043,74
"35,37,34",8,"34,35",0.016,76
"35,37,34",18,"34,35",0.188,84
"38,35,36,34,33,37",3,33,0.169,85
"21,24,23,22",10,"24,22",0.117,87
"38,35,36,34,33,37",1,"36,35",0.135,87
"21,24,23,22",7,22,0.132,88
"10,8,1",6,,0.023,88
"13,17,16,18,8",18,"18,17",0.061,89
"13,17,16,18,8",5,16,0.048,89
"13,17,16,18,8",3,8,0.008,89
"13,17,16,18,8",7,8,0.141,89
"25,20,24,22,19,23",15,,0.024,90
"25,20,24,22,19,23",4,,0.132,90
"16,14,11,10,17,27",8,"11,10",0.017,91
"25,20,24,22,19,23",5,19,0.039,91
"25,20,24,22,19,23",3,"19,24",0.006,91
"16,14,11,10,17,27",15,,0.13,92
"16,14,11,10,17,27",2,"10,27",0.174,92
"18,15,14,13,9,3",11,"13,15",0.07,92
"18,15,14,13,9,3",18,"13,18",0.118,93
"18,15,14,13,9,3",20,14,0.062,93
"18,15,14,13,9,3",9,,0.053,93
"25,23,27,20,22,24",6,,0.191,94
"23,27,24",18,"27,24",0.072,94
"11,9,13,10,18",15,,0.06,95
"11,9,13,10,18",17,,0.012,98
"11,3,12",3,,0.173,104
"11,9,13,10,18",8,9,0.18,104
"11,3,12",1,"12,11",0.152,105
"11,3,12",9,"3,12",0.196,106
"10,9,11,7,6,2",5,"6,7",0.045,106
"10,9,11,7,6,2",1,"10,9",0.186,107
"10,9,11,7,6,2",4,7,0.06,110
"10,9,11,7,6,2",12,"10,6",0.056,110
"10,9,11,7,6,2",20,,0.014,110
"16,14,17,20,18,21",13,20,0.028,110
"16,15,17,27,21,18",18,21,0.058,111
"16,15,17,27,21,18",7,"15,16",0.094,111
"16,15,17,27,21,18",19,"17,16",0.109,111
"16,15,17,27,21,18",5,"15,17",0.143,111
"16,14,17,20,18,21",7,18,0.037,111
"16,14,17,20,18,21",14,"17,16",0.069,111
"8,6,7,1,10,9",5,9,0.074,112
"8,6,7,1,10,9",8,9,0.038,112
"8,6,7,1,10,9",1,"6,8",0.037,113
"8,6,7,1,10,9",1,8,0.116,113
"8,6,7,1,10,9",10,8,0.037,113
"2,11,8,4,10,1",15,4,0.069,114
"2,11,8,4,10,1",15,4,0.139,114
"2,11,8,4,10,1",6,2,0.025,115
"22,24,23,21,27,28",5,27,0.059,116
"22,24,23,21,27,28",13,,0.057,125
"16,14,15,17,6,19",19,,0.159,126
"16,14,15,17,6,19",16,17,0.12,127
"16,14,15,17,6,19",14,19,0.107,128
"15,14,12,16,13,17",2,"12,17",0.138,128
"15,14,12,16,13,17",8,16,0.155,128
"22,23,17,20,25,21",5,,0.077,129
"22,23,17,20,25,21",5,,0.171,129
"22,23,17,20,25,21",15,25,0.032,129
"22,21,23,24,20,27",8,24,0.095,129
"22,21,23,24,20,27",17,"27,20",0.138,129
"22,21,23,24,20,27",19,,0.197,130
"22,21,23,24,20,27",17,,0.145,130
"22,21,23,24,20,27",12,"22,23",0.141,131
"23,22,21,24,25,20",10,"25,20",0.198,131
"23,22,21,24,25,20",3,,0.179,131
"23,22,21,24,25,20",13,,0.043,131
"23,22,21,24,25,20",8,"22,23",0.022,131
"10,15,11,13,9",14,11,0.101,132
"10,15,11,13,9",17,,0.081,132
"10,15,11,13,9",2,15,0.08,132
"23,26,24,25,22,20",6,"25,20",0.156,133
"23,26,24,25,22,20",6,20,0.135,133
"23,27,25,22,26,24",3,26,0.186,134
"23,26,24,25,22,20",2,,0.006,134
"17,12,16,8,13",13,16,0.042,145
"17,12,16,8,13",20,"13,12",0.117,146
"17,12,16,8,13",7,"17,13",0.114,146
"17,12,16,8,13",4,"12,13",0.186,147
"8,15,19,12,18,17",3,,0.12,148
"8,15,19,12,18,17",4,12,0.011,148
"33,37,35,36,40,38",10,"36,35",0.117,148
"15,22,32,27,19,21",3,"32,22",0.033,149
"15,22,32,27,19,21",13,"15,22",0.171,149
"15,22,32,27,19,21",19,"27,15",0.118,149
"15,22,32,27,19,21",3,19,0.015,149
"37,36,35,33,43,34",20,,0.051,149
"33,37,35,36,40,38",4,40,0.184,149
"33,37,35,36,40,38",4,37,0.148,149
"15,23,26,21,28,16",5,"26,16",0.013,150
"36,37,34,33,31,38",14,,0.192,150
"36,37,34,33,31,38",3,"38,31",0.166,151
"36,37,34,33,31,38",13,"34,33",0.071,151
"36,37,34,33,31,38",8,,0.191,151
"30,31,22,29,27,15",20,,0.05,151
"30,31,22,29,27,15",11,"15,27",0.064,151
"30,31,22,29,27,15",14,29,0.021,152
"30,31,22,29,27,15",1,"29,15",0.028,152
"30,31,22,29,27,15",15,27,0.141,152
"37,38,34,36,35,40",3,34,0.042,157
"37,38,34,36,35,40",20,,0.095,164
"36,37,34,39,35,41",14,"35,39",0.044,166
"36,37,34,39,35,41",15,37,0.159,166
"36,25,28,21,23,35",5,35,0.185,166
"36,25,28,21,23,35",8,21,0.087,166
"36,25,28,21,23,35",8,"28,25",0.022,167
"36,25,28,21,23,35",7,23,0.01,167
"28,32,29,31,23,27",5,"32,31",0.174,168
"37,34,29,33,39,38",11,33,0.172,168
"35,37,38,40,42,39",6,"40,39",0.134,169
"37,34,29,33,39,38",5,,0.01,169
"37,34,29,33,39,38",16,34,0.071,169
"35,37,38,40,42,39",16,"39,40",0.084,170
"35,37,38,40,42,39",14,42,0.148,170
"35,37,38,40,42,39",8,42,0.025,171
"26,20,31,24,27,22",19,"20,22",0.153,171
"26,20,31,24,27,22",14,"24,31",0.098,171
"26,20,31,24,27,22",13,,0.086,171
"26,20,31,24,27,22",1,24,0.084,172
"26,20,31,24,27,22",6,27,0.187,172
"22,23,27",6,"27,23",0.056,173
"23,17,36,22,15,21",2,,0.091,173
"23,29,22,28,30,26",20,"23,26",0.111,175
"23,29,22,28,30,26",17,,0.044,175
"23,29,22,28,30,26",14,"28,22",0.002,176
"23,29,22,28,30,26",20,"28,22",0.17,185
"37,39,38,36,33,35",13,35,0.068,186
"37,39,38,36,33,35",5,,0.149,186
"37,39,38,36,33,35",20,"39,33",0.157,187
"37,39,38,36,33,35",17,,0.135,188
"37,39,38,36,33,35",10,,0.028,188
"30,23,18,22,25,24",18,,0.055,188
"25,23,22,20,24,15",13,"22,20",0.051,189
"38,40,37,39,36,35",10,,0.108,189
"30,23,18,22,25,24",15,"30,18",0.197,189
"30,23,18,22,25,24",17,,0.055,189
"30,31,22,23,21,18",4,22,0.173,190
"30,31,22,23,21,18",2,"23,21",0.166,190
"30,31,22,23,21,18",9,22,0.017,190
"30,31,22,23,21,18",20,"30,23",0.128,190
"17,24,43,23,20,22",8,,0.18,191
"29,35,30,33,31,34",6,"29,34",0.039,191
"29,35,30,33,31,34",20,"35,30",0.004,191
"29,35,30,33,31,34",14,"35,30",0.011,192
"37,34",4,34,0.159,193
"37,34",16,"34,37",0.056,193
"29,35,30,33,31,34",3,,0.075,193
"37,34",11,"37,34",0.167,195
"37,34",19,"37,34",0.189,195
"37,34",13,,0.068,196
"37,38,35,39,36,40",10,"37,35",0.166,205
"37,38,35,39,36,40",4,,0.082,205
"36,38,37,32,35,34",15,,0.163,206
"36,38,37,32,35,34",18,,0.097,206
"36,38,37,32,35,34",10,,0.007,206
"38,29",5,38,0.061,207
"36,38,37,32,35,34",5,"32,34",0.115,207
"38,29",17,29,0.186,208
"38,29",6,"29,38",0.023,208
"33,35,28,24,29,30",14,35,0.104,208
"33,35,28,24,29,30",4,29,0.07,209
29,10,29,0.091,209
29,16,,0.019,209
29,14,,0.02,209
"31,19",5,"31,19",0.128,210
"31,19",18,31,0.194,210
"15,16,27,24,26,22",14,"22,26",0.016,211
"36,35",9,35,0.08,212
"36,37,39,35,38,34",12,35,0.173,212
"36,37,39,35,38,34",10,,0.19,213
"36,37,39,35,38,34",3,"38,36",0.089,213
"36,37,39,35,38,34",4,,0.087,214
"36,37,39,35,38,34",8,"39,34",0.051,214
"28,23,20,22,27,18",2,28,0.146,215
"28,23,20,22,27,18",3,"20,22",0.177,224
"28,23,20,22,27,18",12,,0.109,225
"35,37,36,30,39,32",18,37,0.161,226
"28,23,20,22,27,18",4,"18,20",0.064,226
"35,37,36,30,39,32",13,37,0.106,227
"35,37,36,30,39,32",16,,0.115,228
"15,22,32,21,30,24",11,,0.15,229
"15,22,32,21,30,24",6,,0.176,229
"15,22,32,21,30,24",11,,0.064,229
"15,22,32,21,30,24",19,22,0.137,229
"15,22,32,21,30,24",15,,0.13,230
"11,14,15",6,"11,14",0.133,230
"11,14,15",15,14,0.099,230
"16,17,13,15",7,13,0.06,231
17,11,17,0.14,231
"17,13,16",19,"17,13",0.111,232
"17,13,16",1,,0.003,232
17,9,17,0.013,232
"17,13,16",2,"17,16",0.075,233
"17,13,16",10,17,0.042,233
"17,13,16",9,"16,17",0.071,233
"16,17,14,20",15,20,0.196,234
"16,17,14,20",4,,0.102,234
"17,14,21,18,15,19",4,,0.163,235
"17,14,21,18,15,19",3,,0.197,235
"17,14,21,18,15,19",18,"17,15",0.091,236
"17,14,21,18,15,19",17,21,0.027,246
"19,20",19,"19,20",0.181,247
"14,12,17,11,13,21",10,,0.045,248
"14,12,17,11,13,21",8,13,0.069,248
"19,20",18,,0.17,248
"14,12,17,11,13,21",16,,0.09,248
"14,12,17,11,13,21",20,,0.151,248
"14,12,17,11,13,21",20,,0.122,249
"19,20,17,18",11,,0.178,249
"19,20,17,18",17,"19,17",0.061,249
"19,20,17,18",6,"19,20",0.149,249
"19,20,17,18",1,17,0.035,249
"19,18,20",10,"20,19",0.127,250
"19,14,18,16,17,15",3,"18,15",0.012,250
"18,19",13,,0.128,250
"19,20,17,18",19,"18,20",0.124,250
"18,19",12,19,0.167,250
"19,18,20",9,,0.154,252
"19,18,20",18,,0.186,252
"19,18,20",7,19,0.122,252
"16,17,18,14",8,,0.013,253
"16,17,18,14",10,"14,17",0.178,254
18,2,,0.084,255
18,19,18,0.009,256
"16,17,14,18,15",8,"14,18",0.005,256
"16,17,14,18,15",7,,0.003,264
"13,16,11,14,15",18,,0.0,265
"13,16,11,14,15",3,,0.185,267
"13,16,11,14,15",19,,0.168,267
"13,16,11,14,15",2,"14,15",0.089,268
"16,20,17,15,18",3,"15,20",0.16,268
"19,18,20",2,18,0.006,269
"11,17,20,14,13,15",20,20,0.161,270
"13,12,14,11",19,,0.198,271
"13,12,14,11",13,,0.166,271
"11,17,20,14,13,15",4,"13,15",0.13,271
"11,17,20,14,13,15",5,"17,14",0.043,271
"20,17,19",8,"20,17",0.048,272
"20,17,19",15,20,0.002,272
"15,18,16,17",1,"16,17",0.1,272
"15,18,16,17",13,,0.079,272
"15,18,16,17",12,16,0.108,272
"15,18,16,17",1,,0.037,272
"15,12,17,16,13",18,"12,15",0.006,272
"15,12,17,16,13",18,12,0.005,272
19,3,,0.178,273
19,10,19,0.188,274
19,13,,0.075,275
19,2,19,0.086,275
19,16,,0.051,279
"12,15,17",14,"17,12",0.009,285
"12,15,17",5,"12,17",0.116,287
"12,15,17",15,"17,15",0.162,287
"11,13,15,16,14,12",19,16,0.127,287
"11,13,15,16,14,12",15,15,0.104,287
"11,13,15,16,14,12",12,"15,11",0.082,288
16,4,,0.121,288
"11,13,12",15,12,0.102,289
"11,13,12",3,12,0.131,289
"11,13,12",15,,0.104,289
"12,11,13,7",13,"7,11",0.018,290
"12,11,13,7",8,13,0.041,290
"14,11,9,17",12,"17,14",0.066,290
"14,11,9,17",9,17,0.146,290
"14,11,9,17",9,"14,9",0.126,290
"2,6,7,8,20",2,"8,6",0.175,291
"8,4,6,2,12,16",10,"8,12",0.107,291
"8,4,6,2,12,16",12,"6,2",0.006,291
"8,4,6,2,12,16",13,,0.012,291
"6,3,9,8,7,5",10,,0.072,293
"6,3,9,8,7,5",4,7,0.049,293
"8,7,3,11,5",11,"7,11",0.029,295
"8,7,3,11,5",19,,0.036,296
"8,7,3,11,5",8,8,0.092,296
"7,19,10,8,6,9",2,,0.1,299
"7,19,10,8,6,9",12,19,0.165,304
"10,13,8,12,21,19",12,,0.038,305
"10,13,8,12,21,19",12,8,0.01,305
"10,13,8,12,21,19",13,13,0.133,305
"10,13,8,12,21,19",17,"12,8",0.197,306
"10,13,8,12,21,19",5,,0.065,306
"1,6,9,7,13,3",16,"13,3",0.024,307
"17,18,16,20,19",19,18,0.116,307
"17,18,16,20,19",18,"20,19",0.007,307
"17,18,16,20,19",1,17,0.06,307
"9,13,5",16,"5,13",0.122,308
"9,13,5",12,"13,5",0.025,308
"9,13,5",20,,0.135,308
"15,18,17,13,19,21",2,"18,21",0.111,309
"17,15,7,13,1,8",16,17,0.095,309
"1,8,7,6,16,4",17,"8,7",0.092,309
"1,8,7,6,16,4",8,16,0.124,309
"17,18,16,19,15,20",18,,0.168,311
"8,14,9,7,1,12",5,14,0.021,311
"8,14,9,7,1,12",6,"8,7",0.163,312
"20,16,17,15,18,21",9,,0.008,313
"20,16,17,15,18,21",5,,0.146,314
"20,16,17,15,18,21",11,"16,18",0.098,315
"20,16,17,15,18,21",13,"17,15",0.164,315
"20,16,17,15,18,21",15,"17,15",0.121,317
"5,8,6,3,10,11",7,,0.172,325
"5,8,6,3,10,11",9,,0.098,327
"18,15,16,17,19,20",15,"18,15",0.18,327
"18,15,16,17,19,20",5,19,0.089,327
16,12,16,0.039,328
16,19,,0.039,328
"5,10,12,9,16,14",14,,0.14,329
"5,10,12,9,16,14",6,12,0.11,329
"5,10,12,9,16,14",14,10,0.081,329
16,9,16,0.061,329
"5,10,12,9,16,14",6,,0.001,329
"5,10,12,9,16,14",11,"12,10",0.169,330
"8,6,10,1",8,"8,1",0.163,330
"8,6,10,1",12,"1,8",0.189,330
"13,12,18,6",3,,0.121,331
"13,12,18,6",10,,0.123,331
"10,5,1,4,7,9",4,7,0.067,332
"10,5,1,4,7,9",16,7,0.1,332
"11,8,12,6,9,1",11,12,0.132,332
"13,12,18,6",6,,0.119,332
"13,12,18,6",17,6,0.152,332
"6,3,10",7,"10,3",0.059,332
"11,8,12,6,9,1",8,11,0.174,334
"11,8,12,6,9,1",13,"9,12",0.076,334
"11,8,12,6,9,1",17,,0.015,335
"11,8,12,6,9,1",11,"11,12",0.052,346
"18,17,20,14,16,13",20,,0.192,346
"18,17,20,14,16,13",5,"20,17",0.109,346
"18,17,20,14,16,13",19,17,0.084,346
"13,15,9,14,11,16",15,,0.081,347
"13,15,9,14,11,16",3,"9,11",0.063,347
"13,15,9,14,11,16",4,"9,15",0.133,348
"13,15,9,14,11,16",10,"16,15",0.114,348
"20,19,22,13,18,16",17,18,0.128,349
"20,19,22,13,18,16",14,,0.181,349
"20,19,22,13,18,16",10,"19,20",0.084,349
"23,24,22,21,25,27",3,24,0.062,349
"23,24,22,21,25,27",18,24,0.139,350
"21,24,23,25,22,27",8,22,0.039,350
"21,24,23,25,22,27",17,23,0.037,350
"24,23,25,21,26",2,,0.016,350
"24,23,25,21,26",7,,0.135,351
"9,11,17",14,"9,11",0.115,351
"21,19,15,17,18",10,"18,15",0.181,352
"21,19,15,17,18",11,19,0.182,352
"9,11,17",11,,0.106,352
"9,11,17",11,"11,9",0.182,352
"21,19,15,17,18",13,19,0.187,352
"21,19,15,17,18",5,21,0.197,353
"20,18,21,22,15,25",5,18,0.167,358
"20,18,21,22,15,25",8,,0.082,363
"13,14,19,12,15,11",13,15,0.114,365
"13,14,19,12,15,11",6,,0.107,367
"13,14,19,12,15,11",11,,0.156,367
"26,23,24,25,22",16,23,0.037,368
"26,23,24,25,22",15,23,0.101,368
"14,15,16",19,15,0.036,369
"26,23,24,25,22",13,25,0.133,369
"14,15,16",3,14,0.031,369
"14,15,16",6,,0.041,370
"14,15,16",16,,0.12,370
"15,24,9,21,10,14",18,"15,21",0.094,370
"15,24,9,21,10,14",9,,0.18,370
"15,24,9,21,10,14",17,"10,9",0.006,371
"15,24,9,21,10,14",6,,0.001,371
"21,14,22,17,19,12",19,22,0.13,372
"21,14,22,17,19,12",15,12,0.128,372
"21,14,22,17,19,12",8,"19,21",0.033,372
"25,23,21,24,28,20",4,"24,25",0.172,373
"21,14,22,17,19,12",11,,0.087,373
"25,23,21,24,28,20",4,,0.161,374
"25,23,21,24,28,20",16,,0.184,374
"25,23,21,24,28,20",18,21,0.171,375
"23,24,27,25,22,26",8,"24,22",0.149,376
"23,24,27,25,22,26",19,"22,23",0.194,377
"23,24,27,25,22,26",1,,0.154,384
"23,24,27,25,22,26",14,25,0.076,386
"24,22,23",20,22,0.147,386
"22,21,19,16,20,17",3,19,0.018,387
"22,21,19,16,20,17",5,"20,17",0.089,387
"18,14,9,19,16,17",15,16,0.128,387
"18,14,9,19,16,17",3,17,0.0,388
"18,14,9,19,16,17",7,17,0.167,388
"18,14,9,19,16,17",10,16,0.081,388
"18,14,9,19,16,17",13,,0.054,389
"22,24,23,21,25,27",6,,0.09,389
"22,24,23,21,25,27",8,24,0.181,390
"22,24,23,21,25,27",4,24,0.075,390
"19,24,23,28",7,"28,24",0.07,390
"19,24,23,28",3,,0.103,391
"19,24,23,28",2,"19,28",0.145,391
"24,20,23,25,26,28",12,,0.136,391
"25,23,24,26,22",14,24,0.095,392
"25,23,24,26,22",16,,0.183,392
"24,20,23,25,26,28",17,"25,23",0.015,392
"15,21,23,19,20,16",16,,0.072,392
"15,21,23,19,20,16",13,,0.105,392
"25,23,24,26,22",18,,0.062,394
"25,23,24,26,22",6,"25,24",0.083,396
"25,23,24,26,22",1,23,0.139,398
"14,13,7,8,9,15",58,"13,14",0.061,404
"14,13,7,8,9,15",50,,0.125,404
"14,13,7,8,9,15",52,"8,9",0.177,405
"14,13,7,8,9,15",54,"9,8",0.137,407
"14,13,7,8,9,15",56,"9,15",0.106,407
"21,26,24,22,23,18",17,24,0.186,408
"21,26,24,22,23,18",2,,0.189,408
"21,26,24,22,23,18",52,"21,22",0.13,408
"21,26,24,22,23,18",1,21,0.053,408
"21,26,24,22,23,18",16,"18,22",0.011,408
"12,10,19,13,17,14",9,,0.18,409
"20,19,17,13,14,18",6,17,0.107,409
"20,19,17,13,14,18",9,13,0.149,409
"20,19,17,13,14,18",5,,0.03,409
"20,19,17,13,14,18",7,,0.023,409
"12,10,19,13,17,14",12,,0.112,411
"12,10,19,13,17,14",16,"14,12",0.104,411
"12,10,19,13,17,14",1,"12,10",0.072,412
"26,23",14,"26,23",0.125,412
"26,23",3,"26,23",0.141,412
"26,23",9,,0.131,412
"24,23,22,28,26,25",18,"24,28",0.011,412
"23,26,22,21,24,25",11,26,0.19,414
"23,26,22,21,24,25",7,"22,26",0.004,415
"23,26,22,21,24,25",14,23,0.067,418
"23,26,22,21,24,25",11,"22,23",0.075,424
"23,26,22,21,24,25",19,,0.075,425
"17,11,14,20,13,7",17,"14,17",0.072,426
"18,19,10,23,17,13",14,17,0.088,426
"17,11,14,20,13,7",5,,0.038,427
"17,11,14,20,13,7",17,,0.007,427
"17,11,14,20,13,7",16,"7,13",0.04,427
"17,11,14,20,13,7",17,14,0.114,427
"13,8,18,17,26,25",9,18,0.013,427
"13,8,18,17,26,25",7,18,0.115,427
"13,8,18,17,26,25",19,18,0.066,428
"13,8,18,17,26,25",15,8,0.017,428
"14,26,7,11,8,12",14,,0.199,428
"14,26,7,11,8,12",9,14,0.141,429
"14,26,7,11,8,12",14,12,0.036,429
"14,26,7,11,8,12",18,"7,14",0.136,429
"14,26,7,11,8,12",20,,0.192,430
"17,18,20,11,19,22",19,20,0.187,430
"17,18,20,11,19,22",5,"19,22",0.088,430
"17,18,20,11,19,22",19,,0.047,430
"17,18,20,11,19,22",5,17,0.021,430
"17,18,20,11,19,22",6,,0.116,433
"23,24,22,25,21",18,25,0.197,433
"23,24,22,25,21",10,"21,22",0.138,433
"23,24,22,25,21",15,,0.198,435
"23,24,22,25,21",13,"23,24",0.096,445
"23,24,22,25,21",18,,0.092,447
"10,8,13,18,17,7",2,18,0.073,447
"10,8,13,18,17,7",17,"7,8",0.028,447
"10,8,13,18,17,7",16,"10,13",0.024,448
"10,8,13,18,17,7",7,,0.066,448
"10,8,13,18,17,7",14,17,0.034,449
"21,8,16,7,15,12",18,,0.127,450
"13,21,8,7,11,16",15,,0.034,450
"13,21,8,7,11,16",13,"21,16",0.122,450
"11,15,13,12,24,23",2,11,0.12,450
"13,22,12,10,27,15",3,12,0.042,451
"10,12,11,23,13,7",3,"10,23",0.062,451
"13,22,12,10,27,15",14,,0.119,451
"10,12,11,23,13,7",11,10,0.121,451
"11,15,13,12,24,23",6,,0.096,451
"10,12,11,23,13,7",2,23,0.19,451
"11,15,13,12,24,23",4,"23,24",0.093,451
"10,12,11,23,13,7",7,,0.024,451
"10,12,11,23,13,7",5,7,0.134,451
"13,22,12,10,27,15",17,,0.033,452
"18,22,16,17,11,20",14,16,0.005,452
"18,22,16,17,11,20",13,22,0.124,452
"18,22,16,17,11,20",6,16,0.139,452
"12,14,20,13,15,19",20,,0.048,456
"12,14,20,13,15,19",2,,0.118,463
"12,14,20,13,15,19",9,,0.093,465
24,19,24,0.091,466
"13,11,16,7,12,15",6,13,0.118,467
24,4,,0.066,467
24,17,24,0.094,467
"13,11,16,7,12,15",15,,0.137,468
"13,11,16,7,12,15",13,,0.075,469
"13,11,16,7,12,15",19,"11,7",0.027,469
"15,9,17,11,18,14",15,17,0.157,469
"8,13,7,14,15,9",5,"9,14",0.168,470
"22,14,16,20,17,18",20,22,0.04,470
"22,14,16,20,17,18",4,"14,17",0.197,470
"25,24,23,21,27,22",17,"23,21",0.087,470
"25,24,23,21,27,22",10,,0.076,470
"22,25,21,24,26",17,,0.024,471
"25,24,23,21,27,22",1,"22,24",0.167,471
"22,25,21,24,26",13,"24,26",0.044,472
"21,20",1,21,0.105,472
"21,20",16,,0.129,473
"21,20",5,21,0.062,474
"21,20",20,20,0.137,474
"21,20",16,,0.079,475
"25,24",20,24,0.056,476
"25,24",10,25,0.14,480
"25,24,26",12,26,0.029,483
"23,25,24",19,"25,24",0.068,485
"25,24,26",18,"26,25",0.045,485
"23,25,24",17,"23,25",0.174,486
"23,25,24",15,"25,23",0.131,486
"21,22,19,20,24",11,24,0.105,486
"24,23,25,22",7,24,0.078,486
"24,23,25,22",18,,0.018,486
"25,24,23",18,24,0.177,487
"25,24,23",8,23,0.192,488
"25,24,27,22,23",4,25,0.099,488
"25,24,27,22,23",6,"23,27",0.004,489
"25,24,27,22,23",8,"23,25",0.007,490
"25,24,27,22,23",12,"23,22",0.153,490
"25,24,27,22,23",5,23,0.071,490
"21,19,22,24,20,18",19,21,0.056,491
"21,19,22,24,20,18",12,20,0.165,493
"21,19,22,24,20,18",6,"18,19",0.077,493
"21,19,22,24,20,18",13,,0.165,493
"23,22,20",16,"22,20",0.079,495
"18,22,15,17,19,20",7,19,0.071,495
"24,26,25",15,,0.096,495
"24,26,25",3,"24,25",0.173,496
"23,20,16,17,19,18",15,"18,17",0.087,497
"23,20,16,17,19,18",4,19,0.131,498
"23,20,16,17,19,18",17,,0.155,504
"19,18,22,17,16,25",5,16,0.046,506
"19,18,22,17,16,25",15,18,0.062,506
"19,18,22,17,16,25",11,16,0.041,506
"15,22,18",14,18,0.136,506
"16,17,18,22,20,21",10,"21,18",0.058,508
"16,17,18,22,20,21",10,20,0.037,508
"16,17,18,22,20,21",2,"21,16",0.036,508
"15,22,18",13,"18,15",0.118,508
"15,22,18",3,"18,15",0.022,508
"17,18,23,16,15",12,17,0.004,508
"20,19,15,21,18,16",13,,0.005,509
"20,19,15,21,18,16",6,"16,21",0.06,509
"16,17,18,22,20,21",19,20,0.129,509
"16,17,18,22,20,21",1,,0.128,509
"20,19,15,21,18,16",2,,0.163,509
"21,20,22,23",12,"21,20",0.028,510
"21,20,22,23",5,"23,21",0.188,510
"21,20,22,23",1,,0.057,512
"24,23,25,22",20,23,0.126,512
"24,23,25,22",11,"25,24",0.137,513
"18,22,19,20,16",7,,0.14,514
"18,22,19,20,16",17,,0.051,515
"18,22,19,20,16",12,,0.14,515
"25,24,23",7,"25,23",0.053,517
"25,24,23",10,,0.178,523
"25,24,23",1,"25,24",0.048,525
"25,24,23",10,24,0.146,527
"23,21,19,17,16,20",13,19,0.126,528
"25,22,21,18,26,20",7,21,0.014,529
"25,22,21,18,26,20",10,20,0.072,529
"25,22,21,18,26,20",19,18,0.151,529
"23,22,21,26,15",14,,0.162,530
"23,22,21,26,15",18,,0.002,530
"25,22,21,18,26,20",4,"18,20",0.03,530
"23,22,21,26,15",10,21,0.048,530
"23,22,21,26,15",8,"21,22",0.17,531
29,1,29,0.08,531
29,12,,0.053,531
29,3,29,0.097,531
29,20,,0.182,531
29,3,29,0.142,531
"7,24,20,17,14,9",6,,0.143,531
"7,24,20,17,14,9",17,,0.053,531
"7,24,20,17,14,9",8,"7,9",0.088,532
"7,24,20,17,14,9",2,,0.153,535
"26,19,31,23,18,15",17,"23,15",0.01,535
"26,19,31,23,18,15",15,"26,19",0.179,536
"26,19,31,23,18,15",9,,0.107,536
"14,16,20,17,10,21",19,,0.113,537
"14,16,20,17,10,21",17,16,0.051,544
"14,16,20,17,10,21",5,"16,10",0.007,545
"26,22,27,25,28,19",10,"27,25",0.044,545
"26,22,27,25,28,19",19,,0.088,546
"26,22,27,25,28,19",8,"27,28",0.105,546
"26,22,27,25,28,19",17,"27,22",0.187,547
"26,22,27,25,28,19",9,"25,19",0.036,547
"13,12,15,14,9,7",16,7,0.123,548
"13,12,15,14,9,7",5,12,0.106,548
"13,12,15,14,9,7",2,13,0.029,549
"13,12,15,14,9,7",5,"12,13",0.063,549
"24,25,26,28,22,27",12,"25,22",0.016,549
"26,27,25,28,23,22",4,"25,26",0.055,550
"14,26,16,11,23,7",8,16,0.052,550
"24,25,26,28,22,27",1,28,0.122,550
"24,25,26,28,22,27",9,,0.137,550
"24,25,26,28,22,27",4,25,0.151,550
"24,25,26,28,22,27",2,,0.109,550
"26,27,25,28,23,22",17,23,0.136,551
"27,30,26,23,24,25",13,24,0.142,551
"16,21,18,28,11,22",12,,0.079,551
"17,21,22,18,15,19",13,15,0.076,551
"17,21,22,18,15,19",7,"17,21",0.093,552
"17,21,22,18,15,19",20,,0.002,553
"20,19,14,24,16,13",18,,0.091,554
"20,19,14,24,16,13",19,19,0.121,566
"7,13,8",16,"7,13",0.108,566
"20,19,14,24,16,13",2,"16,20",0.098,566
"7,13,8",19,8,0.077,567
"7,13,8",7,13,0.025,567
"7,13,8",8,"8,13",0.198,567
"14,19,25,20,24,13",8,"14,19",0.177,568
"14,19,25,20,24,13",1,,0.083,569
"14,19,25,20,24,13",2,"25,13",0.126,569
"14,19,25,20,24,13",10,"20,14",0.056,569
"14,19,25,20,24,13",1,13,0.167,569
"30,25,28",18,,0.125,570
"15,16,11,7,17",13,,0.105,570
"15,16,11,7,17",4,"11,17",0.038,570
"15,16,11,7,17",12,"16,11",0.056,570
"15,16,11,7,17",14,,0.071,570
"15,16,11,7,17",10,,0.135,570
"30,25,28",18,25,0.192,571
"25,26,22,30,28,24",10,"25,28",0.189,571
"25,26,22,30,28,24",14,"30,22",0.173,572
"25,26,22,30,28,24",4,,0.123,572
"25,27,28,26,24",6,"27,25",0.092,573
"25,27,28,26,24",12,,0.058,575
"25,27,28,26,24",11,,0.081,576
"25,26,28,29,24,27",1,28,0.128,576
"25,26,28,29,24,27",20,24,0.126,584
"25,26,28,29,24,27",13,29,0.106,585
"15,13,7,14,10,16",4,,0.14,586
"15,13,7,14,10,16",17,16,0.085,587
"15,13,7,14,10,16",18,"13,7",0.044,587
"15,13,7,14,10,16",9,15,0.107,588
"15,13,7,14,10,16",9,14,0.027,588
"23,27,24,25,26,30",14,,0.199,589
"15,13",16,,0.176,589
"15,13",9,"13,15",0.043,589
"15,13",4,,0.158,589
"15,13",15,,0.129,589
"15,13",3,13,0.027,589
"23,27,24,25,26,30",1,"25,30",0.17,590
"23,27,24,25,26,30",4,"27,25",0.107,590
"21,23,15,20,19,14",13,,0.047,592
"21,23,15,20,19,14",13,21,0.102,592
"21,23,15,20,19,14",8,,0.073,592
"21,23,15,20,19,14",5,"19,20",0.147,592
"15,7,14,13,11,10",5,,0.13,593
"15,7,14,13,11,10",3,"15,11",0.163,593
"12,14,10,15,13,9",3,"9,15",0.061,594
"15,7,14,13,11,10",6,7,0.146,594
"12,14,10,15,13,9",11,9,0.046,595
"12,14,10,15,13,9",2,,0.039,598
"19,18,22,17,20",18,"17,19",0.191,606
"19,18,22,17,20",16,,0.084,607
"26,24,25,29,27",17,"29,25",0.037,607
"26,23,21,16,24,22",14,24,0.086,608
"26,23,21,16,24,22",7,"21,24",0.068,608
"26,23,21,16,24,22",9,26,0.159,608
"26,23,21,16,24,22",17,"24,16",0.001,608
"22,21,18,19,23,20",1,23,0.151,609
"22,21,18,19,23,20",10,21,0.083,609
"22,21,18,19,23,20",15,19,0.124,609
"22,21,18,19,23,20",17,"19,22",0.081,609
"26,27,21,25,28,30",11,"21,28",0.011,610
"26,27,21,25,28,30",14,,0.034,610
"26,27,21,25,28,30",10,,0.046,610
"26,27,21,25,28,30",9,"26,25",0.071,611
"26,27,21,25,28,30",3,30,0.107,611
"26,28,27,29,21,25",19,"27,26",0.151,611
"26,28,27,29,21,25",19,,0.113,612
"26,28,27,29,21,25",13,"26,29",0.1,612
"26,28,27,29,21,25",12,,0.023,612
"26,24,23,27,28,25",6,27,0.006,612
"13,23,10,14,16,11",7,"14,11",0.087,613
"13,23,10,14,16,11",9,,0.095,613
"13,23,10,14,16,11",3,10,0.145,614
"13,23,10,14,16,11",17,"10,11",0.048,617
"13,23,10,14,16,11",14,23,0.187,625
"19,14,10,17,25,24",15,,0.068,625
"19,22,17,16,15,10",5,19,0.014,626
"19,22,17,16,15,10",5,,0.003,626
"26,22,21,13,20,25",8,,0.193,627
"19,22,17,16,15,10",7,,0.075,627
"19,22,17,16,15,10",9,,0.079,627
"26,22,21,13,20,25",3,,0.111,628
"26,22,21,13,20,25",17,21,0.155,628
"26,22,21,13,20,25",20,"21,25",0.069,629
"26,22,21,13,20,25",13,"22,21",0.168,629
"21,24,20,28,19,25",9,"28,24",0.048,629
"27,24,26,25",19,,0.148,629
"27,24,26,25",1,"24,26",0.133,629
"27,24,26,25",11,"25,24",0.064,630
"27,24,26,25",1,"25,27",0.13,630
14,20,14,0.13,631
14,9,14,0.163,631
"16,17,14,18,10,23",16,"17,14",0.065,631
"16,17,14,18,10,23",2,,0.187,631
"26,28,27,23,24,29",3,"29,23",0.083,632
"26,28,27,23,24,29",5,"27,23",0.133,632
14,19,14,0.079,632
"26,28,27,23,24,29",16,,0.136,635
"26,28",2,,0.083,635
"26,28",10,28,0.005,644
"26,28",8,"28,26",0.114,646
"29,26,23,27,24,30",2,27,0.036,647
"29,26,23,27,24,30",15,,0.126,647
"29,26,23,27,24,30",11,,0.152,647
"27,23,20",4,,0.153,647
"27,23,20",18,,0.02,647
"24,19,21,25,15,28",12,,0.085,648
"24,19,21,25,15,28",8,28,0.195,648
"24,19,21,25,15,28",12,"24,28",0.174,649
"24,19,21,25,15,28",15,,0.06,649
"24,19,21,25,15,28",5,25,0.127,649
"15,19,16,11,20,10",17,,0.171,649
"15,19,16,11,20,10",16,"11,15",0.199,650
"25,26,24,29,27,31",19,29,0.121,650
"25,26,24,29,27,31",1,,0.188,650
"25,26,24,29,27,31",11,24,0.013,650
"25,26,24,29,27,31",20,"25,31",0.051,650
"25,26,24,29,27,31",11,,0.174,650
"24,15,21,16,14,17",20,21,0.014,651
"15,18,17",7,"15,17",0.14,652
"15,18,17",18,17,0.188,652
"15,18,17",5,"15,17",0.069,652
"15,18,17",9,,0.017,653
"15,18,17",3,,0.196,656
"22,21,19,18,23,17",18,,0.061,664
"22,21,19,18,23,17",3,,0.101,665
"22,21,19,18,23,17",20,"21,18",0.163,666
"22,21,19,18,23,17",8,"17,18",0.123,667
"16,15,11,18,13,22",1,11,0.092,668
"16,15,11,18,13,22",1,16,0.156,668
"22,19",14,,0.149,669
"22,19",11,"19,22",0.139,669
"22,19",17,"19,22",0.19,669
"16,15,11,18,13,22",14,18,0.162,669
"16,15,11,18,13,22",6,11,0.097,669
"16,15,11,18,13,22",15,,0.173,669
"22,19",13,,0.169,669
"25,28,26,27,23",17,"23,25",0.124,670
"23,18,25,24,27,21",15,"23,21",0.05,670
"23,18,25,24,27,21",4,25,0.075,670
"23,18,25,24,27,21",20,,0.064,670
"25,28,26,27,23",17,25,0.143,671
"25,28,26,27,23",3,,0.13,671
"18,25,15,16,10,11",1,"16,18",0.011,672
"15,16",19,"15,16",0.024,672
"15,16",6,15,0.084,673
"15,16",2,"16,15",0.063,674
"15,16",9,,0.031,674
"15,16",18,"15,16",0.104,674
"20,19,15,27,21,23",10,15,0.139,683
"39,41,37,40,42,38",7,39,0.196,684
"34,41,35,38,33,40",1,38,0.178,686
"34,41,35,38,33,40",17,,0.106,686
"39,41,37,40,42,38",12,"39,42",0.116,686
"39,41,37,40,42,38",13,,0.143,686
"34,41,35,38,33,40",3,,0.094,687
"34,41,35,38,33,40",18,40,0.044,687
"42,40,38,44,39,41",8,"39,38",0.121,688
"32,36,29,35,37,34",4,,0.054,688
"32,36,29,35,37,34",19,36,0.099,689
"32,36,29,35,37,34",18,29,0.03,689
"32,36,29,35,37,34",9,"34,32",0.036,689
"37,35",15,,0.03,690
"37,35",10,35,0.034,690
"37,35",15,"35,37",0.16,690
"37,35",3,,0.036,690
"37,35",7,"35,37",0.153,691
"34,30,32",18,,0.197,691
"34,30,32",1,,0.047,692
"34,30,32",5,,0.079,693
"36,34,31,40,33,35",20,"34,31",0.079,693
"36,34,31,40,33,35",4,,0.054,693
"36,34,31,40,33,35",11,,0.185,694
"36,34,31,40,33,35",13,36,0.099,694
"38,40,39,42,41,36",20,,0.088,706
"40,38,39,41,42",16,39,0.115,707
"40,38,39,41,42",20,40,0.195,707
"34,31,38,27,33,35",2,"34,33",0.037,707
"34,32,35,33",7,"35,32",0.182,707
"34,32,35,33",2,33,0.053,707
"34,32,35,33",19,,0.037,707
"39,33,31,34,29,24",12,,0.11,708
"39,33,31,34,29,24",9,33,0.164,709
"28,32,30,29,27,31",11,31,0.077,709
"39,33,31,34,29,24",5,24,0.129,709
"39,33,31,34,29,24",15,"34,39",0.07,709
"28,32,30,29,27,31",16,,0.2,710
"28,32,30,29,27,31",13,"31,28",0.193,710
"28,32,30,29,27,31",11,,0.006,710
"28,32,30,29,27,31",17,27,0.01,711
"39,38,40,36,37,41",18,"41,36",0.047,711
"39,38,40,36,37,41",12,38,0.156,711
"36,24,27,38,30,35",4,27,0.046,712
"35,38,33,36,34,30",11,34,0.118,712
"35,38,33,36,34,30",11,35,0.048,712
"31,30,29,36,44,27",18,,0.011,713
"31,30,29,36,44,27",16,36,0.099,714
"31,30,29,36,44,27",16,"27,29",0.027,715
"31,30,29,36,44,27",14,,0.11,719
"35,32,34,31",10,,0.198,724
"42,37,40,44,43,39",11,39,0.138,724
"42,37,40,44,43,39",9,,0.031,724
"42,37,40,44,43,39",9,43,0.085,725
"34,42,37,30,32,29",13,29,0.166,725
"34,42,37,30,32,29",6,,0.072,726
"20,26,19,18,21,23",14,"21,19",0.061,727
"20,26,19,18,21,23",18,23,0.011,728
"20,26,19,18,21,23",18,"23,26",0.009,728
"20,26,19,18,21,23",15,,0.075,728
"24,23,21,26,22,27",14,,0.17,729
"24,23,21,26,22,27",14,"26,27",0.063,729
"20,26,19,18,21,23",5,23,0.161,729
"16,23,19,18,15,22",6,22,0.017,730
"16,23,19,18,15,22",14,,0.182,730
"24,25,23",4,24,0.004,731
"25,21,24,22,23,26",16,,0.056,731
"25,21,24,22,23,26",10,"24,22",0.158,731
"25,21,24,22,23,26",18,25,0.12,732
"25,21,24,22,23,26",12,26,0.149,732
"25,21,24,22,23,26",19,,0.127,732
"16,18,24,13,19,11",12,,0.198,733
"22,18,19,15,17,20",6,,0.104,735
"22,18,19,15,17,20",20,"20,18",0.013,737
"22,18,19,15,17,20",14,"19,22",0.171,739
"22,18,19,15,17,20",7,"18,22",0.127,744
"22,18,19,15,17,20",3,"15,19",0.127,746
"24,21,27",13,21,0.061,746
"24,21,27",9,27,0.048,747
"24,21,27",4,21,0.192,747
"24,21,27",19,"24,27",0.015,747
"24,21,27",16,"24,21",0.047,748
"24,27,26,23,22,25",11,23,0.087,748
"24,27,26,23,22,25",1,"22,23",0.175,748
"11,12,17,19,14,7",18,,0.072,749
"11,12,17,19,14,7",18,,0.162,750
"11,12,17,19,14,7",1,"7,17",0.144,750
"11,12,17,19,14,7",19,,0.114,750
"18,21,23,29,19,17",6,23,0.123,751
"18,21,23,29,19,17",16,,0.055,751
"18,21,23,29,19,17",8,"17,29",0.047,751
"18,21,23,29,19,17",14,"29,17",0.155,751
"20,18,22,19",19,,0.068,752
"20,18,22,19",9,"22,18",0.04,752
"20,18,22,19",5,,0.11,753
"18,20,17,15,19,14",3,,0.064,753
"18,20,17,15,19,14",2,,0.168,754
"18,20,17,15,19,14",13,19,0.031,754
"11,8,13,7,18,12",15,"8,11",0.196,755
"11,8,13,7,18,12",7,12,0.185,756
"11,8,13,7,18,12",10,"7,11",0.143,765
"16,18,15,12,9,29",8,"16,9",0.082,766
"16,18,15,12,9,29",16,"18,16",0.044,766
"10,23,18,20,26,25",3,,0.159,767
"17,7,12,15,16,9",1,15,0.091,767
"17,7,12,15,16,9",7,"7,9",0.101,767
"17,7,12,15,16,9",11,"9,15",0.024,768
"17,7,12,15,16,9",7,,0.121,768
"24,20,25,21,26,23",13,,0.172,768
"13,12",7,,0.094,769
"13,12",8,"13,12",0.027,769
"19,18,12,20,14,16",18,,0.001,769
"19,18,12,20,14,16",3,20,0.1,769
"13,12",15,"13,12",0.177,770
"18,8,19,20,16,26",13,16,0.114,770
"18,8,19,20,16,26",6,19,0.063,770
"18,8,19,20,16,26",17,20,0.119,770
"20,22,24,26,27,23",10,27,0.014,771
"16,20,19,17,18,14",16,"20,14",0.155,772
"16,20,19,17,18,14",17,20,0.026,772
"13,14,18,9,16,12",12,,0.062,772
"13,14,18,9,16,12",7,"9,14",0.199,773
"13,14,18,9,16,12",4,"13,16",0.198,773
"13,14,18,9,16,12",11,13,0.019,775
"13,14,18,9,16,12",16,,0.199,776
"23,24,27,22,25",12,"27,25",0.031,784
"23,24,27,22,25",12,22,0.182,785
"23,24,27,22,25",14,,0.165,785
"23,24,27,22,25",2,23,0.113,785
"23,24,27,22,25",7,25,0.055,786
"16,17,13,18,22,24",4,,0.16,787
"16,21",13,21,0.097,787
13,17,,0.137,788
"23,21,25,24,26",11,24,0.085,788
"23,21,25,24,26",6,"23,21",0.168,788
"16,21",18,,0.081,788
"16,21",13,"16,21",0.063,788
"14,13,16",4,,0.029,788
13,20,,0.173,789
13,17,13,0.029,789
"18,22,19,14,23,17",8,"18,17",0.194,790
"18,22,19,14,23,17",9,"18,23",0.191,790
14,1,,0.123,791
14,19,14,0.032,791
14,12,14,0.151,791
14,10,14,0.05,792
"17,14,19,15,22,20",13,19,0.088,792
14,18,14,0.159,792
"17,14,19,15,22,20",12,"17,22",0.025,796
"24,17,25,28,26",9,,0.119,798
"21,20,23,19,24",56,20,0.028,803
"21,20,23,19,24",54,,0.01,807
"21,20,23,19,24",61,,0.136,807
"18,17,12,15",50,,0.097,808
"18,17,12,15",52,"12,17",0.071,808
"18,17,12,15",54,18,0.02,808
"16,20,9,12,11,15",17,20,0.187,808
"20,21,22",5,,0.106,809
"16,20,9,12,11,15",20,"16,20",0.056,809
"16,20,9,12,11,15",12,12,0.149,809
"16,20,9,12,11,15",20,"12,16",0.154,809
"16,20,9,12,11,15",2,"16,11",0.147,809
"20,21,22",9,20,0.147,810
"11,8,10,15,13,18",8,13,0.013,810
"11,8,10,15,13,18",18,18,0.098,811
"9,12,8,13,11",10,,0.07,812
"9,12,8,13,11",15,,0.016,812
"9,12,8,13,11",13,12,0.066,812
"9,12,8,13,11",14,,0.084,812
"13,14,16,10,12,9",3,"12,13",0.055,813
"13,14,16,10,12,9",12,,0.012,813
"13,14,16,10,12,9",4,14,0.2,814
"13,14,16,10,12,9",5,,0.156,814
"17,14,15,21,20",18,,0.125,815
"17,14,15,21,20",13,,0.048,815
"16,9",14,,0.101,825
17,18,17,0.027,825
"16,20,17,12,18,15",20,,0.184,826
"16,20,17,12,18,15",17,,0.038,828
"19,21,20,22,23,18",11,,0.012,828
"16,20,17,12,18,15",8,18,0.108,828
"21,20,19,22,23",19,,0.1,829
"22,20,19,23,21",5,"19,21",0.036,829
"22,20,19,23,21",6,19,0.103,829
"22,20,19,23,21",10,"21,22",0.048,829
"22,20,19,23,21",7,,0.183,829
"8,13,17,11",4,"17,11",0.062,830
"8,13,17,11",14,"13,11",0.044,830
"8,13,17,11",14,"17,11",0.14,830
"8,13,17,11",3,,0.138,830
12,4,12,0.047,831
12,19,12,0.084,831
"21,20,22,23,19",18,19,0.088,831
"21,20,22,23,19",7,23,0.097,831
"21,20,22,23,19",4,19,0.025,831
12,2,12,0.117,832
12,17,12,0.08,832
12,16,,0.094,833
"20,23,24,19,21",16,20,0.015,833
"20,23,24,19,21",1,"23,20",0.064,838
"20,23,24,19,21",5,"24,21",0.14,845
"20,23,24,19,21",15,24,0.128,845
"20,24,21,19",13,24,0.094,846
"16,24",1,16,0.011,846
"20,24,21,19",7,20,0.034,847
"20,24,21,19",12,"21,19",0.016,847
"20,24,21,19",13,"24,20",0.134,847
17,8,,0.062,847
17,2,,0.038,848
17,5,17,0.146,848
"10,15,8,14,12,16",18,,0.177,850
"10,15,8,14,12,16",19,"15,8",0.157,850
"10,15,8,14,12,16",2,,0.113,850
"9,17,18,12,16,13",6,13,0.124,851
"9,17,18,12,16,13",8,12,0.052,851
"9,17,18,12,16,13",14,"12,18",0.148,851
"9,17,18,12,16,13",4,,0.05,851
"9,17,18,12,16,13",9,,0.003,852
"15,12,13,18,10,9",18,12,0.082,852
"15,12,13,18,10,9",11,,0.192,852
"15,12,13,18,10,9",17,,0.082,853
"15,12,13,18,10,9",18,15,0.069,854
"16,15,17,13,14,21",18,15,0.008,855
"16,15,17,13,14,21",4,,0.126,856
"16,15,17,13,14,21",5,,0.156,860
"21,20,23,22",12,,0.117,865
"21,20,23,22",2,22,0.107,865
"16,9,11,12,13,18",20,,0.125,866
"16,9,11,12,13,18",16,"13,11",0.047,866
"16,9,11,12,13,18",6,11,0.071,867
"21,20,22,24,18",16,"18,22",0.188,867
"21,20,22,24,18",12,22,0.079,867
"21,20,22,24,18",18,,0.066,868
"21,20,22,24,18",16,,0.003,868
"21,20,22,24,18",11,18,0.179,869
"17,15,16,11,24,9",9,"11,9",0.143,869
"3,8,7,9,4,13",14,,0.003,870
"3,8,7,9,4,13",6,"3,4",0.066,870
"3,8,7,9,4,13",11,7,0.169,870
"3,8,7,9,4,13",13,,0.061,871
"3,8,7,9,4,13",11,"13,9",0.008,872
"10,4,11,14,13,12",3,"14,11",0.117,872
"10,4,11,14,13,12",7,,0.047,872
"3,8,7,5,6,10",12,,0.106,872
"3,8,7,5,6,10",19,"10,3",0.087,872
"3,8,7,5,6,10",8,,0.068,873
"10,8,16,6,11,17",17,"17,6",0.044,874
"10,8,16,6,11,17",7,"16,11",0.054,874
"7,3",4,,0.097,875
"7,3",1,7,0.199,875
"7,3",11,"3,7",0.016,884
"3,9,7,6,5,11",12,"3,5",0.076,885
"3,9,7,6,5,11",9,"7,5",0.18,887
"3,9,7,6,5,11",11,"6,3",0.021,887
"3,9,7,6,5,11",7,"7,6",0.178,887
"3,9,7,6,5,11",20,,0.175,887
"16,12,15,19",12,19,0.058,888
"16,12,15,19",17,,0.029,888
"9,8,7,6,10,3",20,7,0.037,888
"9,3,6,11,8,7",19,"6,11",0.161,888
"9,3,6,11,8,7",15,,0.143,888
"9,8,7,6,10,3",1,,0.161,889
"9,8,7,6,10,3",8,10,0.051,889
"9,8,7,6,10,3",10,"10,9",0.152,889
"9,8,7,6,10,3",17,,0.029,889
"12,11,10,15,14,16",14,"16,14",0.051,890
"12,11,10,15,14,16",18,"12,10",0.084,890
"12,11,10,15,14,16",12,"12,10",0.175,890
"7,3,6",15,,0.0,891
"12,11,10,15,14,16",7,15,0.179,891
"15,16,17",13,,0.109,892
"15,16,17",9,"15,16",0.08,892
"15,16,17",20,,0.117,892
"12,11,14,13",11,,0.137,893
"12,11,14,13",18,"11,12",0.142,894
"12,11,14,13",19,13,0.005,906
"8,9,12,7,6,4",12,7,0.128,906
"8,9,12,7,6,4",8,9,0.053,907
"8,9,12,7,6,4",3,,0.051,907
"8,9,12,7,6,4",15,"9,7",0.143,907
"15,11,13,18,16,14",14,"14,13",0.001,907
"15,11,13,18,16,14",13,"16,11",0.136,907
"3,11,9,8",2,,0.023,908
"3,11,9,8",8,"9,8",0.093,908
"18,14,15,16,17",17,"14,15",0.16,908
"18,14,15,16,17",1,17,0.122,908
"12,10,9,8,13,14",19,"8,10",0.139,908
"18,14,15,16,17",7,,0.056,908
"3,11,9,8",6,9,0.032,909
"3,11,9,8",1,"9,3",0.054,909
"4,13,7,14,6,8",4,,0.083,909
"4,13,7,14,6,8",5,6,0.197,911
"4,13,7,14,6,8",15,,0.107,911
"13,14,10,12,11,9",20,,0.111,911
"13,14,10,12,11,9",15,"12,11",0.1,911
"13,14,10,12,11,9",19,"12,13",0.154,912
"13,14,10,12,11,9",9,,0.115,912
"13,14,10,12,11,9",13,"12,11",0.088,914
"15,16,17,14",20,16,0.086,917
"15,16,17,14",14,17,0.136,917
"15,16,17,14",18,,0.002,927
"15,16,17,14",12,"17,15",0.047,927
"12,9,11,14,13,8",1,,0.167,928
"8,7,5,10,9,3",2,,0.007,928
"8,7,5,10,9,3",18,,0.145,928
"8,7,5,10,9,3",6,,0.098,928
"8,7,5,10,9,3",1,,0.02,928
"10,9,11,13,4,17",6,,0.032,928
"13,9,12,14,10,19",1,,0.133,929
"19,10,8",8,"8,10",0.036,929
"7,17,6,3,10,9",3,"10,9",0.167,929
"7,17,6,3,10,9",12,10,0.108,929
"19,10,8",5,19,0.096,929
"9,7,8,3,5,12",20,,0.048,930
"9,7,8,3,5,12",15,7,0.173,930
"9,7,8,3,5,12",19,8,0.061,931
"8,12,9,13,11,7",3,,0.073,931
"8,12,9,13,11,7",7,"7,11",0.036,931
"8,12,9,13,11,7",17,11,0.11,931
"8,12,9,13,11,7",18,9,0.075,932
"9,8,15",16,15,0.081,933
"9,8,15",16,"15,8",0.163,933
"9,8,15",1,"15,9",0.138,934
"9,8,15",19,8,0.157,935
"11,10,9,12,7,13",19,"10,12",0.122,939
"11,10,9,12,7,13",3,9,0.107,942
"11,10,9,12,7,13",8,,0.188,945
"15,16,14,17",16,17,0.188,945
"15,16,14,17",10,,0.115,945
"15,14,12,16,11,17",15,14,0.08,946
"4,7,8,9,6,3",15,7,0.034,946
"4,7,8,9,6,3",9,4,0.003,947
"4,7,8,9,6,3",5,4,0.016,947
"4,7,8,9,6,3",13,4,0.126,948
"4,7,8,9,6,3",19,9,0.057,949
"4,6,8,12,7,13",7,,0.024,949
"4,6,8,12,7,13",2,13,0.183,949
"4,6,8,12,7,13",11,6,0.152,949
"4,6,8,12,7,13",3,,0.09,950
"4,6,8,12,7,13",16,,0.003,950
"8,14,18,12",8,12,0.045,950
"8,14,18,12",8,"18,14",0.11,951
15,8,15,0.157,951
15,1,,0.163,952
15,20,15,0.195,952
"32,34,33,29",20,"32,33",0.19,954
"32,34,33,29",3,"33,29",0.05,955
"32,34,33,29",14,34,0.011,955
"30,32,31,33",6,,0.098,955
"30,32,31,33",10,32,0.152,955
"30,32,31,33",4,30,0.009,966
"25,22,27,26,24",10,,0.089,967
"30,32,31,33",3,,0.043,967
"25,22,27,26,24",20,"25,22",0.141,967
"25,22,27,26,24",4,25,0.006,967
"26,27,29,33,28,31",18,28,0.004,968
"26,27,29,33,28,31",4,,0.064,968
"25,22,27,26,24",14,24,0.013,968
"25,22,27,26,24",5,,0.097,968
"26,27,29,33,28,31",7,27,0.051,969
"33,32,34",13,34,0.174,969
"32,31,29,33,34",8,,0.134,969
"32,31,29,33,34",16,,0.118,970
"32,31,29,33,34",19,31,0.031,970
"32,31,29,33,34",2,"33,34",0.092,971
"31,33,32,34,30",15,,0.182,972
"32,31,35,33,30",14,,0.142,972
"31,33,32,34,30",8,31,0.08,972
"32,31,35,33,30",7,"31,33",0.024,972
"32,31,29,33,34",17,"34,29",0.16,972
"31,33,32,34,30",3,,0.16,973
"33,31,32",8,"31,32",0.12,973
"33,31,32",4,31,0.033,973
"33,31,32",15,,0.083,976
"29,30,27,31,25",9,25,0.065,977
"29,30,27,31,25",2,27,0.076,985
"29,30,27,31,25",6,,0.151,986
"29,30,27,31,25",9,27,0.151,986
"32,30,33,34",14,,0.038,987
"24,22,27,25,29,23",9,23,0.159,988
"24,22,27,25,29,23",20,,0.138,988
"32,30,33,34",13,,0.084,988
"24,22,27,25,29,23",18,,0.125,989
"24,22,27,25,29,23",15,,0.009,989
"24,22,27,25,29,23",7,,0.19,989
"26,25,24,22,23,27",14,"24,23",0.137,989
"26,25,24,22,23,27",2,"24,26",0.047,989
"26,25,24,22,23,27",16,,0.07,989
"26,25,24,22,23,27",1,,0.078,989
"29,26,30,25,23,32",20,30,0.064,990
"29,26,30,25,23,32",8,"25,29",0.032,990
"32,33,31",20,31,0.179,991
"26,22,23,27,25,28",7,,0.066,992
"32,34,33,31,35",1,,0.091,992
"26,22,23,27,25,28",9,"27,25",0.087,993
"26,22,23,27,25,28",10,28,0.025,993
"26,22,23,27,25,28",10,,0.152,995
"26,22,23,27,25,28",16,,0.03,997
"32,31,33,34",10,34,0.068,999
"32,31,33,34",4,34,0.135,999
"32,31,33,34",13,,0.004,1005
"29,30,31,28,26",7,,0.188,1005
"29,30,31,28,26",12,26,0.107,1005
"30,23,26,28,27,29",7,23,0.154,1006
"30,23,26,28,27,29",20,,0.197,1006
"30,23,26,28,27,29",20,,0.161,1007
"30,23,26,28,27,29",3,"23,27",0.195,1007
"29,31",3,29,0.179,1009
"29,31",15,"29,31",0.182,1009
"32,34,31,33,30,35",7,,0.058,1009
"32,34,31,33,30,35",3,"35,32",0.157,1009
"32,34,31,33,30,35",4,"31,30",0.192,1010
34,12,34,0.054,1010
34,19,34,0.153,1011
"28,25,27,30,31,34",6,"25,30",0.184,1012
"28,25,27,30,31,34",18,28,0.058,1012
"29,28,27,31,33",14,,0.13,1012
34,11,34,0.149,1012
"29,28,27,31,33",16,,0.004,1012
34,10,,0.159,1012
"29,28,27,31,33",17,27,0.19,1012
"28,25,27,30,31,34",1,,0.017,1013
"23,25,26,22,27",12,"26,25",0.136,1014
"23,25,26,22,27",17,22,0.107,1014
"23,25,26,22,27",8,,0.171,1016
32,4,,0.051,1023
32,9,,0.196,1025
32,10,32,0.131,1026
"25,24,27,22,33",19,,0.084,1026
"25,24,27,22,33",14,25,0.034,1027
"25,24,27,22,33",2,,0.089,1027
"25,24,27,22,33",13,25,0.098,1028
"25,24,27,22,33",16,,0.018,1028
"25,22,31,26,27",3,"22,25",0.045,1028
"25,22,31,26,27",10,"26,22",0.176,1028
32,20,32,0.053,1029
"22,24,21,23,26,20",11,"23,22",0.073,1029
"25,22,31,26,27",20,31,0.111,1029
32,18,32,0.146,1029
"22,24,21,23,26,20",8,"24,22",0.034,1030
"22,24,21,23,26,20",6,21,0.101,1030
"22,24,21,23,26,20",15,"21,23",0.06,1031
"22,24,21,23,26,20",15,,0.03,1031
"16,15,14,24",19,"15,16",0.08,1031
"16,15,14,24",4,24,0.042,1031
"10,5,17,29,3,9",16,,0.188,1032
"17,15,14,18,23,16",7,"18,16",0.056,1032
"20,22,23,24,26,25",15,"22,25",0.082,1033
"20,22,23,24,26,25",20,,0.089,1035
"20,22,23,24,26,25",10,23,0.123,1035
"20,22,23,24,26,25",9,"25,26",0.001,1044
"20,22,23,24,26,25",10,"23,22",0.105,1045
"26,11,10,12,6,3",11,,0.116,1046
"26,11,10,12,6,3",3,11,0.169,1046
"14,15,26,16,19,20",12,19,0.075,1047
"14,15,26,16,19,20",19,,0.074,1047
"14,15,26,16,19,20",11,"26,20",0.008,1048
"25,24,22,19,21,26",20,,0.193,1049
"19,22,13,16,23,17",5,,0.066,1049
"25,24,22,19,21,26",20,22,0.165,1049
"19,18,16,20,6,15",8,18,0.056,1049
"19,22,13,16,23,17",18,"17,22",0.105,1049
"10,15,17,4,3,23",6,"4,23",0.117,1051
"10,15,17,4,3,23",17,,0.013,1051
"10,15,17,4,3,23",9,,0.103,1051
"24,23,25,20,22,21",7,"22,21",0.017,1052
"24,23,25,20,22,21",2,,0.197,1052
"24,23,25,20,22,21",3,"20,23",0.062,1052
"24,25,23,22,26,21",5,23,0.042,1052
"12,5,9,3,16,6",19,6,0.057,1053
"12,5,9,3,16,6",18,6,0.194,1053
"12,5,9,3,16,6",13,12,0.117,1054
"8,6,10",5,"10,8",0.067,1054
"16,3,8,6,10,18",12,6,0.2,1054
"16,3,8,6,10,18",20,,0.147,1055
"16,3,8,6,10,18",14,,0.077,1066
"16,3,8,6,10,18",16,3,0.017,1066
"14,10",20,,0.166,1067
"14,10",7,10,0.039,1067
"21,22,25,23,24,26",8,23,0.135,1067
"21,22,25,23,24,26",19,"23,22",0.141,1068
"21,22,25,23,24,26",9,22,0.097,1068
"21,22,25,23,24,26",20,,0.172,1069
"17,15,6,14,16,7",14,,0.028,1069
"16,20,18,26,22,15",17,"22,20",0.143,1069
"16,20,18,26,22,15",14,"20,15",0.06,1070
"16,20,18,26,22,15",13,"26,15",0.055,1070
"16,20,18,26,22,15",19,,0.076,1070
"15,13,10,11,20,14",5,"11,14",0.065,1071
"18,14,16,17",2,,0.053,1071
"18,14,16,17",3,17,0.001,1071
"15,25,3,12,18,16",15,,0.189,1071
"15,25,3,12,18,16",6,3,0.129,1072
"15,25,3,12,18,16",11,,0.142,1073
"15,25,3,12,18,16",16,3,0.099,1073
"17,16,20,18,10,8",14,"18,20",0.1,1073
"17,16,20,18,10,8",2,,0.132,1075
"17,16,20,18,10,8",1,,0.11,1075
"17,16,20,18,10,8",13,17,0.171,1076
"17,16,20,18,10,8",19,,0.175,1077
"16,20,12,27,11,22",11,"16,11",0.064,1085
"18,14,16,20,17,15",19,15,0.168,1087
"18,14,16,20,17,15",9,17,0.061,1088
"9,7,10,8",1,,0.079,1088
"9,7,10,8",10,"10,7",0.058,1089
"9,7,10,8",14,,0.051,1089
7,18,7,0.085,1089
7,8,,0.181,1090
7,9,7,0.079,1090
"12,11,13,10,14",9,10,0.131,1091
"12,11,13,10,14",12,,0.133,1091
"12,11,13,10,14",7,"10,14",0.197,1091
7,17,,0.047,1091
"11,12,9,10,6,8",7,6,0.186,1091
"12,13,15,11",16,13,0.161,1091
"12,11,13,10,14",10,,0.155,1092
"13,11,12",3,"12,13",0.142,1093
"13,11,12",14,"11,12",0.014,1093
"13,11,12",4,13,0.082,1094
"10,9,12,11",5,11,0.174,1094
"10,9,12,11",13,11,0.044,1094
"10,9,12,11",6,"9,11",0.086,1094
"10,9,12,11",9,,0.048,1095
"10,9,12,11",20,,0.165,1095
"10,9,11,12,13",16,"11,10",0.067,1096
"10,9,11,12,13",6,,0.096,1104
"10,9,11,12,13",11,"10,12",0.178,1105
"10,9,11,12,13",8,,0.172,1105
"13,12,14",20,14,0.013,1106
"13,12,14",2,12,0.09,1106
"10,9",9,9,0.042,1106
"10,9",11,10,0.053,1107
"10,9",10,"9,10",0.178,1107
12,4,,0.11,1108
"10,9",3,"9,10",0.079,1108
"10,9",3,9,0.024,1108
"9,10",16,10,0.038,1109
"9,10",2,,0.191,1109
"9,10",20,10,0.186,1110
"9,10",1,"9,10",0.084,1111
"9,12,11,8,7,10",15,"11,12",0.112,1111
"9,12,11,8,7,10",4,,0.151,1112
"9,12,11,8,7,10",2,12,0.106,1112
"12,13,11",7,,0.184,1112
"12,13,11",14,"12,13",0.146,1113
"12,13,11",3,"13,11",0.197,1113
"12,13,11",12,"11,12",0.194,1113
"7,9,10,3,4,6",10,"6,4",0.114,1114
"7,9,10,3,4,6",3,"4,6",0.033,1115
"10,9,8,13,12",17,"10,12",0.071,1116
"10,9,8,13,12",2,12,0.198,1124
"10,9,8,13,12",8,12,0.18,1124
"10,9,8,13,12",12,,0.197,1124
"12,13,14,10",9,,0.08,1125
"12,13,14,10",6,,0.115,1126
"12,13,14,10",4,14,0.074,1127
"12,13,14,10",17,,0.006,1127
"12,13,14,10",11,,0.124,1128
13,3,13,0.118,1128
13,18,13,0.022,1128
13,1,,0.118,1128
13,11,13,0.11,1129
"7,5,9",17,,0.121,1129
"7,5,9",9,7,0.056,1130
"7,5,9",10,"9,7",0.105,1130
"7,5,9",8,,0.006,1130
"7,5,9",14,5,0.069,1131
"6,8,7,3,5,11",19,6,0.077,1132
"6,8",5,"8,6",0.047,1132
"6,8,7,3,5,11",9,,0.063,1132
"13,14,12,11",16,"11,13",0.088,1133
"13,14,12,11",10,"12,13",0.117,1133
"13,14,12,11",11,"14,11",0.121,1133
"13,14,12,11",20,,0.061,1134
"13,14,12,11",8,11,0.101,1135
"20,23,19,16,22,21",17,"16,22",0.117,1145
"20,23,19,16,22,21",4,22,0.136,1145
"20,23,19,16,22,21",13,,0.155,1145
"20,19,18,23,21,22",20,"18,23",0.054,1146
"20,19,18,23,21,22",9,"21,22",0.11,1146
"14,15,7,12,16,19",10,,0.168,1146
"20,19,18,23,21,22",11,,0.097,1148
"20,19,18,23,21,22",14,,0.19,1148
"12,9,8,13,11,6",16,,0.179,1149
"12,9,8,13,11,6",4,,0.123,1150
"12,9,8,13,11,6",1,,0.164,1151
"12,9,8,13,11,6",20,"11,13",0.019,1151
"21,22,20,23,12,18",20,"18,12",0.034,1152
"10,14,9,18,25",1,,0.012,1152
"12,9,8,13,11,6",17,"13,9",0.094,1152
"21,22,20,23,12,18",19,"21,12",0.106,1152
"25,19,23",12,,0.193,1153
"25,19,23",17,25,0.006,1153
"25,19,23",18,"23,25",0.069,1154
"25,19,23",9,"23,25",0.196,1155
"25,19,23",18,,0.032,1155
"20,22",10,"22,20",0.2,1156
"20,22",14,,0.157,1156
"20,22",1,,0.189,1156
"18,20,22,23,19,21",19,20,0.088,1156
"18,20,22,23,19,21",4,19,0.19,1165
"20,17,22,24,16,21",11,"20,24",0.016,1165
"19,22,21,20,14",15,,0.105,1166
"19,22,21,20,14",5,,0.155,1167
"24,23,21,22,19,20",3,19,0.156,1167
"24,23,21,22,19,20",20,,0.02,1167
"8,12,9",13,"8,9",0.034,1168
"16,13,14,18,12",11,13,0.135,1168
"16,13,14,18,12",16,16,0.16,1168
"16,13,14,18,12",6,,0.107,1169
"16,13,14,18,12",14,,0.134,1169
"9,11,14,8,4,13",1,,0.056,1169
"9,11,14,8,4,13",15,,0.029,1169
"17,20,18,21,19,25",14,,0.135,1169
"11,8,6,10,18,9",20,,0.089,1170
"17,20,18,21,19,25",8,"19,18",0.093,1170
"17,20,18,21,19,25",11,,0.081,1170
"17,20,18,21,19,25",18,18,0.148,1170
"11,8,6,10,18,9",3,,0.127,1171
"11,8,6,10,18,9",5,,0.045,1171
"11,8,6,10,18,9",10,10,0.12,1171
13,9,,0.097,1172
13,10,13,0.107,1173
13,4,13,0.184,1174
13,13,13,0.092,1176
"19,18,21,20,22,14",18,"18,14",0.053,1185
"19,18,21,20,22,14",3,19,0.061,1185
"19,18,21,20,22,14",9,,0.196,1185
"19,18,21,20,22,14",2,,0.043,1185
"19,20,21,18,22",2,21,0.038,1186
"19,20,21,18,22",15,,0.194,1186
"19,20,21,18,22",3,,0.09,1187
"19,20,21,22,23",3,22,0.042,1188
"19,20,21,22,23",20,"19,20",0.117,1188
"19,20,21,22,23",13,"22,21",0.155,1188
"13,4,12,6,7,17",5,"6,17",0.063,1189
"19,20,21,22,23",8,21,0.177,1189
"8,9,3,12,6,7",12,"9,7",0.087,1190
"8,9,3,12,6,7",18,,0.019,1190
"8,9,3,12,6,7",10,7,0.066,1191
11,7,11,0.118,1192
11,17,11,0.009,1192
"12,14,10,18,13,15",9,"18,10",0.012,1194
"12,14,10,18,13,15",4,"10,18",0.143,1194
14,8,14,0.174,1194
"15,17,12,14,13,16",13,"16,12",0.186,1196
"15,17,12,14,13,16",2,12,0.162,1196
"14,18,9,13,8,16",18,9,0.111,1196
"14,18,9,13,8,16",19,"18,13",0.094,1197
"14,18,9,13,8,16",6,14,0.16,1199
